ISO-10303-21;
HEADER;
FILE_DESCRIPTION((''),'2;1');
FILE_NAME('C-2495698-1','2025-01-06T04:29:52',('workeradm'),(
'TE Connectivity Ltd.'),'CREO PARAMETRIC BY PTC INC, 2021072',
'CREO PARAMETRIC BY PTC INC, 2021072','');
FILE_SCHEMA(('AUTOMOTIVE_DESIGN { 1 0 10303 214 1 1 1 1 }'));
ENDSEC;
DATA;
#134=DIRECTION('',(-1.E0,0.E0,0.E0));
#135=VECTOR('',#134,2.E-1);
#136=CARTESIAN_POINT('',(4.4E0,-1.E-1,-1.25E1));
#137=LINE('',#136,#135);
#138=CARTESIAN_POINT('',(3.8E0,8.5E-1,-1.25E1));
#139=DIRECTION('',(0.E0,0.E0,-1.E0));
#140=DIRECTION('',(0.E0,1.E0,0.E0));
#141=AXIS2_PLACEMENT_3D('',#138,#139,#140);
#143=DIRECTION('',(-1.E0,0.E0,0.E0));
#144=VECTOR('',#143,7.6E0);
#145=CARTESIAN_POINT('',(3.8E0,1.25E0,-1.25E1));
#146=LINE('',#145,#144);
#147=CARTESIAN_POINT('',(-3.8E0,8.5E-1,-1.25E1));
#148=DIRECTION('',(0.E0,0.E0,-1.E0));
#149=DIRECTION('',(-1.E0,0.E0,0.E0));
#150=AXIS2_PLACEMENT_3D('',#147,#148,#149);
#152=DIRECTION('',(-1.E0,0.E0,0.E0));
#153=VECTOR('',#152,2.E-1);
#154=CARTESIAN_POINT('',(-4.2E0,-1.E-1,-1.25E1));
#155=LINE('',#154,#153);
#156=DIRECTION('',(0.E0,1.E0,0.E0));
#157=VECTOR('',#156,9.5E-1);
#158=CARTESIAN_POINT('',(-4.4E0,-1.05E0,-1.25E1));
#159=LINE('',#158,#157);
#160=CARTESIAN_POINT('',(-4.E0,-1.05E0,-1.25E1));
#161=DIRECTION('',(0.E0,0.E0,-1.E0));
#162=DIRECTION('',(0.E0,-1.E0,0.E0));
#163=AXIS2_PLACEMENT_3D('',#160,#161,#162);
#165=DIRECTION('',(-1.E0,0.E0,0.E0));
#166=VECTOR('',#165,8.E0);
#167=CARTESIAN_POINT('',(4.E0,-1.45E0,-1.25E1));
#168=LINE('',#167,#166);
#169=CARTESIAN_POINT('',(4.E0,-1.05E0,-1.25E1));
#170=DIRECTION('',(0.E0,0.E0,-1.E0));
#171=DIRECTION('',(1.E0,0.E0,0.E0));
#172=AXIS2_PLACEMENT_3D('',#169,#170,#171);
#174=DIRECTION('',(0.E0,-1.E0,0.E0));
#175=VECTOR('',#174,9.5E-1);
#176=CARTESIAN_POINT('',(4.4E0,-1.E-1,-1.25E1));
#177=LINE('',#176,#175);
#178=DIRECTION('',(-1.E0,0.E0,0.E0));
#179=VECTOR('',#178,7.5E-1);
#180=CARTESIAN_POINT('',(4.15E0,-1.E-1,-1.25E1));
#181=LINE('',#180,#179);
#182=DIRECTION('',(0.E0,-1.E0,0.E0));
#183=VECTOR('',#182,2.E-1);
#184=CARTESIAN_POINT('',(3.4E0,1.E-1,-1.25E1));
#185=LINE('',#184,#183);
#186=DIRECTION('',(1.E0,0.E0,0.E0));
#187=VECTOR('',#186,6.8E0);
#188=CARTESIAN_POINT('',(-3.4E0,1.E-1,-1.25E1));
#189=LINE('',#188,#187);
#190=DIRECTION('',(0.E0,1.E0,0.E0));
#191=VECTOR('',#190,2.E-1);
#192=CARTESIAN_POINT('',(-3.4E0,-1.E-1,-1.25E1));
#193=LINE('',#192,#191);
#194=DIRECTION('',(-1.E0,0.E0,0.E0));
#195=VECTOR('',#194,7.5E-1);
#196=CARTESIAN_POINT('',(-3.4E0,-1.E-1,-1.25E1));
#197=LINE('',#196,#195);
#198=DIRECTION('',(0.E0,1.E0,0.E0));
#199=VECTOR('',#198,8.E-1);
#200=CARTESIAN_POINT('',(-4.15E0,-1.E-1,-1.25E1));
#201=LINE('',#200,#199);
#202=CARTESIAN_POINT('',(-3.65E0,7.E-1,-1.25E1));
#203=DIRECTION('',(0.E0,0.E0,-1.E0));
#204=DIRECTION('',(-1.E0,0.E0,0.E0));
#205=AXIS2_PLACEMENT_3D('',#202,#203,#204);
#207=DIRECTION('',(1.E0,0.E0,0.E0));
#208=VECTOR('',#207,7.3E0);
#209=CARTESIAN_POINT('',(-3.65E0,1.2E0,-1.25E1));
#210=LINE('',#209,#208);
#211=CARTESIAN_POINT('',(3.65E0,7.E-1,-1.25E1));
#212=DIRECTION('',(0.E0,0.E0,-1.E0));
#213=DIRECTION('',(0.E0,1.E0,0.E0));
#214=AXIS2_PLACEMENT_3D('',#211,#212,#213);
#216=DIRECTION('',(0.E0,-1.E0,0.E0));
#217=VECTOR('',#216,8.E-1);
#218=CARTESIAN_POINT('',(4.15E0,7.E-1,-1.25E1));
#219=LINE('',#218,#217);
#220=DIRECTION('',(0.E0,-1.E0,0.E0));
#221=VECTOR('',#220,1.5E-1);
#222=CARTESIAN_POINT('',(2.725E0,0.E0,-1.25E1));
#223=LINE('',#222,#221);
#224=DIRECTION('',(-1.E0,0.E0,0.E0));
#225=VECTOR('',#224,2.E-1);
#226=CARTESIAN_POINT('',(2.725E0,-1.5E-1,-1.25E1));
#227=LINE('',#226,#225);
#228=DIRECTION('',(0.E0,1.E0,0.E0));
#229=VECTOR('',#228,1.5E-1);
#230=CARTESIAN_POINT('',(2.525E0,-1.5E-1,-1.25E1));
#231=LINE('',#230,#229);
#232=DIRECTION('',(1.E0,0.E0,0.E0));
#233=VECTOR('',#232,2.E-1);
#234=CARTESIAN_POINT('',(2.525E0,0.E0,-1.25E1));
#235=LINE('',#234,#233);
#236=DIRECTION('',(0.E0,-1.E0,0.E0));
#237=VECTOR('',#236,1.5E-1);
#238=CARTESIAN_POINT('',(2.225E0,0.E0,-1.25E1));
#239=LINE('',#238,#237);
#240=DIRECTION('',(-1.E0,0.E0,0.E0));
#241=VECTOR('',#240,2.E-1);
#242=CARTESIAN_POINT('',(2.225E0,-1.5E-1,-1.25E1));
#243=LINE('',#242,#241);
#244=DIRECTION('',(0.E0,1.E0,0.E0));
#245=VECTOR('',#244,1.5E-1);
#246=CARTESIAN_POINT('',(2.025E0,-1.5E-1,-1.25E1));
#247=LINE('',#246,#245);
#248=DIRECTION('',(1.E0,0.E0,0.E0));
#249=VECTOR('',#248,2.E-1);
#250=CARTESIAN_POINT('',(2.025E0,0.E0,-1.25E1));
#251=LINE('',#250,#249);
#252=DIRECTION('',(0.E0,-1.E0,0.E0));
#253=VECTOR('',#252,1.5E-1);
#254=CARTESIAN_POINT('',(1.725E0,0.E0,-1.25E1));
#255=LINE('',#254,#253);
#256=DIRECTION('',(-1.E0,0.E0,0.E0));
#257=VECTOR('',#256,2.E-1);
#258=CARTESIAN_POINT('',(1.725E0,-1.5E-1,-1.25E1));
#259=LINE('',#258,#257);
#260=DIRECTION('',(0.E0,1.E0,0.E0));
#261=VECTOR('',#260,1.5E-1);
#262=CARTESIAN_POINT('',(1.525E0,-1.5E-1,-1.25E1));
#263=LINE('',#262,#261);
#264=DIRECTION('',(1.E0,0.E0,0.E0));
#265=VECTOR('',#264,2.E-1);
#266=CARTESIAN_POINT('',(1.525E0,0.E0,-1.25E1));
#267=LINE('',#266,#265);
#268=DIRECTION('',(0.E0,-1.E0,0.E0));
#269=VECTOR('',#268,1.5E-1);
#270=CARTESIAN_POINT('',(1.225E0,0.E0,-1.25E1));
#271=LINE('',#270,#269);
#272=DIRECTION('',(-1.E0,0.E0,0.E0));
#273=VECTOR('',#272,2.E-1);
#274=CARTESIAN_POINT('',(1.225E0,-1.5E-1,-1.25E1));
#275=LINE('',#274,#273);
#276=DIRECTION('',(0.E0,1.E0,0.E0));
#277=VECTOR('',#276,1.5E-1);
#278=CARTESIAN_POINT('',(1.025E0,-1.5E-1,-1.25E1));
#279=LINE('',#278,#277);
#280=DIRECTION('',(1.E0,0.E0,0.E0));
#281=VECTOR('',#280,2.E-1);
#282=CARTESIAN_POINT('',(1.025E0,0.E0,-1.25E1));
#283=LINE('',#282,#281);
#284=DIRECTION('',(0.E0,-1.E0,0.E0));
#285=VECTOR('',#284,1.5E-1);
#286=CARTESIAN_POINT('',(7.25E-1,0.E0,-1.25E1));
#287=LINE('',#286,#285);
#288=DIRECTION('',(-1.E0,0.E0,0.E0));
#289=VECTOR('',#288,2.E-1);
#290=CARTESIAN_POINT('',(7.25E-1,-1.5E-1,-1.25E1));
#291=LINE('',#290,#289);
#292=DIRECTION('',(0.E0,1.E0,0.E0));
#293=VECTOR('',#292,1.5E-1);
#294=CARTESIAN_POINT('',(5.25E-1,-1.5E-1,-1.25E1));
#295=LINE('',#294,#293);
#296=DIRECTION('',(1.E0,0.E0,0.E0));
#297=VECTOR('',#296,2.E-1);
#298=CARTESIAN_POINT('',(5.25E-1,0.E0,-1.25E1));
#299=LINE('',#298,#297);
#300=DIRECTION('',(0.E0,-1.E0,0.E0));
#301=VECTOR('',#300,1.5E-1);
#302=CARTESIAN_POINT('',(2.25E-1,0.E0,-1.25E1));
#303=LINE('',#302,#301);
#304=DIRECTION('',(-1.E0,0.E0,0.E0));
#305=VECTOR('',#304,2.E-1);
#306=CARTESIAN_POINT('',(2.25E-1,-1.5E-1,-1.25E1));
#307=LINE('',#306,#305);
#308=DIRECTION('',(0.E0,1.E0,0.E0));
#309=VECTOR('',#308,1.5E-1);
#310=CARTESIAN_POINT('',(2.5E-2,-1.5E-1,-1.25E1));
#311=LINE('',#310,#309);
#312=DIRECTION('',(1.E0,0.E0,0.E0));
#313=VECTOR('',#312,2.E-1);
#314=CARTESIAN_POINT('',(2.5E-2,0.E0,-1.25E1));
#315=LINE('',#314,#313);
#316=DIRECTION('',(0.E0,-1.E0,0.E0));
#317=VECTOR('',#316,1.5E-1);
#318=CARTESIAN_POINT('',(-2.75E-1,0.E0,-1.25E1));
#319=LINE('',#318,#317);
#320=DIRECTION('',(-1.E0,0.E0,0.E0));
#321=VECTOR('',#320,2.E-1);
#322=CARTESIAN_POINT('',(-2.75E-1,-1.5E-1,-1.25E1));
#323=LINE('',#322,#321);
#324=DIRECTION('',(0.E0,1.E0,0.E0));
#325=VECTOR('',#324,1.5E-1);
#326=CARTESIAN_POINT('',(-4.75E-1,-1.5E-1,-1.25E1));
#327=LINE('',#326,#325);
#328=DIRECTION('',(1.E0,0.E0,0.E0));
#329=VECTOR('',#328,2.E-1);
#330=CARTESIAN_POINT('',(-4.75E-1,0.E0,-1.25E1));
#331=LINE('',#330,#329);
#332=DIRECTION('',(0.E0,-1.E0,0.E0));
#333=VECTOR('',#332,1.5E-1);
#334=CARTESIAN_POINT('',(-7.75E-1,0.E0,-1.25E1));
#335=LINE('',#334,#333);
#336=DIRECTION('',(-1.E0,0.E0,0.E0));
#337=VECTOR('',#336,2.E-1);
#338=CARTESIAN_POINT('',(-7.75E-1,-1.5E-1,-1.25E1));
#339=LINE('',#338,#337);
#340=DIRECTION('',(0.E0,1.E0,0.E0));
#341=VECTOR('',#340,1.5E-1);
#342=CARTESIAN_POINT('',(-9.75E-1,-1.5E-1,-1.25E1));
#343=LINE('',#342,#341);
#344=DIRECTION('',(1.E0,0.E0,0.E0));
#345=VECTOR('',#344,2.E-1);
#346=CARTESIAN_POINT('',(-9.75E-1,0.E0,-1.25E1));
#347=LINE('',#346,#345);
#348=DIRECTION('',(0.E0,-1.E0,0.E0));
#349=VECTOR('',#348,1.5E-1);
#350=CARTESIAN_POINT('',(-1.275E0,0.E0,-1.25E1));
#351=LINE('',#350,#349);
#352=DIRECTION('',(-1.E0,0.E0,0.E0));
#353=VECTOR('',#352,2.E-1);
#354=CARTESIAN_POINT('',(-1.275E0,-1.5E-1,-1.25E1));
#355=LINE('',#354,#353);
#356=DIRECTION('',(0.E0,1.E0,0.E0));
#357=VECTOR('',#356,1.5E-1);
#358=CARTESIAN_POINT('',(-1.475E0,-1.5E-1,-1.25E1));
#359=LINE('',#358,#357);
#360=DIRECTION('',(1.E0,0.E0,0.E0));
#361=VECTOR('',#360,2.E-1);
#362=CARTESIAN_POINT('',(-1.475E0,0.E0,-1.25E1));
#363=LINE('',#362,#361);
#364=DIRECTION('',(0.E0,-1.E0,0.E0));
#365=VECTOR('',#364,1.5E-1);
#366=CARTESIAN_POINT('',(-1.775E0,0.E0,-1.25E1));
#367=LINE('',#366,#365);
#368=DIRECTION('',(-1.E0,0.E0,0.E0));
#369=VECTOR('',#368,2.E-1);
#370=CARTESIAN_POINT('',(-1.775E0,-1.5E-1,-1.25E1));
#371=LINE('',#370,#369);
#372=DIRECTION('',(0.E0,1.E0,0.E0));
#373=VECTOR('',#372,1.5E-1);
#374=CARTESIAN_POINT('',(-1.975E0,-1.5E-1,-1.25E1));
#375=LINE('',#374,#373);
#376=DIRECTION('',(1.E0,0.E0,0.E0));
#377=VECTOR('',#376,2.E-1);
#378=CARTESIAN_POINT('',(-1.975E0,0.E0,-1.25E1));
#379=LINE('',#378,#377);
#380=DIRECTION('',(0.E0,-1.E0,0.E0));
#381=VECTOR('',#380,1.5E-1);
#382=CARTESIAN_POINT('',(-2.275E0,0.E0,-1.25E1));
#383=LINE('',#382,#381);
#384=DIRECTION('',(-1.E0,0.E0,0.E0));
#385=VECTOR('',#384,2.E-1);
#386=CARTESIAN_POINT('',(-2.275E0,-1.5E-1,-1.25E1));
#387=LINE('',#386,#385);
#388=DIRECTION('',(0.E0,1.E0,0.E0));
#389=VECTOR('',#388,1.5E-1);
#390=CARTESIAN_POINT('',(-2.475E0,-1.5E-1,-1.25E1));
#391=LINE('',#390,#389);
#392=DIRECTION('',(1.E0,0.E0,0.E0));
#393=VECTOR('',#392,2.E-1);
#394=CARTESIAN_POINT('',(-2.475E0,0.E0,-1.25E1));
#395=LINE('',#394,#393);
#396=DIRECTION('',(0.E0,-1.E0,0.E0));
#397=VECTOR('',#396,1.5E-1);
#398=CARTESIAN_POINT('',(-2.775E0,0.E0,-1.25E1));
#399=LINE('',#398,#397);
#400=DIRECTION('',(-1.E0,0.E0,0.E0));
#401=VECTOR('',#400,2.E-1);
#402=CARTESIAN_POINT('',(-2.775E0,-1.5E-1,-1.25E1));
#403=LINE('',#402,#401);
#404=DIRECTION('',(0.E0,1.E0,0.E0));
#405=VECTOR('',#404,1.5E-1);
#406=CARTESIAN_POINT('',(-2.975E0,-1.5E-1,-1.25E1));
#407=LINE('',#406,#405);
#408=DIRECTION('',(1.E0,0.E0,0.E0));
#409=VECTOR('',#408,2.E-1);
#410=CARTESIAN_POINT('',(-2.975E0,0.E0,-1.25E1));
#411=LINE('',#410,#409);
#412=CARTESIAN_POINT('',(4.4E0,-1.E-1,-1.265E1));
#413=DIRECTION('',(-1.E0,0.E0,0.E0));
#414=DIRECTION('',(0.E0,0.E0,1.E0));
#415=AXIS2_PLACEMENT_3D('',#412,#413,#414);
#417=CARTESIAN_POINT('',(4.2E0,-1.E-1,-1.265E1));
#418=DIRECTION('',(1.E0,0.E0,0.E0));
#419=DIRECTION('',(0.E0,1.E0,1.184237892934E-14));
#420=AXIS2_PLACEMENT_3D('',#417,#418,#419);
#422=CARTESIAN_POINT('',(4.4E0,2.E-1,-1.375E1));
#423=DIRECTION('',(1.E0,0.E0,0.E0));
#424=DIRECTION('',(0.E0,-1.E0,0.E0));
#425=AXIS2_PLACEMENT_3D('',#422,#423,#424);
#427=DIRECTION('',(0.E0,0.E0,-1.E0));
#428=VECTOR('',#427,4.4E0);
#429=CARTESIAN_POINT('',(4.4E0,8.5E-1,-9.5E0));
#430=LINE('',#429,#428);
#431=CARTESIAN_POINT('',(4.2E0,2.E-1,-1.375E1));
#432=DIRECTION('',(-1.E0,0.E0,0.E0));
#433=DIRECTION('',(0.E0,0.E0,-1.E0));
#434=AXIS2_PLACEMENT_3D('',#431,#432,#433);
#436=DIRECTION('',(0.E0,-1.E0,0.E0));
#437=VECTOR('',#436,9.5E-1);
#438=CARTESIAN_POINT('',(4.2E0,8.5E-1,-1.25E1));
#439=LINE('',#438,#437);
#440=DIRECTION('',(0.E0,0.E0,-1.E0));
#441=VECTOR('',#440,1.1E0);
#442=CARTESIAN_POINT('',(4.2E0,5.E-2,-1.265E1));
#443=LINE('',#442,#441);
#444=DIRECTION('',(0.E0,-1.E0,0.E0));
#445=VECTOR('',#444,2.E-1);
#446=CARTESIAN_POINT('',(3.6E0,1.45E0,-1.39E1));
#447=LINE('',#446,#445);
#448=DIRECTION('',(1.E0,0.E0,0.E0));
#449=VECTOR('',#448,2.E-1);
#450=CARTESIAN_POINT('',(3.6E0,1.25E0,-1.39E1));
#451=LINE('',#450,#449);
#452=CARTESIAN_POINT('',(3.8E0,8.5E-1,-1.39E1));
#453=DIRECTION('',(0.E0,0.E0,1.E0));
#454=DIRECTION('',(1.E0,0.E0,0.E0));
#455=AXIS2_PLACEMENT_3D('',#452,#453,#454);
#457=DIRECTION('',(0.E0,1.E0,0.E0));
#458=VECTOR('',#457,6.5E-1);
#459=CARTESIAN_POINT('',(4.2E0,2.E-1,-1.39E1));
#460=LINE('',#459,#458);
#461=DIRECTION('',(-1.E0,0.E0,0.E0));
#462=VECTOR('',#461,2.E-1);
#463=CARTESIAN_POINT('',(4.4E0,2.E-1,-1.39E1));
#464=LINE('',#463,#462);
#465=DIRECTION('',(0.E0,-1.E0,0.E0));
#466=VECTOR('',#465,6.5E-1);
#467=CARTESIAN_POINT('',(4.4E0,8.5E-1,-1.39E1));
#468=LINE('',#467,#466);
#469=CARTESIAN_POINT('',(3.8E0,8.5E-1,-1.39E1));
#470=DIRECTION('',(0.E0,0.E0,-1.E0));
#471=DIRECTION('',(0.E0,1.E0,0.E0));
#472=AXIS2_PLACEMENT_3D('',#469,#470,#471);
#474=DIRECTION('',(1.E0,0.E0,0.E0));
#475=VECTOR('',#474,2.E-1);
#476=CARTESIAN_POINT('',(3.6E0,1.45E0,-1.39E1));
#477=LINE('',#476,#475);
#478=DIRECTION('',(0.E0,-1.E0,0.E0));
#479=VECTOR('',#478,2.E-1);
#480=CARTESIAN_POINT('',(-3.6E0,1.45E0,-1.39E1));
#481=LINE('',#480,#479);
#482=DIRECTION('',(1.E0,0.E0,0.E0));
#483=VECTOR('',#482,2.E-1);
#484=CARTESIAN_POINT('',(-3.8E0,1.45E0,-1.39E1));
#485=LINE('',#484,#483);
#486=CARTESIAN_POINT('',(-3.8E0,8.5E-1,-1.39E1));
#487=DIRECTION('',(0.E0,0.E0,-1.E0));
#488=DIRECTION('',(-1.E0,0.E0,0.E0));
#489=AXIS2_PLACEMENT_3D('',#486,#487,#488);
#491=DIRECTION('',(0.E0,1.E0,0.E0));
#492=VECTOR('',#491,6.5E-1);
#493=CARTESIAN_POINT('',(-4.4E0,2.E-1,-1.39E1));
#494=LINE('',#493,#492);
#495=DIRECTION('',(-1.E0,0.E0,0.E0));
#496=VECTOR('',#495,2.E-1);
#497=CARTESIAN_POINT('',(-4.2E0,2.E-1,-1.39E1));
#498=LINE('',#497,#496);
#499=DIRECTION('',(0.E0,-1.E0,0.E0));
#500=VECTOR('',#499,6.5E-1);
#501=CARTESIAN_POINT('',(-4.2E0,8.5E-1,-1.39E1));
#502=LINE('',#501,#500);
#503=CARTESIAN_POINT('',(-3.8E0,8.5E-1,-1.39E1));
#504=DIRECTION('',(0.E0,0.E0,1.E0));
#505=DIRECTION('',(0.E0,1.E0,0.E0));
#506=AXIS2_PLACEMENT_3D('',#503,#504,#505);
#508=DIRECTION('',(1.E0,0.E0,0.E0));
#509=VECTOR('',#508,2.E-1);
#510=CARTESIAN_POINT('',(-3.8E0,1.25E0,-1.39E1));
#511=LINE('',#510,#509);
#512=CARTESIAN_POINT('',(3.6E0,1.45E0,-1.41E1));
#513=DIRECTION('',(0.E0,-1.E0,0.E0));
#514=DIRECTION('',(0.E0,0.E0,1.E0));
#515=AXIS2_PLACEMENT_3D('',#512,#513,#514);
#517=CARTESIAN_POINT('',(3.6E0,1.25E0,-1.41E1));
#518=DIRECTION('',(0.E0,1.E0,0.E0));
#519=DIRECTION('',(-1.E0,0.E0,0.E0));
#520=AXIS2_PLACEMENT_3D('',#517,#518,#519);
#522=DIRECTION('',(0.E0,0.E0,-1.E0));
#523=VECTOR('',#522,2.E-1);
#524=CARTESIAN_POINT('',(-3.4E0,1.45E0,-1.41E1));
#525=LINE('',#524,#523);
#526=DIRECTION('',(0.E0,0.E0,1.E0));
#527=VECTOR('',#526,2.E-1);
#528=CARTESIAN_POINT('',(3.4E0,1.45E0,-1.43E1));
#529=LINE('',#528,#527);
#530=DIRECTION('',(0.E0,0.E0,1.E0));
#531=VECTOR('',#530,4.4E0);
#532=CARTESIAN_POINT('',(3.8E0,1.45E0,-1.39E1));
#533=LINE('',#532,#531);
#534=DIRECTION('',(0.E0,0.E0,-1.E0));
#535=VECTOR('',#534,1.5E0);
#536=CARTESIAN_POINT('',(3.E0,1.45E0,-8.E0));
#537=LINE('',#536,#535);
#538=DIRECTION('',(0.E0,0.E0,-1.E0));
#539=VECTOR('',#538,4.4E0);
#540=CARTESIAN_POINT('',(-3.8E0,1.45E0,-9.5E0));
#541=LINE('',#540,#539);
#542=CARTESIAN_POINT('',(-3.6E0,1.45E0,-1.41E1));
#543=DIRECTION('',(0.E0,-1.E0,0.E0));
#544=DIRECTION('',(1.E0,0.E0,0.E0));
#545=AXIS2_PLACEMENT_3D('',#542,#543,#544);
#547=CARTESIAN_POINT('',(-3.6E0,1.25E0,-1.41E1));
#548=DIRECTION('',(0.E0,1.E0,0.E0));
#549=DIRECTION('',(0.E0,0.E0,1.E0));
#550=AXIS2_PLACEMENT_3D('',#547,#548,#549);
#552=DIRECTION('',(0.E0,-1.E0,0.E0));
#553=VECTOR('',#552,2.E-1);
#554=CARTESIAN_POINT('',(-3.4E0,1.45E0,-1.43E1));
#555=LINE('',#554,#553);
#556=DIRECTION('',(0.E0,-1.E0,0.E0));
#557=VECTOR('',#556,2.E-1);
#558=CARTESIAN_POINT('',(-3.4E0,1.45E0,-1.41E1));
#559=LINE('',#558,#557);
#560=CARTESIAN_POINT('',(-3.6E0,1.396410161514E0,-1.45E1));
#561=CARTESIAN_POINT('',(-3.587394939146E0,1.403687696791E0,-1.45E1));
#562=CARTESIAN_POINT('',(-3.562142557588E0,1.416407717101E0,-1.449758169560E1));
#563=CARTESIAN_POINT('',(-3.526176706302E0,1.430173273279E0,-1.448713729244E1));
#564=CARTESIAN_POINT('',(-3.492167934348E0,1.439715544318E0,-1.446990420281E1));
#565=CARTESIAN_POINT('',(-3.461521995665E0,1.445584847102E0,-1.444603461500E1));
#566=CARTESIAN_POINT('',(-3.435726116081E0,1.448627972880E0,-1.441641372230E1));
#567=CARTESIAN_POINT('',(-3.415340066547E0,1.449820137299E0,-1.438051157751E1));
#568=CARTESIAN_POINT('',(-3.402742555513E0,1.450014367257E0,-1.434073057052E1));
#569=CARTESIAN_POINT('',(-3.4E0,1.45E0,-1.431353800215E1));
#570=CARTESIAN_POINT('',(-3.4E0,1.45E0,-1.43E1));
#572=CARTESIAN_POINT('',(-3.4E0,1.25E0,-1.43E1));
#573=CARTESIAN_POINT('',(-3.4E0,1.25E0,-1.431600507824E1));
#574=CARTESIAN_POINT('',(-3.403807774543E0,1.250056005822E0,-1.434762033808E1));
#575=CARTESIAN_POINT('',(-3.420470613675E0,1.249327929801E0,-1.439211526936E1));
#576=CARTESIAN_POINT('',(-3.445225313913E0,1.245469699168E0,-1.442894924797E1));
#577=CARTESIAN_POINT('',(-3.473760467618E0,1.236826747861E0,-1.445669208470E1));
#578=CARTESIAN_POINT('',(-3.504851429142E0,1.221615260136E0,-1.447710291707E1));
#579=CARTESIAN_POINT('',(-3.535392694747E0,1.198922432493E0,-1.449010004020E1));
#580=CARTESIAN_POINT('',(-3.562519392106E0,1.169043410580E0,-1.449698946417E1));
#581=CARTESIAN_POINT('',(-3.584176107853E0,1.131859309322E0,-1.449962508493E1));
#582=CARTESIAN_POINT('',(-3.597155782011E0,1.091322345749E0,-1.450002799767E1));
#583=CARTESIAN_POINT('',(-3.6E0,1.063938249198E0,-1.45E1));
#584=CARTESIAN_POINT('',(-3.6E0,1.05E0,-1.45E1));
#586=DIRECTION('',(0.E0,-1.E0,0.E0));
#587=VECTOR('',#586,3.464101615138E-1);
#588=CARTESIAN_POINT('',(-3.6E0,1.396410161514E0,-1.45E1));
#589=LINE('',#588,#587);
#590=DIRECTION('',(0.E0,0.E0,1.E0));
#591=VECTOR('',#590,1.E0);
#592=CARTESIAN_POINT('',(-3.6E0,-1.05E0,-1.55E1));
#593=LINE('',#592,#591);
#594=DIRECTION('',(0.E0,1.E0,0.E0));
#595=VECTOR('',#594,2.1E0);
#596=CARTESIAN_POINT('',(-3.6E0,-1.05E0,-1.45E1));
#597=LINE('',#596,#595);
#598=DIRECTION('',(0.E0,0.E0,-1.E0));
#599=VECTOR('',#598,1.E0);
#600=CARTESIAN_POINT('',(-3.6E0,1.05E0,-1.45E1));
#601=LINE('',#600,#599);
#602=DIRECTION('',(0.E0,-1.E0,0.E0));
#603=VECTOR('',#602,2.1E0);
#604=CARTESIAN_POINT('',(-3.6E0,1.05E0,-1.55E1));
#605=LINE('',#604,#603);
#606=DIRECTION('',(1.E0,0.E0,0.E0));
#607=VECTOR('',#606,2.E-1);
#608=CARTESIAN_POINT('',(-3.8E0,-1.05E0,-1.45E1));
#609=LINE('',#608,#607);
#610=DIRECTION('',(0.E0,-1.E0,0.E0));
#611=VECTOR('',#610,2.1E0);
#612=CARTESIAN_POINT('',(3.6E0,1.05E0,-1.55E1));
#613=LINE('',#612,#611);
#614=DIRECTION('',(1.E0,0.E0,0.E0));
#615=VECTOR('',#614,2.E-1);
#616=CARTESIAN_POINT('',(3.6E0,-1.05E0,-1.55E1));
#617=LINE('',#616,#615);
#618=DIRECTION('',(0.E0,1.E0,0.E0));
#619=VECTOR('',#618,2.1E0);
#620=CARTESIAN_POINT('',(3.8E0,-1.05E0,-1.55E1));
#621=LINE('',#620,#619);
#622=CARTESIAN_POINT('',(3.4E0,1.05E0,-1.55E1));
#623=DIRECTION('',(0.E0,0.E0,-1.E0));
#624=DIRECTION('',(0.E0,1.E0,0.E0));
#625=AXIS2_PLACEMENT_3D('',#622,#623,#624);
#627=DIRECTION('',(1.E0,0.E0,0.E0));
#628=VECTOR('',#627,6.8E0);
#629=CARTESIAN_POINT('',(-3.4E0,1.45E0,-1.55E1));
#630=LINE('',#629,#628);
#631=CARTESIAN_POINT('',(-3.4E0,1.05E0,-1.55E1));
#632=DIRECTION('',(0.E0,0.E0,-1.E0));
#633=DIRECTION('',(-1.E0,0.E0,0.E0));
#634=AXIS2_PLACEMENT_3D('',#631,#632,#633);
#636=DIRECTION('',(1.E0,0.E0,0.E0));
#637=VECTOR('',#636,2.E-1);
#638=CARTESIAN_POINT('',(-3.8E0,-1.05E0,-1.55E1));
#639=LINE('',#638,#637);
#640=CARTESIAN_POINT('',(-3.4E0,1.05E0,-1.55E1));
#641=DIRECTION('',(0.E0,0.E0,1.E0));
#642=DIRECTION('',(0.E0,1.E0,0.E0));
#643=AXIS2_PLACEMENT_3D('',#640,#641,#642);
#645=DIRECTION('',(-1.E0,0.E0,0.E0));
#646=VECTOR('',#645,6.8E0);
#647=CARTESIAN_POINT('',(3.4E0,1.25E0,-1.55E1));
#648=LINE('',#647,#646);
#649=CARTESIAN_POINT('',(3.4E0,1.05E0,-1.55E1));
#650=DIRECTION('',(0.E0,0.E0,1.E0));
#651=DIRECTION('',(1.E0,1.776356839400E-14,0.E0));
#652=AXIS2_PLACEMENT_3D('',#649,#650,#651);
#654=DIRECTION('',(0.E0,-1.E0,0.E0));
#655=VECTOR('',#654,2.1E0);
#656=CARTESIAN_POINT('',(3.8E0,1.05E0,-1.45E1));
#657=LINE('',#656,#655);
#658=DIRECTION('',(0.E0,1.E0,0.E0));
#659=VECTOR('',#658,2.1E0);
#660=CARTESIAN_POINT('',(3.6E0,-1.05E0,-1.45E1));
#661=LINE('',#660,#659);
#662=DIRECTION('',(0.E0,-1.E0,0.E0));
#663=VECTOR('',#662,3.464101615138E-1);
#664=CARTESIAN_POINT('',(3.6E0,1.396410161514E0,-1.45E1));
#665=LINE('',#664,#663);
#666=DIRECTION('',(0.E0,0.E0,-1.E0));
#667=VECTOR('',#666,1.E0);
#668=CARTESIAN_POINT('',(3.8E0,1.05E0,-1.45E1));
#669=LINE('',#668,#667);
#670=DIRECTION('',(0.E0,0.E0,-1.E0));
#671=VECTOR('',#670,1.E0);
#672=CARTESIAN_POINT('',(3.8E0,-1.05E0,-1.45E1));
#673=LINE('',#672,#671);
#674=DIRECTION('',(0.E0,0.E0,1.E0));
#675=VECTOR('',#674,1.E0);
#676=CARTESIAN_POINT('',(3.6E0,-1.05E0,-1.55E1));
#677=LINE('',#676,#675);
#678=DIRECTION('',(1.E0,0.E0,0.E0));
#679=VECTOR('',#678,2.E-1);
#680=CARTESIAN_POINT('',(3.6E0,-1.05E0,-1.45E1));
#681=LINE('',#680,#679);
#682=CARTESIAN_POINT('',(3.4E0,1.05E0,-1.45E1));
#683=DIRECTION('',(0.E0,0.E0,-1.E0));
#684=DIRECTION('',(5.E-1,8.660254037844E-1,0.E0));
#685=AXIS2_PLACEMENT_3D('',#682,#683,#684);
#687=DIRECTION('',(0.E0,0.E0,-1.E0));
#688=VECTOR('',#687,1.2E0);
#689=CARTESIAN_POINT('',(3.4E0,1.45E0,-1.43E1));
#690=LINE('',#689,#688);
#691=CARTESIAN_POINT('',(3.4E0,1.45E0,-1.43E1));
#692=CARTESIAN_POINT('',(3.4E0,1.45E0,-1.431354241125E1));
#693=CARTESIAN_POINT('',(3.402744219E0,1.450014410109E0,-1.434073642360E1));
#694=CARTESIAN_POINT('',(3.415337023020E0,1.449819958440E0,-1.438049789368E1));
#695=CARTESIAN_POINT('',(3.435695127743E0,1.448630372763E0,-1.441636731605E1));
#696=CARTESIAN_POINT('',(3.461481667179E0,1.445590807046E0,-1.444599691176E1));
#697=CARTESIAN_POINT('',(3.492135783368E0,1.439724701914E0,-1.446988837249E1));
#698=CARTESIAN_POINT('',(3.526209226921E0,1.430163187446E0,-1.448715161405E1));
#699=CARTESIAN_POINT('',(3.562145687344E0,1.416405209777E0,-1.449758016689E1));
#700=CARTESIAN_POINT('',(3.587397257430E0,1.403686358329E0,-1.45E1));
#701=CARTESIAN_POINT('',(3.6E0,1.396410161514E0,-1.45E1));
#703=CARTESIAN_POINT('',(3.6E0,1.05E0,-1.45E1));
#704=CARTESIAN_POINT('',(3.6E0,1.063922426980E0,-1.45E1));
#705=CARTESIAN_POINT('',(3.597164169875E0,1.091281696387E0,-1.450002807133E1));
#706=CARTESIAN_POINT('',(3.584187141597E0,1.131833526906E0,-1.449962569433E1));
#707=CARTESIAN_POINT('',(3.562554700613E0,1.168989733149E0,-1.449699456238E1));
#708=CARTESIAN_POINT('',(3.535459997740E0,1.198861667324E0,-1.449012196454E1));
#709=CARTESIAN_POINT('',(3.504898576267E0,1.221590914645E0,-1.447713128E1));
#710=CARTESIAN_POINT('',(3.473750824568E0,1.236833435512E0,-1.445669002627E1));
#711=CARTESIAN_POINT('',(3.445195455787E0,1.245475794910E0,-1.442891189499E1));
#712=CARTESIAN_POINT('',(3.420471079406E0,1.249327145980E0,-1.439211114626E1));
#713=CARTESIAN_POINT('',(3.403806444377E0,1.250056263499E0,-1.434761665754E1));
#714=CARTESIAN_POINT('',(3.4E0,1.25E0,-1.431600489563E1));
#715=CARTESIAN_POINT('',(3.4E0,1.25E0,-1.43E1));
#717=DIRECTION('',(0.E0,-1.E0,0.E0));
#718=VECTOR('',#717,2.E-1);
#719=CARTESIAN_POINT('',(3.4E0,1.45E0,-1.41E1));
#720=LINE('',#719,#718);
#721=DIRECTION('',(0.E0,-1.E0,0.E0));
#722=VECTOR('',#721,2.E-1);
#723=CARTESIAN_POINT('',(3.4E0,1.45E0,-1.43E1));
#724=LINE('',#723,#722);
#725=DIRECTION('',(0.E0,0.E0,-1.E0));
#726=VECTOR('',#725,2.E-1);
#727=CARTESIAN_POINT('',(-3.4E0,1.25E0,-1.41E1));
#728=LINE('',#727,#726);
#729=DIRECTION('',(0.E0,0.E0,-1.E0));
#730=VECTOR('',#729,1.4E0);
#731=CARTESIAN_POINT('',(3.8E0,1.25E0,-1.25E1));
#732=LINE('',#731,#730);
#733=DIRECTION('',(0.E0,0.E0,1.E0));
#734=VECTOR('',#733,2.E-1);
#735=CARTESIAN_POINT('',(3.4E0,1.25E0,-1.43E1));
#736=LINE('',#735,#734);
#737=DIRECTION('',(0.E0,0.E0,-1.E0));
#738=VECTOR('',#737,1.4E0);
#739=CARTESIAN_POINT('',(-3.8E0,1.25E0,-1.25E1));
#740=LINE('',#739,#738);
#741=CARTESIAN_POINT('',(-4.2E0,2.E-1,-1.375E1));
#742=DIRECTION('',(1.E0,0.E0,0.E0));
#743=DIRECTION('',(0.E0,-1.E0,0.E0));
#744=AXIS2_PLACEMENT_3D('',#741,#742,#743);
#746=DIRECTION('',(0.E0,1.E0,0.E0));
#747=VECTOR('',#746,9.5E-1);
#748=CARTESIAN_POINT('',(-4.2E0,-1.E-1,-1.25E1));
#749=LINE('',#748,#747);
#750=DIRECTION('',(0.E0,0.E0,-1.E0));
#751=VECTOR('',#750,1.4E0);
#752=CARTESIAN_POINT('',(-4.2E0,8.5E-1,-1.25E1));
#753=LINE('',#752,#751);
#754=CARTESIAN_POINT('',(-4.4E0,2.E-1,-1.375E1));
#755=DIRECTION('',(-1.E0,0.E0,0.E0));
#756=DIRECTION('',(0.E0,0.E0,-1.E0));
#757=AXIS2_PLACEMENT_3D('',#754,#755,#756);
#759=DIRECTION('',(0.E0,0.E0,-1.E0));
#760=VECTOR('',#759,3.E0);
#761=CARTESIAN_POINT('',(-4.4E0,-1.05E0,-9.5E0));
#762=LINE('',#761,#760);
#763=DIRECTION('',(0.E0,0.E0,-1.E0));
#764=VECTOR('',#763,1.1E0);
#765=CARTESIAN_POINT('',(-4.4E0,5.E-2,-1.265E1));
#766=LINE('',#765,#764);
#767=DIRECTION('',(0.E0,0.E0,-1.E0));
#768=VECTOR('',#767,4.4E0);
#769=CARTESIAN_POINT('',(-4.4E0,8.5E-1,-9.5E0));
#770=LINE('',#769,#768);
#771=DIRECTION('',(-1.E0,0.E0,0.E0));
#772=VECTOR('',#771,1.E0);
#773=CARTESIAN_POINT('',(-3.E0,-1.45E0,-9.5E0));
#774=LINE('',#773,#772);
#775=CARTESIAN_POINT('',(-4.E0,-1.05E0,-9.5E0));
#776=DIRECTION('',(0.E0,0.E0,-1.E0));
#777=DIRECTION('',(0.E0,-1.E0,0.E0));
#778=AXIS2_PLACEMENT_3D('',#775,#776,#777);
#780=DIRECTION('',(0.E0,1.E0,0.E0));
#781=VECTOR('',#780,1.9E0);
#782=CARTESIAN_POINT('',(-4.4E0,-1.05E0,-9.5E0));
#783=LINE('',#782,#781);
#784=CARTESIAN_POINT('',(-3.8E0,8.5E-1,-9.5E0));
#785=DIRECTION('',(0.E0,0.E0,-1.E0));
#786=DIRECTION('',(-1.E0,0.E0,0.E0));
#787=AXIS2_PLACEMENT_3D('',#784,#785,#786);
#789=DIRECTION('',(1.E0,0.E0,0.E0));
#790=VECTOR('',#789,8.E-1);
#791=CARTESIAN_POINT('',(-3.8E0,1.45E0,-9.5E0));
#792=LINE('',#791,#790);
#793=DIRECTION('',(1.E0,0.E0,0.E0));
#794=VECTOR('',#793,8.E-1);
#795=CARTESIAN_POINT('',(3.E0,1.45E0,-9.5E0));
#796=LINE('',#795,#794);
#797=CARTESIAN_POINT('',(3.8E0,8.5E-1,-9.5E0));
#798=DIRECTION('',(0.E0,0.E0,-1.E0));
#799=DIRECTION('',(0.E0,1.E0,0.E0));
#800=AXIS2_PLACEMENT_3D('',#797,#798,#799);
#802=DIRECTION('',(0.E0,-1.E0,0.E0));
#803=VECTOR('',#802,1.9E0);
#804=CARTESIAN_POINT('',(4.4E0,8.5E-1,-9.5E0));
#805=LINE('',#804,#803);
#806=CARTESIAN_POINT('',(4.E0,-1.05E0,-9.5E0));
#807=DIRECTION('',(0.E0,0.E0,-1.E0));
#808=DIRECTION('',(1.E0,0.E0,0.E0));
#809=AXIS2_PLACEMENT_3D('',#806,#807,#808);
#811=DIRECTION('',(-1.E0,0.E0,0.E0));
#812=VECTOR('',#811,1.E0);
#813=CARTESIAN_POINT('',(4.E0,-1.45E0,-9.5E0));
#814=LINE('',#813,#812);
#815=CARTESIAN_POINT('',(-3.E0,7.E-2,-9.5E0));
#816=DIRECTION('',(0.E0,0.E0,1.E0));
#817=DIRECTION('',(0.E0,1.E0,0.E0));
#818=AXIS2_PLACEMENT_3D('',#815,#816,#817);
#820=DIRECTION('',(0.E0,0.E0,-1.E0));
#821=VECTOR('',#820,1.5E0);
#822=CARTESIAN_POINT('',(-3.E0,1.45E0,-8.E0));
#823=LINE('',#822,#821);
#824=CARTESIAN_POINT('',(-3.E0,7.E-2,-8.E0));
#825=DIRECTION('',(0.E0,0.E0,1.E0));
#826=DIRECTION('',(0.E0,1.E0,0.E0));
#827=AXIS2_PLACEMENT_3D('',#824,#825,#826);
#829=DIRECTION('',(-1.E0,0.E0,0.E0));
#830=VECTOR('',#829,6.E0);
#831=CARTESIAN_POINT('',(3.E0,1.45E0,-8.E0));
#832=LINE('',#831,#830);
#833=CARTESIAN_POINT('',(3.E0,-7.E-2,-8.E0));
#834=DIRECTION('',(0.E0,0.E0,1.E0));
#835=DIRECTION('',(0.E0,-1.E0,0.E0));
#836=AXIS2_PLACEMENT_3D('',#833,#834,#835);
#838=DIRECTION('',(1.E0,0.E0,0.E0));
#839=VECTOR('',#838,6.E0);
#840=CARTESIAN_POINT('',(-3.E0,-1.45E0,-8.E0));
#841=LINE('',#840,#839);
#842=CARTESIAN_POINT('',(3.E0,7.E-2,-9.5E0));
#843=DIRECTION('',(0.E0,0.E0,1.E0));
#844=DIRECTION('',(9.987126769658E-1,-5.072463768116E-2,0.E0));
#845=AXIS2_PLACEMENT_3D('',#842,#843,#844);
#847=DIRECTION('',(0.E0,0.E0,-1.E0));
#848=VECTOR('',#847,1.5E0);
#849=CARTESIAN_POINT('',(4.378223494213E0,0.E0,-8.E0));
#850=LINE('',#849,#848);
#851=CARTESIAN_POINT('',(3.E0,7.E-2,-8.E0));
#852=DIRECTION('',(0.E0,0.E0,1.E0));
#853=DIRECTION('',(9.987126769658E-1,-5.072463768116E-2,0.E0));
#854=AXIS2_PLACEMENT_3D('',#851,#852,#853);
#856=CARTESIAN_POINT('',(3.E0,-7.E-2,-9.5E0));
#857=DIRECTION('',(0.E0,0.E0,1.E0));
#858=DIRECTION('',(0.E0,-1.E0,0.E0));
#859=AXIS2_PLACEMENT_3D('',#856,#857,#858);
#861=DIRECTION('',(0.E0,0.E0,-1.E0));
#862=VECTOR('',#861,1.5E0);
#863=CARTESIAN_POINT('',(3.E0,-1.45E0,-8.E0));
#864=LINE('',#863,#862);
#865=DIRECTION('',(0.E0,0.E0,-1.E0));
#866=VECTOR('',#865,3.E0);
#867=CARTESIAN_POINT('',(4.E0,-1.45E0,-9.5E0));
#868=LINE('',#867,#866);
#869=DIRECTION('',(0.E0,0.E0,-1.E0));
#870=VECTOR('',#869,1.5E0);
#871=CARTESIAN_POINT('',(-3.E0,-1.45E0,-8.E0));
#872=LINE('',#871,#870);
#873=DIRECTION('',(0.E0,0.E0,-1.E0));
#874=VECTOR('',#873,3.E0);
#875=CARTESIAN_POINT('',(4.4E0,-1.05E0,-9.5E0));
#876=LINE('',#875,#874);
#877=DIRECTION('',(0.E0,0.E0,-1.E0));
#878=VECTOR('',#877,3.E0);
#879=CARTESIAN_POINT('',(-4.E0,-1.45E0,-9.5E0));
#880=LINE('',#879,#878);
#881=CARTESIAN_POINT('',(-3.E0,-7.E-2,-9.5E0));
#882=DIRECTION('',(0.E0,0.E0,1.E0));
#883=DIRECTION('',(-9.987126769658E-1,5.072463768116E-2,0.E0));
#884=AXIS2_PLACEMENT_3D('',#881,#882,#883);
#886=DIRECTION('',(0.E0,0.E0,-1.E0));
#887=VECTOR('',#886,1.5E0);
#888=CARTESIAN_POINT('',(-4.378223494213E0,0.E0,-8.E0));
#889=LINE('',#888,#887);
#890=CARTESIAN_POINT('',(-3.E0,-7.E-2,-8.E0));
#891=DIRECTION('',(0.E0,0.E0,1.E0));
#892=DIRECTION('',(-9.987126769658E-1,5.072463768116E-2,0.E0));
#893=AXIS2_PLACEMENT_3D('',#890,#891,#892);
#895=CARTESIAN_POINT('',(-2.925E0,0.E0,-3.E-1));
#896=DIRECTION('',(0.E0,0.E0,1.E0));
#897=DIRECTION('',(-9.999996689937E-1,8.136415336938E-4,0.E0));
#898=AXIS2_PLACEMENT_3D('',#895,#896,#897);
#900=CARTESIAN_POINT('',(-2.925E0,0.E0,-8.E0));
#901=DIRECTION('',(0.E0,0.E0,1.E0));
#902=DIRECTION('',(0.E0,1.E0,0.E0));
#903=AXIS2_PLACEMENT_3D('',#900,#901,#902);
#905=DIRECTION('',(-1.064429929480E-12,2.818351612694E-12,-1.E0));
#906=VECTOR('',#905,7.7E0);
#907=CARTESIAN_POINT('',(-2.924999999992E0,1.199999999978E0,-3.E-1));
#908=LINE('',#907,#906);
#909=CARTESIAN_POINT('',(-2.925E0,0.E0,-3.E-1));
#910=DIRECTION('',(0.E0,0.E0,1.E0));
#911=DIRECTION('',(0.E0,1.E0,0.E0));
#912=AXIS2_PLACEMENT_3D('',#909,#910,#911);
#914=CARTESIAN_POINT('',(-3.824999721770E0,7.075364202208E-4,-3.E-1));
#915=DIRECTION('',(-7.861515781230E-4,-9.999996909828E-1,0.E0));
#916=DIRECTION('',(-3.343826938466E-2,2.628755636976E-5,9.994407843637E-1));
#917=AXIS2_PLACEMENT_3D('',#914,#915,#916);
#919=CARTESIAN_POINT('',(2.931881699107E0,-8.999997503615E-1,
-1.048719139667E-9));
#920=CARTESIAN_POINT('',(2.930761553054E0,-8.999997503615E-1,
-3.930844307253E-10));
#921=CARTESIAN_POINT('',(2.928929535792E0,-9.000001164980E-1,
-7.782649584989E-11));
#922=CARTESIAN_POINT('',(2.927082797555E0,-8.999999667149E-1,
6.966277724604E-12));
#923=CARTESIAN_POINT('',(2.925679960218E0,-9.E-1,0.E0));
#924=CARTESIAN_POINT('',(2.925E0,-9.E-1,0.E0));
#926=DIRECTION('',(1.E0,0.E0,0.E0));
#927=VECTOR('',#926,5.85E0);
#928=CARTESIAN_POINT('',(-2.925E0,-9.E-1,0.E0));
#929=LINE('',#928,#927);
#930=CARTESIAN_POINT('',(-2.925E0,-9.E-1,0.E0));
#931=CARTESIAN_POINT('',(-2.925852906776E0,-9.E-1,0.E0));
#932=CARTESIAN_POINT('',(-2.927558716251E0,-8.999999999960E-1,
1.477551851333E-11));
#933=CARTESIAN_POINT('',(-2.930117378610E0,-9.000000000140E-1,
-1.840151506265E-10));
#934=CARTESIAN_POINT('',(-2.931823198197E0,-8.999999999701E-1,
-9.915806767405E-10));
#935=CARTESIAN_POINT('',(-2.932676085474E0,-8.999999999701E-1,
-1.785288394233E-9));
#937=DIRECTION('',(1.805556673828E-7,-1.993346252544E-10,-1.E0));
#938=VECTOR('',#937,1.499999982147E-1);
#939=CARTESIAN_POINT('',(-2.932676085474E0,-8.999999999701E-1,
-1.785288394233E-9));
#940=LINE('',#939,#938);
#941=CARTESIAN_POINT('',(2.925E0,-8.999999999132E-1,-3.E-1));
#942=DIRECTION('',(1.E0,0.E0,0.E0));
#943=DIRECTION('',(0.E0,-2.893518757929E-10,1.E0));
#944=AXIS2_PLACEMENT_3D('',#941,#942,#943);
#946=CARTESIAN_POINT('',(2.925E0,0.E0,-3.E-1));
#947=DIRECTION('',(0.E0,0.E0,1.E0));
#948=DIRECTION('',(0.E0,-1.E0,0.E0));
#949=AXIS2_PLACEMENT_3D('',#946,#947,#948);
#951=CARTESIAN_POINT('',(2.925E0,0.E0,-3.E-1));
#952=DIRECTION('',(0.E0,0.E0,1.E0));
#953=DIRECTION('',(9.999996689809E-1,-8.136572827166E-4,0.E0));
#954=AXIS2_PLACEMENT_3D('',#951,#952,#953);
#956=CARTESIAN_POINT('',(2.925E0,0.E0,-8.E0));
#957=DIRECTION('',(0.E0,0.E0,1.E0));
#958=DIRECTION('',(0.E0,-1.E0,0.E0));
#959=AXIS2_PLACEMENT_3D('',#956,#957,#958);
#961=DIRECTION('',(1.064487603403E-12,-2.818351612694E-12,-1.E0));
#962=VECTOR('',#961,7.7E0);
#963=CARTESIAN_POINT('',(2.924999999992E0,-1.199999999978E0,-3.E-1));
#964=LINE('',#963,#962);
#965=CARTESIAN_POINT('',(3.824999721759E0,-7.075506109911E-4,-3.E-1));
#966=DIRECTION('',(7.861673456456E-4,9.999996909704E-1,0.E0));
#967=DIRECTION('',(3.343818420886E-2,-2.628801664646E-5,9.994407872134E-1));
#968=AXIS2_PLACEMENT_3D('',#965,#966,#967);
#970=CARTESIAN_POINT('',(2.925E0,9.E-1,0.E0));
#971=CARTESIAN_POINT('',(2.925852906776E0,9.E-1,0.E0));
#972=CARTESIAN_POINT('',(2.927558716251E0,8.999999999960E-1,
1.477552263833E-11));
#973=CARTESIAN_POINT('',(2.930117378609E0,9.000000000140E-1,
-1.840151650640E-10));
#974=CARTESIAN_POINT('',(2.931823198198E0,8.999999999701E-1,
-9.915806457816E-10));
#975=CARTESIAN_POINT('',(2.932676085475E0,8.999999999701E-1,
-1.785288364312E-9));
#977=DIRECTION('',(-1.805631547269E-7,1.993457274848E-10,-1.E0));
#978=VECTOR('',#977,1.499999982147E-1);
#979=CARTESIAN_POINT('',(2.932676085475E0,8.999999999701E-1,
-1.785288364312E-9));
#980=LINE('',#979,#978);
#981=CARTESIAN_POINT('',(-2.931884621483E0,8.999997453292E-1,
-1.049953819375E-9));
#982=CARTESIAN_POINT('',(-2.930764475429E0,8.999997453292E-1,
-3.920828819854E-10));
#983=CARTESIAN_POINT('',(-2.928928172017E0,9.000001188464E-1,
-7.829388536548E-11));
#984=CARTESIAN_POINT('',(-2.927083187205E0,8.999999660439E-1,
7.099818000702E-12));
#985=CARTESIAN_POINT('',(-2.925679960218E0,9.E-1,0.E0));
#986=CARTESIAN_POINT('',(-2.925E0,9.E-1,0.E0));
#988=DIRECTION('',(-1.E0,0.E0,0.E0));
#989=VECTOR('',#988,5.85E0);
#990=CARTESIAN_POINT('',(2.925E0,9.E-1,0.E0));
#991=LINE('',#990,#989);
#992=CARTESIAN_POINT('',(2.931881699107E0,-8.999997503615E-1,
-1.048719139667E-9));
#993=CARTESIAN_POINT('',(2.956136867730E0,-8.999997503615E-1,
-1.524555567685E-8));
#994=CARTESIAN_POINT('',(3.006331086951E0,-8.981567557576E-1,
-4.368147248233E-7));
#995=CARTESIAN_POINT('',(3.086332586617E0,-8.884800570470E-1,
-4.156559750923E-6));
#996=CARTESIAN_POINT('',(3.173958588234E0,-8.694646378614E-1,
-1.203423113804E-5));
#997=CARTESIAN_POINT('',(3.269595581090E0,-8.378776973494E-1,
-2.391453369538E-5));
#998=CARTESIAN_POINT('',(3.373869397861E0,-7.889175777082E-1,
-4.014090370831E-5));
#999=CARTESIAN_POINT('',(3.479965595960E0,-7.201372503887E-1,
-6.120309504987E-5));
#1000=CARTESIAN_POINT('',(3.578932841074E0,-6.335659344052E-1,
-8.638031377625E-5));
#1001=CARTESIAN_POINT('',(3.667130786867E0,-5.295203364369E-1,
-1.114313490484E-4));
#1002=CARTESIAN_POINT('',(3.739894504099E0,-4.108036718157E-1,
-1.338993151928E-4));
#1003=CARTESIAN_POINT('',(3.794344917455E0,-2.798330395968E-1,
-1.525631615139E-4));
#1004=CARTESIAN_POINT('',(3.827590674770E0,-1.415108717921E-1,
-1.648977431370E-4));
#1005=CARTESIAN_POINT('',(3.834993941653E0,-4.758872025718E-2,
-1.677509508426E-4));
#1006=CARTESIAN_POINT('',(3.835031177026E0,-7.154317180390E-4,
-1.677638355205E-4));
#1008=DIRECTION('',(7.886723770893E-4,-1.664255963719E-6,-9.999996889965E-1));
#1009=VECTOR('',#1008,1.500000456018E-1);
#1010=CARTESIAN_POINT('',(2.931881699107E0,-8.999997503615E-1,
-1.048719139667E-9));
#1011=LINE('',#1010,#1009);
#1012=CARTESIAN_POINT('',(3.835031177026E0,-7.154317180390E-4,
-1.677638355205E-4));
#1013=CARTESIAN_POINT('',(3.835067206526E0,4.463985916444E-2,
-1.677763029264E-4));
#1014=CARTESIAN_POINT('',(3.828299060400E0,1.355741393984E-1,
-1.651877696154E-4));
#1015=CARTESIAN_POINT('',(3.797161596707E0,2.702737776219E-1,
-1.536270948197E-4));
#1016=CARTESIAN_POINT('',(3.746269576277E0,3.975383385472E-1,
-1.359297733606E-4));
#1017=CARTESIAN_POINT('',(3.677818613492E0,5.140338987312E-1,
-1.145534848050E-4));
#1018=CARTESIAN_POINT('',(3.595396990696E0,6.159056230190E-1,
-9.102483640944E-5));
#1019=CARTESIAN_POINT('',(3.506183252350E0,6.987257690142E-1,
-6.734609986099E-5));
#1020=CARTESIAN_POINT('',(3.416986471699E0,7.624024392329E-1,
-4.821383311678E-5));
#1021=CARTESIAN_POINT('',(3.331665887807E0,8.096694207778E-1,
-3.335341082132E-5));
#1022=CARTESIAN_POINT('',(3.251507141812E0,8.439204734885E-1,
-2.156911970974E-5));
#1023=CARTESIAN_POINT('',(3.177211230279E0,8.678911551511E-1,
-1.260796278093E-5));
#1024=CARTESIAN_POINT('',(3.108944797659E0,8.838531256754E-1,
-6.106912591304E-6));
#1025=CARTESIAN_POINT('',(3.046026555245E0,8.936997418084E-1,
-1.997373229606E-6));
#1026=CARTESIAN_POINT('',(2.987752205435E0,8.989237223936E-1,
-2.593510237952E-7));
#1027=CARTESIAN_POINT('',(2.950637197115E0,8.999999999701E-1,
-1.850012668955E-8));
#1028=CARTESIAN_POINT('',(2.932676085475E0,8.999999999701E-1,
-1.785288364312E-9));
#1030=CARTESIAN_POINT('',(-2.932E0,9.E-1,-1.5E-1));
#1031=CARTESIAN_POINT('',(-2.932930984654E0,9.E-1,-1.5E-1));
#1032=CARTESIAN_POINT('',(-2.997057796900E0,8.999399761506E-1,-1.5E-1));
#1033=CARTESIAN_POINT('',(-3.124484143796E0,8.867127127636E-1,-1.5E-1));
#1034=CARTESIAN_POINT('',(-3.305233497265E0,8.276633619738E-1,-1.5E-1));
#1035=CARTESIAN_POINT('',(-3.468891976241E0,7.326543143181E-1,-1.5E-1));
#1036=CARTESIAN_POINT('',(-3.609185227649E0,6.061406830637E-1,-1.5E-1));
#1037=CARTESIAN_POINT('',(-3.720167188056E0,4.532690379560E-1,-1.5E-1));
#1038=CARTESIAN_POINT('',(-3.797130934001E0,2.804344621877E-1,-1.5E-1));
#1039=CARTESIAN_POINT('',(-3.836546694837E0,9.555036846681E-2,-1.5E-1));
#1040=CARTESIAN_POINT('',(-3.836772369115E0,-9.323416944495E-2,-1.5E-1));
#1041=CARTESIAN_POINT('',(-3.797929634610E0,-2.778418007392E-1,-1.5E-1));
#1042=CARTESIAN_POINT('',(-3.721736204705E0,-4.504604225226E-1,-1.5E-1));
#1043=CARTESIAN_POINT('',(-3.611492555002E0,-6.035604264133E-1,-1.5E-1));
#1044=CARTESIAN_POINT('',(-3.471482866245E0,-7.308031719026E-1,-1.5E-1));
#1045=CARTESIAN_POINT('',(-3.307479020604E0,-8.267201485856E-1,-1.5E-1));
#1046=CARTESIAN_POINT('',(-3.125955981964E0,-8.864794850977E-1,-1.5E-1));
#1047=CARTESIAN_POINT('',(-2.997933296157E0,-8.998728506162E-1,-1.5E-1));
#1048=CARTESIAN_POINT('',(-2.933560347856E0,-9.E-1,-1.5E-1));
#1049=CARTESIAN_POINT('',(-2.932676058391E0,-9.E-1,-1.5E-1));
#1051=DIRECTION('',(-1.E0,0.E0,0.E0));
#1052=VECTOR('',#1051,5.864676058391E0);
#1053=CARTESIAN_POINT('',(2.932676058391E0,9.E-1,-1.5E-1));
#1054=LINE('',#1053,#1052);
#1055=CARTESIAN_POINT('',(2.932E0,-9.E-1,-1.5E-1));
#1056=CARTESIAN_POINT('',(2.932930971647E0,-9.E-1,-1.5E-1));
#1057=CARTESIAN_POINT('',(2.997057769164E0,-8.999399775094E-1,-1.5E-1));
#1058=CARTESIAN_POINT('',(3.124484101001E0,-8.867127225940E-1,-1.5E-1));
#1059=CARTESIAN_POINT('',(3.305233453703E0,-8.276633753322E-1,-1.5E-1));
#1060=CARTESIAN_POINT('',(3.468891935550E0,-7.326543291274E-1,-1.5E-1));
#1061=CARTESIAN_POINT('',(3.609185192809E0,-6.061406966171E-1,-1.5E-1));
#1062=CARTESIAN_POINT('',(3.720167158462E0,-4.532690478218E-1,-1.5E-1));
#1063=CARTESIAN_POINT('',(3.797130907334E0,-2.804344676177E-1,-1.5E-1));
#1064=CARTESIAN_POINT('',(3.836546669465E0,-9.555036959773E-2,-1.5E-1));
#1065=CARTESIAN_POINT('',(3.836772343509E0,9.323417267598E-2,-1.5E-1));
#1066=CARTESIAN_POINT('',(3.797929607346E0,2.778418079872E-1,-1.5E-1));
#1067=CARTESIAN_POINT('',(3.721736174381E0,4.504604336536E-1,-1.5E-1));
#1068=CARTESIAN_POINT('',(3.611492519633E0,6.035604405559E-1,-1.5E-1));
#1069=CARTESIAN_POINT('',(3.471482825471E0,7.308031868065E-1,-1.5E-1));
#1070=CARTESIAN_POINT('',(3.307478977322E0,8.267201618302E-1,-1.5E-1));
#1071=CARTESIAN_POINT('',(3.125955939509E0,8.864794949765E-1,-1.5E-1));
#1072=CARTESIAN_POINT('',(2.997933268588E0,8.998728519951E-1,-1.5E-1));
#1073=CARTESIAN_POINT('',(2.933560334868E0,9.E-1,-1.5E-1));
#1074=CARTESIAN_POINT('',(2.932676058391E0,9.E-1,-1.5E-1));
#1076=DIRECTION('',(1.E0,0.E0,0.E0));
#1077=VECTOR('',#1076,5.864676058391E0);
#1078=CARTESIAN_POINT('',(-2.932676058391E0,-9.E-1,-1.5E-1));
#1079=LINE('',#1078,#1077);
#1080=CARTESIAN_POINT('',(3.08E0,-3.000014285743E-1,-1.5E-1));
#1081=DIRECTION('',(0.E0,0.E0,-1.E0));
#1082=DIRECTION('',(9.675791612005E-1,-2.525679449386E-1,0.E0));
#1083=AXIS2_PLACEMENT_3D('',#1080,#1081,#1082);
#1085=DIRECTION('',(0.E0,-1.E0,0.E0));
#1086=VECTOR('',#1085,8.273140075934E-1);
#1087=CARTESIAN_POINT('',(3.515410622540E0,4.136570037967E-1,-1.5E-1));
#1088=LINE('',#1087,#1086);
#1089=CARTESIAN_POINT('',(3.08E0,3.000014285743E-1,-1.5E-1));
#1090=DIRECTION('',(0.E0,0.E0,-1.E0));
#1091=DIRECTION('',(-2.867092121950E-3,9.999958898829E-1,0.E0));
#1092=AXIS2_PLACEMENT_3D('',#1089,#1090,#1091);
#1094=DIRECTION('',(1.E0,1.115939307727E-7,1.336911090416E-7));
#1095=VECTOR('',#1094,6.158807996598E0);
#1096=CARTESIAN_POINT('',(-3.079999988374E0,7.500059255471E-1,
-1.499940744529E-1));
#1097=LINE('',#1096,#1095);
#1098=CARTESIAN_POINT('',(-3.08E0,3.E-1,-1.5E-1));
#1099=DIRECTION('',(0.E0,0.E0,-1.E0));
#1100=DIRECTION('',(-9.666666666667E-1,2.560381915956E-1,0.E0));
#1101=AXIS2_PLACEMENT_3D('',#1098,#1099,#1100);
#1103=DIRECTION('',(0.E0,1.E0,0.E0));
#1104=VECTOR('',#1103,8.304343724361E-1);
#1105=CARTESIAN_POINT('',(-3.515E0,-4.152171862180E-1,-1.5E-1));
#1106=LINE('',#1105,#1104);
#1107=CARTESIAN_POINT('',(-3.08E0,-3.E-1,-1.5E-1));
#1108=DIRECTION('',(0.E0,0.E0,-1.E0));
#1109=DIRECTION('',(0.E0,-1.E0,0.E0));
#1110=AXIS2_PLACEMENT_3D('',#1107,#1108,#1109);
#1112=DIRECTION('',(-1.E0,-1.359940828364E-7,1.138935819847E-7));
#1113=VECTOR('',#1112,6.158807998255E0);
#1114=CARTESIAN_POINT('',(3.078808001698E0,-7.500058467487E-1,
-1.499940171386E-1));
#1115=LINE('',#1114,#1113);
#1116=CARTESIAN_POINT('',(-2.931884621483E0,8.999997453292E-1,
-1.049953819375E-9));
#1117=CARTESIAN_POINT('',(-2.957722043887E0,8.999997453292E-1,
-1.622448328594E-8));
#1118=CARTESIAN_POINT('',(-3.012100213756E0,8.979183137828E-1,
-4.596207074452E-7));
#1119=CARTESIAN_POINT('',(-3.101581752797E0,8.861376510803E-1,
-5.174347969637E-6));
#1120=CARTESIAN_POINT('',(-3.200443125452E0,8.623026546192E-1,
-1.484703788034E-5));
#1121=CARTESIAN_POINT('',(-3.308888432278E0,8.217951653693E-1,
-2.959820651732E-5));
#1122=CARTESIAN_POINT('',(-3.423717110228E0,7.599577844083E-1,
-4.914840692727E-5));
#1123=CARTESIAN_POINT('',(-3.538947008651E0,6.727532269214E-1,
-7.529708212243E-5));
#1124=CARTESIAN_POINT('',(-3.641883398902E0,5.639205699136E-1,
-1.041170118669E-4));
#1125=CARTESIAN_POINT('',(-3.726214910989E0,4.377899363504E-1,
-1.295156760387E-4));
#1126=CARTESIAN_POINT('',(-3.788247609069E0,2.995172927389E-1,
-1.503118961124E-4));
#1127=CARTESIAN_POINT('',(-3.826529838283E0,1.514982195594E-1,
-1.644384099665E-4));
#1128=CARTESIAN_POINT('',(-3.834991331017E0,5.090821289704E-2,
-1.677508922728E-4));
#1129=CARTESIAN_POINT('',(-3.835031202590E0,7.154175886806E-4,
-1.677646904389E-4));
#1131=DIRECTION('',(-7.691898920017E-4,1.697804728262E-6,-9.999997041720E-1));
#1132=VECTOR('',#1131,1.500000433243E-1);
#1133=CARTESIAN_POINT('',(-2.931884621483E0,8.999997453292E-1,
-1.049953819375E-9));
#1134=LINE('',#1133,#1132);
#1135=CARTESIAN_POINT('',(-3.835031202590E0,7.154175886806E-4,
-1.677646904389E-4));
#1136=CARTESIAN_POINT('',(-3.835067231102E0,-4.463949603654E-2,
-1.677771586553E-4));
#1137=CARTESIAN_POINT('',(-3.828299193936E0,-1.355730247243E-1,
-1.651886581805E-4));
#1138=CARTESIAN_POINT('',(-3.797162262917E0,-2.702715374841E-1,
-1.536281019193E-4));
#1139=CARTESIAN_POINT('',(-3.746271032408E0,-3.975353149017E-1,
-1.359309106156E-4));
#1140=CARTESIAN_POINT('',(-3.677820930933E0,-5.140305384590E-1,
-1.145547198214E-4));
#1141=CARTESIAN_POINT('',(-3.595399955100E0,-6.159024763835E-1,
-9.102609358658E-5));
#1142=CARTESIAN_POINT('',(-3.506186363543E0,-6.987232723771E-1,
-6.734711996792E-5));
#1143=CARTESIAN_POINT('',(-3.416989358690E0,-7.624006556869E-1,
-4.821457150496E-5));
#1144=CARTESIAN_POINT('',(-3.331668341365E0,-8.096682480738E-1,
-3.335389041708E-5));
#1145=CARTESIAN_POINT('',(-3.251509184277E0,-8.439197286081E-1,
-2.156943548936E-5));
#1146=CARTESIAN_POINT('',(-3.177212825219E0,-8.678907262204E-1,
-1.260813910794E-5));
#1147=CARTESIAN_POINT('',(-3.108945960892E0,-8.838529098764E-1,
-6.107005459228E-6));
#1148=CARTESIAN_POINT('',(-3.046027305146E0,-8.936996582998E-1,
-1.997402161229E-6));
#1149=CARTESIAN_POINT('',(-2.987752567760E0,-8.989237084414E-1,
-2.593540367803E-7));
#1150=CARTESIAN_POINT('',(-2.950637314746E0,-8.999999999701E-1,
-1.850023616943E-8));
#1151=CARTESIAN_POINT('',(-2.932676085474E0,-8.999999999701E-1,
-1.785288394233E-9));
#1153=CARTESIAN_POINT('',(-2.925E0,8.999999999132E-1,-3.E-1));
#1154=DIRECTION('',(-1.E0,0.E0,0.E0));
#1155=DIRECTION('',(0.E0,2.893515057186E-10,1.E0));
#1156=AXIS2_PLACEMENT_3D('',#1153,#1154,#1155);
#1158=CARTESIAN_POINT('',(2.925E0,9.E-1,-3.E-1));
#1159=DIRECTION('',(-1.E0,0.E0,0.E0));
#1160=DIRECTION('',(0.E0,0.E0,1.E0));
#1161=AXIS2_PLACEMENT_3D('',#1158,#1159,#1160);
#1163=DIRECTION('',(-1.E0,1.179531306441E-12,0.E0));
#1164=VECTOR('',#1163,5.849999999974E0);
#1165=CARTESIAN_POINT('',(2.924999999982E0,1.199999999971E0,-3.E-1));
#1166=LINE('',#1165,#1164);
#1167=DIRECTION('',(-1.E0,0.E0,0.E0));
#1168=VECTOR('',#1167,5.85E0);
#1169=CARTESIAN_POINT('',(2.925E0,1.2E0,-8.E0));
#1170=LINE('',#1169,#1168);
#1171=DIRECTION('',(2.303554172808E-12,3.714489033817E-12,-1.E0));
#1172=VECTOR('',#1171,7.7E0);
#1173=CARTESIAN_POINT('',(2.924999999982E0,1.199999999971E0,-3.E-1));
#1174=LINE('',#1173,#1172);
#1175=DIRECTION('',(1.357536548347E-3,7.071056484396E-1,-7.071066108016E-1));
#1176=VECTOR('',#1175,1.414298515081E-1);
#1177=CARTESIAN_POINT('',(3.078808001698E0,-7.500058467487E-1,
-1.499940171386E-1));
#1178=LINE('',#1177,#1176);
#1179=DIRECTION('',(6.584517784419E-5,7.071067814068E-1,-7.071067779006E-1));
#1180=VECTOR('',#1179,1.414252973890E-1);
#1181=CARTESIAN_POINT('',(-3.079999996557E0,-7.500066843101E-1,
-1.499933156899E-1));
#1182=LINE('',#1181,#1180);
#1183=CARTESIAN_POINT('',(-3.414999999971E0,-4.013656746590E-1,
-2.500000000293E-1));
#1184=CARTESIAN_POINT('',(-3.424911487462E0,-4.028323675300E-1,
-2.400885125376E-1));
#1185=CARTESIAN_POINT('',(-3.445532972031E0,-4.058200732610E-1,
-2.194670279686E-1));
#1186=CARTESIAN_POINT('',(-3.478798630803E0,-4.104368020922E-1,
-1.862013691966E-1));
#1187=CARTESIAN_POINT('',(-3.502659235508E0,-4.136105555281E-1,
-1.623407644923E-1));
#1188=CARTESIAN_POINT('',(-3.515E0,-4.152171862180E-1,-1.5E-1));
#1190=CARTESIAN_POINT('',(-3.08E0,-3.E-1,-1.57E0));
#1191=DIRECTION('',(0.E0,0.E0,1.E0));
#1192=DIRECTION('',(-7.537660547585E-1,-6.571428571429E-1,0.E0));
#1193=AXIS2_PLACEMENT_3D('',#1190,#1191,#1192);
#1195=CARTESIAN_POINT('',(-3.08E0,-3.E-1,-2.5E-1));
#1196=DIRECTION('',(0.E0,0.E0,-1.E0));
#1197=DIRECTION('',(0.E0,-1.E0,0.E0));
#1198=AXIS2_PLACEMENT_3D('',#1195,#1196,#1197);
#1200=DIRECTION('',(0.E0,0.E0,1.E0));
#1201=VECTOR('',#1200,2.407E0);
#1202=CARTESIAN_POINT('',(-3.415E0,-2.E-1,-4.65E0));
#1203=LINE('',#1202,#1201);
#1204=DIRECTION('',(0.E0,0.E0,1.E0));
#1205=VECTOR('',#1204,2.95E0);
#1206=CARTESIAN_POINT('',(-3.415E0,-4.E-1,-4.65E0));
#1207=LINE('',#1206,#1205);
#1208=DIRECTION('',(2.019782437088E-11,3.175548875358E-12,1.E0));
#1209=VECTOR('',#1208,1.448634325307E0);
#1210=CARTESIAN_POINT('',(-3.415E0,-4.013656746636E-1,-1.698634325336E0));
#1211=LINE('',#1210,#1209);
#1212=DIRECTION('',(1.284439567538E-7,1.E0,-1.287842275892E-7));
#1213=VECTOR('',#1212,8.027313331173E-1);
#1214=CARTESIAN_POINT('',(-3.414999999971E0,-4.013656746590E-1,
-2.500000000293E-1));
#1215=LINE('',#1214,#1213);
#1216=DIRECTION('',(0.E0,0.E0,1.E0));
#1217=VECTOR('',#1216,2.95E0);
#1218=CARTESIAN_POINT('',(-3.415E0,4.E-1,-4.65E0));
#1219=LINE('',#1218,#1217);
#1220=DIRECTION('',(0.E0,0.E0,1.E0));
#1221=VECTOR('',#1220,2.407E0);
#1222=CARTESIAN_POINT('',(-3.415E0,2.E-1,-4.65E0));
#1223=LINE('',#1222,#1221);
#1224=DIRECTION('',(0.E0,1.E0,0.E0));
#1225=VECTOR('',#1224,4.E-1);
#1226=CARTESIAN_POINT('',(-3.415E0,-2.E-1,-2.243E0));
#1227=LINE('',#1226,#1225);
#1228=DIRECTION('',(5.580637696949E-1,0.E0,-8.297980651664E-1));
#1229=VECTOR('',#1228,4.761723175161E-1);
#1230=CARTESIAN_POINT('',(-3.415E0,-2.E-1,-2.243E0));
#1231=LINE('',#1230,#1229);
#1232=DIRECTION('',(-9.332547976196E-1,0.E0,-3.592150925560E-1));
#1233=VECTOR('',#1232,2.246269568194E-2);
#1234=CARTESIAN_POINT('',(-3.285734543520E0,-2.E-1,-3.070609252282E0));
#1235=LINE('',#1234,#1233);
#1236=CARTESIAN_POINT('',(-3.26E0,-2.E-1,-3.200001315281E0));
#1237=DIRECTION('',(0.E0,-1.E0,0.E0));
#1238=DIRECTION('',(-3.592150925560E-1,0.E0,9.332547976196E-1));
#1239=AXIS2_PLACEMENT_3D('',#1236,#1237,#1238);
#1241=DIRECTION('',(0.E0,0.E0,-1.E0));
#1242=VECTOR('',#1241,6.6E-1);
#1243=CARTESIAN_POINT('',(-3.39E0,-2.E-1,-3.200001315281E0));
#1244=LINE('',#1243,#1242);
#1245=DIRECTION('',(1.771534497034E-1,0.E0,-9.841832427237E-1));
#1246=VECTOR('',#1245,5.080341373578E-1);
#1247=CARTESIAN_POINT('',(-3.39E0,-2.E-1,-3.860001315281E0));
#1248=LINE('',#1247,#1246);
#1249=DIRECTION('',(0.E0,0.E0,-1.E0));
#1250=VECTOR('',#1249,2.9E-1);
#1251=CARTESIAN_POINT('',(-3.3E0,-2.E-1,-4.36E0));
#1252=LINE('',#1251,#1250);
#1253=DIRECTION('',(0.E0,0.E0,1.E0));
#1254=VECTOR('',#1253,2.9E-1);
#1255=CARTESIAN_POINT('',(3.3E0,-2.E-1,-4.65E0));
#1256=LINE('',#1255,#1254);
#1257=DIRECTION('',(1.771534497034E-1,0.E0,9.841832427237E-1));
#1258=VECTOR('',#1257,5.080341373578E-1);
#1259=CARTESIAN_POINT('',(3.3E0,-2.E-1,-4.36E0));
#1260=LINE('',#1259,#1258);
#1261=DIRECTION('',(0.E0,0.E0,1.E0));
#1262=VECTOR('',#1261,6.6E-1);
#1263=CARTESIAN_POINT('',(3.39E0,-2.E-1,-3.860001315281E0));
#1264=LINE('',#1263,#1262);
#1265=CARTESIAN_POINT('',(3.26E0,-2.E-1,-3.200001315281E0));
#1266=DIRECTION('',(0.E0,-1.E0,0.E0));
#1267=DIRECTION('',(1.E0,0.E0,0.E0));
#1268=AXIS2_PLACEMENT_3D('',#1265,#1266,#1267);
#1270=DIRECTION('',(-9.332547976196E-1,0.E0,3.592150925560E-1));
#1271=VECTOR('',#1270,2.246269568194E-2);
#1272=CARTESIAN_POINT('',(3.306697962032E0,-2.E-1,-3.078678191590E0));
#1273=LINE('',#1272,#1271);
#1274=DIRECTION('',(5.580637696949E-1,0.E0,8.297980651664E-1));
#1275=VECTOR('',#1274,4.769081161157E-1);
#1276=CARTESIAN_POINT('',(3.149265481463E0,-2.E-1,-2.638126867761E0));
#1277=LINE('',#1276,#1275);
#1278=DIRECTION('',(1.E0,0.E0,0.E0));
#1279=VECTOR('',#1278,1.15E-1);
#1280=CARTESIAN_POINT('',(-3.415E0,-2.E-1,-4.65E0));
#1281=LINE('',#1280,#1279);
#1282=DIRECTION('',(0.E0,1.E0,0.E0));
#1283=VECTOR('',#1282,4.E-1);
#1284=CARTESIAN_POINT('',(-3.3E0,-2.E-1,-4.65E0));
#1285=LINE('',#1284,#1283);
#1286=DIRECTION('',(1.E0,0.E0,0.E0));
#1287=VECTOR('',#1286,1.15E-1);
#1288=CARTESIAN_POINT('',(-3.415E0,2.E-1,-4.65E0));
#1289=LINE('',#1288,#1287);
#1290=DIRECTION('',(0.E0,-1.E0,0.E0));
#1291=VECTOR('',#1290,2.E-1);
#1292=CARTESIAN_POINT('',(-3.415E0,4.E-1,-4.65E0));
#1293=LINE('',#1292,#1291);
#1294=DIRECTION('',(1.E0,0.E0,0.E0));
#1295=VECTOR('',#1294,6.830410622540E0);
#1296=CARTESIAN_POINT('',(-3.415E0,4.E-1,-4.65E0));
#1297=LINE('',#1296,#1295);
#1298=DIRECTION('',(0.E0,1.E0,0.E0));
#1299=VECTOR('',#1298,2.E-1);
#1300=CARTESIAN_POINT('',(3.415410622540E0,2.E-1,-4.65E0));
#1301=LINE('',#1300,#1299);
#1302=DIRECTION('',(1.E0,0.E0,0.E0));
#1303=VECTOR('',#1302,1.154106225402E-1);
#1304=CARTESIAN_POINT('',(3.3E0,2.E-1,-4.65E0));
#1305=LINE('',#1304,#1303);
#1306=DIRECTION('',(0.E0,1.E0,0.E0));
#1307=VECTOR('',#1306,4.E-1);
#1308=CARTESIAN_POINT('',(3.3E0,-2.E-1,-4.65E0));
#1309=LINE('',#1308,#1307);
#1310=DIRECTION('',(1.E0,0.E0,0.E0));
#1311=VECTOR('',#1310,1.154106225402E-1);
#1312=CARTESIAN_POINT('',(3.3E0,-2.E-1,-4.65E0));
#1313=LINE('',#1312,#1311);
#1314=DIRECTION('',(0.E0,1.E0,0.E0));
#1315=VECTOR('',#1314,2.E-1);
#1316=CARTESIAN_POINT('',(3.415410622540E0,-4.E-1,-4.65E0));
#1317=LINE('',#1316,#1315);
#1318=DIRECTION('',(1.E0,0.E0,0.E0));
#1319=VECTOR('',#1318,6.830410622540E0);
#1320=CARTESIAN_POINT('',(-3.415E0,-4.E-1,-4.65E0));
#1321=LINE('',#1320,#1319);
#1322=DIRECTION('',(0.E0,-1.E0,0.E0));
#1323=VECTOR('',#1322,2.E-1);
#1324=CARTESIAN_POINT('',(-3.415E0,-2.E-1,-4.65E0));
#1325=LINE('',#1324,#1323);
#1326=DIRECTION('',(0.E0,1.E0,0.E0));
#1327=VECTOR('',#1326,4.E-1);
#1328=CARTESIAN_POINT('',(-3.3E0,-2.E-1,-4.36E0));
#1329=LINE('',#1328,#1327);
#1330=DIRECTION('',(0.E0,1.E0,0.E0));
#1331=VECTOR('',#1330,4.E-1);
#1332=CARTESIAN_POINT('',(-3.39E0,-2.E-1,-3.860001315281E0));
#1333=LINE('',#1332,#1331);
#1334=DIRECTION('',(0.E0,1.E0,0.E0));
#1335=VECTOR('',#1334,4.E-1);
#1336=CARTESIAN_POINT('',(-3.39E0,-2.E-1,-3.200001315281E0));
#1337=LINE('',#1336,#1335);
#1338=DIRECTION('',(0.E0,1.E0,0.E0));
#1339=VECTOR('',#1338,4.E-1);
#1340=CARTESIAN_POINT('',(-3.306697962032E0,-2.E-1,-3.078678191590E0));
#1341=LINE('',#1340,#1339);
#1342=DIRECTION('',(0.E0,1.E0,0.E0));
#1343=VECTOR('',#1342,4.E-1);
#1344=CARTESIAN_POINT('',(-3.285734543520E0,-2.E-1,-3.070609252282E0));
#1345=LINE('',#1344,#1343);
#1346=CARTESIAN_POINT('',(-3.389906920361E0,2.E-1,-2.799965360972E0));
#1347=DIRECTION('',(0.E0,1.E0,0.E0));
#1348=DIRECTION('',(8.297980651664E-1,0.E0,5.580637696949E-1));
#1349=AXIS2_PLACEMENT_3D('',#1346,#1347,#1348);
#1351=CARTESIAN_POINT('',(-3.389906920361E0,-2.E-1,-2.799965360972E0));
#1352=DIRECTION('',(0.E0,-1.E0,0.E0));
#1353=DIRECTION('',(3.592150925560E-1,0.E0,-9.332547976196E-1));
#1354=AXIS2_PLACEMENT_3D('',#1351,#1352,#1353);
#1356=DIRECTION('',(0.E0,1.E0,0.E0));
#1357=VECTOR('',#1356,4.E-1);
#1358=CARTESIAN_POINT('',(-3.149265481463E0,-2.E-1,-2.638126867761E0));
#1359=LINE('',#1358,#1357);
#1360=DIRECTION('',(0.E0,0.E0,-1.E0));
#1361=VECTOR('',#1360,2.9E-1);
#1362=CARTESIAN_POINT('',(-3.3E0,2.E-1,-4.36E0));
#1363=LINE('',#1362,#1361);
#1364=DIRECTION('',(1.771534497034E-1,0.E0,-9.841832427237E-1));
#1365=VECTOR('',#1364,5.080341373578E-1);
#1366=CARTESIAN_POINT('',(-3.39E0,2.E-1,-3.860001315281E0));
#1367=LINE('',#1366,#1365);
#1368=DIRECTION('',(0.E0,0.E0,-1.E0));
#1369=VECTOR('',#1368,6.6E-1);
#1370=CARTESIAN_POINT('',(-3.39E0,2.E-1,-3.200001315281E0));
#1371=LINE('',#1370,#1369);
#1372=CARTESIAN_POINT('',(-3.26E0,2.E-1,-3.200001315281E0));
#1373=DIRECTION('',(0.E0,-1.E0,0.E0));
#1374=DIRECTION('',(-3.592150925560E-1,0.E0,9.332547976196E-1));
#1375=AXIS2_PLACEMENT_3D('',#1372,#1373,#1374);
#1377=DIRECTION('',(-9.332547976196E-1,0.E0,-3.592150925560E-1));
#1378=VECTOR('',#1377,2.246269568194E-2);
#1379=CARTESIAN_POINT('',(-3.285734543520E0,2.E-1,-3.070609252282E0));
#1380=LINE('',#1379,#1378);
#1381=DIRECTION('',(5.580637696949E-1,0.E0,-8.297980651664E-1));
#1382=VECTOR('',#1381,4.761723175161E-1);
#1383=CARTESIAN_POINT('',(-3.415E0,2.E-1,-2.243E0));
#1384=LINE('',#1383,#1382);
#1385=DIRECTION('',(5.580637696949E-1,0.E0,8.297980651664E-1));
#1386=VECTOR('',#1385,4.769081161157E-1);
#1387=CARTESIAN_POINT('',(3.149265481463E0,2.E-1,-2.638126867761E0));
#1388=LINE('',#1387,#1386);
#1389=DIRECTION('',(-9.332547976196E-1,0.E0,3.592150925560E-1));
#1390=VECTOR('',#1389,2.246269568194E-2);
#1391=CARTESIAN_POINT('',(3.306697962032E0,2.E-1,-3.078678191590E0));
#1392=LINE('',#1391,#1390);
#1393=CARTESIAN_POINT('',(3.26E0,2.E-1,-3.200001315281E0));
#1394=DIRECTION('',(0.E0,-1.E0,0.E0));
#1395=DIRECTION('',(1.E0,0.E0,0.E0));
#1396=AXIS2_PLACEMENT_3D('',#1393,#1394,#1395);
#1398=DIRECTION('',(0.E0,0.E0,1.E0));
#1399=VECTOR('',#1398,6.6E-1);
#1400=CARTESIAN_POINT('',(3.39E0,2.E-1,-3.860001315281E0));
#1401=LINE('',#1400,#1399);
#1402=DIRECTION('',(1.771534497034E-1,0.E0,9.841832427237E-1));
#1403=VECTOR('',#1402,5.080341373578E-1);
#1404=CARTESIAN_POINT('',(3.3E0,2.E-1,-4.36E0));
#1405=LINE('',#1404,#1403);
#1406=DIRECTION('',(0.E0,0.E0,1.E0));
#1407=VECTOR('',#1406,2.9E-1);
#1408=CARTESIAN_POINT('',(3.3E0,2.E-1,-4.65E0));
#1409=LINE('',#1408,#1407);
#1410=DIRECTION('',(0.E0,0.E0,1.E0));
#1411=VECTOR('',#1410,2.407610564254E0);
#1412=CARTESIAN_POINT('',(3.415410622540E0,-2.E-1,-4.65E0));
#1413=LINE('',#1412,#1411);
#1414=DIRECTION('',(0.E0,1.E0,0.E0));
#1415=VECTOR('',#1414,4.E-1);
#1416=CARTESIAN_POINT('',(3.415410622540E0,-2.E-1,-2.242389435746E0));
#1417=LINE('',#1416,#1415);
#1418=DIRECTION('',(0.E0,0.E0,1.E0));
#1419=VECTOR('',#1418,2.407610564254E0);
#1420=CARTESIAN_POINT('',(3.415410622540E0,2.E-1,-4.65E0));
#1421=LINE('',#1420,#1419);
#1422=DIRECTION('',(0.E0,0.E0,1.E0));
#1423=VECTOR('',#1422,2.95E0);
#1424=CARTESIAN_POINT('',(3.415410622540E0,4.E-1,-4.65E0));
#1425=LINE('',#1424,#1423);
#1426=DIRECTION('',(-1.068839223740E-7,-1.E0,-1.071589332259E-7));
#1427=VECTOR('',#1426,7.999999867456E-1);
#1428=CARTESIAN_POINT('',(3.415410622510E0,3.999999999954E-1,
-2.500000000300E-1));
#1429=LINE('',#1428,#1427);
#1430=DIRECTION('',(0.E0,0.E0,1.E0));
#1431=VECTOR('',#1430,2.95E0);
#1432=CARTESIAN_POINT('',(3.415410622540E0,-4.E-1,-4.65E0));
#1433=LINE('',#1432,#1431);
#1434=DIRECTION('',(0.E0,1.E0,0.E0));
#1435=VECTOR('',#1434,4.E-1);
#1436=CARTESIAN_POINT('',(3.149265481463E0,-2.E-1,-2.638126867761E0));
#1437=LINE('',#1436,#1435);
#1438=CARTESIAN_POINT('',(3.389906920361E0,2.E-1,-2.799965360972E0));
#1439=DIRECTION('',(0.E0,1.E0,0.E0));
#1440=DIRECTION('',(-3.592150925560E-1,0.E0,-9.332547976196E-1));
#1441=AXIS2_PLACEMENT_3D('',#1438,#1439,#1440);
#1443=CARTESIAN_POINT('',(3.389906920361E0,-2.E-1,-2.799965360972E0));
#1444=DIRECTION('',(0.E0,-1.E0,0.E0));
#1445=DIRECTION('',(-8.297980651664E-1,0.E0,5.580637696949E-1));
#1446=AXIS2_PLACEMENT_3D('',#1443,#1444,#1445);
#1448=DIRECTION('',(0.E0,1.E0,0.E0));
#1449=VECTOR('',#1448,4.E-1);
#1450=CARTESIAN_POINT('',(3.285734543520E0,-2.E-1,-3.070609252282E0));
#1451=LINE('',#1450,#1449);
#1452=DIRECTION('',(0.E0,1.E0,0.E0));
#1453=VECTOR('',#1452,4.E-1);
#1454=CARTESIAN_POINT('',(3.306697962032E0,-2.E-1,-3.078678191590E0));
#1455=LINE('',#1454,#1453);
#1456=DIRECTION('',(0.E0,1.E0,0.E0));
#1457=VECTOR('',#1456,4.E-1);
#1458=CARTESIAN_POINT('',(3.39E0,-2.E-1,-3.200001315281E0));
#1459=LINE('',#1458,#1457);
#1460=DIRECTION('',(0.E0,1.E0,0.E0));
#1461=VECTOR('',#1460,4.E-1);
#1462=CARTESIAN_POINT('',(3.39E0,-2.E-1,-3.860001315281E0));
#1463=LINE('',#1462,#1461);
#1464=DIRECTION('',(0.E0,1.E0,0.E0));
#1465=VECTOR('',#1464,4.E-1);
#1466=CARTESIAN_POINT('',(3.3E0,-2.E-1,-4.36E0));
#1467=LINE('',#1466,#1465);
#1468=DIRECTION('',(1.E0,0.E0,0.E0));
#1469=VECTOR('',#1468,6.830410622540E0);
#1470=CARTESIAN_POINT('',(-3.415E0,4.E-1,-1.7E0));
#1471=LINE('',#1470,#1469);
#1472=DIRECTION('',(0.E0,0.E0,-1.E0));
#1473=VECTOR('',#1472,1.807E0);
#1474=CARTESIAN_POINT('',(-2.85E0,4.E-1,-2.242422786931E0));
#1475=LINE('',#1474,#1473);
#1476=DIRECTION('',(1.E0,0.E0,0.E0));
#1477=VECTOR('',#1476,2.E-1);
#1478=CARTESIAN_POINT('',(-2.85E0,4.E-1,-4.049422786931E0));
#1479=LINE('',#1478,#1477);
#1480=DIRECTION('',(0.E0,0.E0,-1.E0));
#1481=VECTOR('',#1480,1.807E0);
#1482=CARTESIAN_POINT('',(-2.65E0,4.E-1,-2.242422786931E0));
#1483=LINE('',#1482,#1481);
#1484=DIRECTION('',(1.E0,0.E0,0.E0));
#1485=VECTOR('',#1484,2.E-1);
#1486=CARTESIAN_POINT('',(-2.85E0,4.E-1,-2.242422786931E0));
#1487=LINE('',#1486,#1485);
#1488=DIRECTION('',(0.E0,0.E0,-1.E0));
#1489=VECTOR('',#1488,1.807E0);
#1490=CARTESIAN_POINT('',(-2.35E0,4.E-1,-2.242422786931E0));
#1491=LINE('',#1490,#1489);
#1492=DIRECTION('',(1.E0,0.E0,0.E0));
#1493=VECTOR('',#1492,2.E-1);
#1494=CARTESIAN_POINT('',(-2.35E0,4.E-1,-4.049422786931E0));
#1495=LINE('',#1494,#1493);
#1496=DIRECTION('',(0.E0,0.E0,-1.E0));
#1497=VECTOR('',#1496,1.807E0);
#1498=CARTESIAN_POINT('',(-2.15E0,4.E-1,-2.242422786931E0));
#1499=LINE('',#1498,#1497);
#1500=DIRECTION('',(1.E0,0.E0,0.E0));
#1501=VECTOR('',#1500,2.E-1);
#1502=CARTESIAN_POINT('',(-2.35E0,4.E-1,-2.242422786931E0));
#1503=LINE('',#1502,#1501);
#1504=DIRECTION('',(0.E0,0.E0,-1.E0));
#1505=VECTOR('',#1504,1.807E0);
#1506=CARTESIAN_POINT('',(-1.85E0,4.E-1,-2.242422786931E0));
#1507=LINE('',#1506,#1505);
#1508=DIRECTION('',(1.E0,0.E0,0.E0));
#1509=VECTOR('',#1508,2.E-1);
#1510=CARTESIAN_POINT('',(-1.85E0,4.E-1,-4.049422786931E0));
#1511=LINE('',#1510,#1509);
#1512=DIRECTION('',(0.E0,0.E0,-1.E0));
#1513=VECTOR('',#1512,1.807E0);
#1514=CARTESIAN_POINT('',(-1.65E0,4.E-1,-2.242422786931E0));
#1515=LINE('',#1514,#1513);
#1516=DIRECTION('',(1.E0,0.E0,0.E0));
#1517=VECTOR('',#1516,2.E-1);
#1518=CARTESIAN_POINT('',(-1.85E0,4.E-1,-2.242422786931E0));
#1519=LINE('',#1518,#1517);
#1520=DIRECTION('',(0.E0,0.E0,-1.E0));
#1521=VECTOR('',#1520,1.807E0);
#1522=CARTESIAN_POINT('',(-1.35E0,4.E-1,-2.242422786931E0));
#1523=LINE('',#1522,#1521);
#1524=DIRECTION('',(1.E0,0.E0,0.E0));
#1525=VECTOR('',#1524,2.E-1);
#1526=CARTESIAN_POINT('',(-1.35E0,4.E-1,-4.049422786931E0));
#1527=LINE('',#1526,#1525);
#1528=DIRECTION('',(0.E0,0.E0,-1.E0));
#1529=VECTOR('',#1528,1.807E0);
#1530=CARTESIAN_POINT('',(-1.15E0,4.E-1,-2.242422786931E0));
#1531=LINE('',#1530,#1529);
#1532=DIRECTION('',(1.E0,0.E0,0.E0));
#1533=VECTOR('',#1532,2.E-1);
#1534=CARTESIAN_POINT('',(-1.35E0,4.E-1,-2.242422786931E0));
#1535=LINE('',#1534,#1533);
#1536=DIRECTION('',(0.E0,0.E0,-1.E0));
#1537=VECTOR('',#1536,1.807E0);
#1538=CARTESIAN_POINT('',(-8.5E-1,4.E-1,-2.242422786931E0));
#1539=LINE('',#1538,#1537);
#1540=DIRECTION('',(1.E0,0.E0,0.E0));
#1541=VECTOR('',#1540,2.E-1);
#1542=CARTESIAN_POINT('',(-8.5E-1,4.E-1,-4.049422786931E0));
#1543=LINE('',#1542,#1541);
#1544=DIRECTION('',(0.E0,0.E0,-1.E0));
#1545=VECTOR('',#1544,1.807E0);
#1546=CARTESIAN_POINT('',(-6.5E-1,4.E-1,-2.242422786931E0));
#1547=LINE('',#1546,#1545);
#1548=DIRECTION('',(1.E0,0.E0,0.E0));
#1549=VECTOR('',#1548,2.E-1);
#1550=CARTESIAN_POINT('',(-8.5E-1,4.E-1,-2.242422786931E0));
#1551=LINE('',#1550,#1549);
#1552=DIRECTION('',(0.E0,0.E0,-1.E0));
#1553=VECTOR('',#1552,1.807E0);
#1554=CARTESIAN_POINT('',(-3.5E-1,4.E-1,-2.242422786931E0));
#1555=LINE('',#1554,#1553);
#1556=DIRECTION('',(1.E0,0.E0,0.E0));
#1557=VECTOR('',#1556,2.E-1);
#1558=CARTESIAN_POINT('',(-3.5E-1,4.E-1,-4.049422786931E0));
#1559=LINE('',#1558,#1557);
#1560=DIRECTION('',(0.E0,0.E0,-1.E0));
#1561=VECTOR('',#1560,1.807E0);
#1562=CARTESIAN_POINT('',(-1.5E-1,4.E-1,-2.242422786931E0));
#1563=LINE('',#1562,#1561);
#1564=DIRECTION('',(1.E0,0.E0,0.E0));
#1565=VECTOR('',#1564,2.E-1);
#1566=CARTESIAN_POINT('',(-3.5E-1,4.E-1,-2.242422786931E0));
#1567=LINE('',#1566,#1565);
#1568=DIRECTION('',(0.E0,0.E0,-1.E0));
#1569=VECTOR('',#1568,1.807E0);
#1570=CARTESIAN_POINT('',(1.5E-1,4.E-1,-2.242422786931E0));
#1571=LINE('',#1570,#1569);
#1572=DIRECTION('',(1.E0,0.E0,0.E0));
#1573=VECTOR('',#1572,2.E-1);
#1574=CARTESIAN_POINT('',(1.5E-1,4.E-1,-4.049422786931E0));
#1575=LINE('',#1574,#1573);
#1576=DIRECTION('',(0.E0,0.E0,-1.E0));
#1577=VECTOR('',#1576,1.807E0);
#1578=CARTESIAN_POINT('',(3.5E-1,4.E-1,-2.242422786931E0));
#1579=LINE('',#1578,#1577);
#1580=DIRECTION('',(1.E0,0.E0,0.E0));
#1581=VECTOR('',#1580,2.E-1);
#1582=CARTESIAN_POINT('',(1.5E-1,4.E-1,-2.242422786931E0));
#1583=LINE('',#1582,#1581);
#1584=DIRECTION('',(0.E0,0.E0,-1.E0));
#1585=VECTOR('',#1584,1.807E0);
#1586=CARTESIAN_POINT('',(6.5E-1,4.E-1,-2.242422786931E0));
#1587=LINE('',#1586,#1585);
#1588=DIRECTION('',(1.E0,0.E0,0.E0));
#1589=VECTOR('',#1588,2.E-1);
#1590=CARTESIAN_POINT('',(6.5E-1,4.E-1,-4.049422786931E0));
#1591=LINE('',#1590,#1589);
#1592=DIRECTION('',(0.E0,0.E0,-1.E0));
#1593=VECTOR('',#1592,1.807E0);
#1594=CARTESIAN_POINT('',(8.5E-1,4.E-1,-2.242422786931E0));
#1595=LINE('',#1594,#1593);
#1596=DIRECTION('',(1.E0,0.E0,0.E0));
#1597=VECTOR('',#1596,2.E-1);
#1598=CARTESIAN_POINT('',(6.5E-1,4.E-1,-2.242422786931E0));
#1599=LINE('',#1598,#1597);
#1600=DIRECTION('',(0.E0,0.E0,-1.E0));
#1601=VECTOR('',#1600,1.807E0);
#1602=CARTESIAN_POINT('',(1.15E0,4.E-1,-2.242422786931E0));
#1603=LINE('',#1602,#1601);
#1604=DIRECTION('',(1.E0,0.E0,0.E0));
#1605=VECTOR('',#1604,2.E-1);
#1606=CARTESIAN_POINT('',(1.15E0,4.E-1,-4.049422786931E0));
#1607=LINE('',#1606,#1605);
#1608=DIRECTION('',(0.E0,0.E0,-1.E0));
#1609=VECTOR('',#1608,1.807E0);
#1610=CARTESIAN_POINT('',(1.35E0,4.E-1,-2.242422786931E0));
#1611=LINE('',#1610,#1609);
#1612=DIRECTION('',(1.E0,0.E0,0.E0));
#1613=VECTOR('',#1612,2.E-1);
#1614=CARTESIAN_POINT('',(1.15E0,4.E-1,-2.242422786931E0));
#1615=LINE('',#1614,#1613);
#1616=DIRECTION('',(0.E0,0.E0,-1.E0));
#1617=VECTOR('',#1616,1.807E0);
#1618=CARTESIAN_POINT('',(1.65E0,4.E-1,-2.242422786931E0));
#1619=LINE('',#1618,#1617);
#1620=DIRECTION('',(1.E0,0.E0,0.E0));
#1621=VECTOR('',#1620,2.E-1);
#1622=CARTESIAN_POINT('',(1.65E0,4.E-1,-4.049422786931E0));
#1623=LINE('',#1622,#1621);
#1624=DIRECTION('',(0.E0,0.E0,-1.E0));
#1625=VECTOR('',#1624,1.807E0);
#1626=CARTESIAN_POINT('',(1.85E0,4.E-1,-2.242422786931E0));
#1627=LINE('',#1626,#1625);
#1628=DIRECTION('',(1.E0,0.E0,0.E0));
#1629=VECTOR('',#1628,2.E-1);
#1630=CARTESIAN_POINT('',(1.65E0,4.E-1,-2.242422786931E0));
#1631=LINE('',#1630,#1629);
#1632=DIRECTION('',(0.E0,0.E0,-1.E0));
#1633=VECTOR('',#1632,1.807E0);
#1634=CARTESIAN_POINT('',(2.15E0,4.E-1,-2.242422786931E0));
#1635=LINE('',#1634,#1633);
#1636=DIRECTION('',(1.E0,0.E0,0.E0));
#1637=VECTOR('',#1636,2.E-1);
#1638=CARTESIAN_POINT('',(2.15E0,4.E-1,-4.049422786931E0));
#1639=LINE('',#1638,#1637);
#1640=DIRECTION('',(0.E0,0.E0,-1.E0));
#1641=VECTOR('',#1640,1.807E0);
#1642=CARTESIAN_POINT('',(2.35E0,4.E-1,-2.242422786931E0));
#1643=LINE('',#1642,#1641);
#1644=DIRECTION('',(1.E0,0.E0,0.E0));
#1645=VECTOR('',#1644,2.E-1);
#1646=CARTESIAN_POINT('',(2.15E0,4.E-1,-2.242422786931E0));
#1647=LINE('',#1646,#1645);
#1648=DIRECTION('',(0.E0,0.E0,-1.E0));
#1649=VECTOR('',#1648,1.807E0);
#1650=CARTESIAN_POINT('',(2.65E0,4.E-1,-2.242422786931E0));
#1651=LINE('',#1650,#1649);
#1652=DIRECTION('',(1.E0,0.E0,0.E0));
#1653=VECTOR('',#1652,2.E-1);
#1654=CARTESIAN_POINT('',(2.65E0,4.E-1,-4.049422786931E0));
#1655=LINE('',#1654,#1653);
#1656=DIRECTION('',(0.E0,0.E0,-1.E0));
#1657=VECTOR('',#1656,1.807E0);
#1658=CARTESIAN_POINT('',(2.85E0,4.E-1,-2.242422786931E0));
#1659=LINE('',#1658,#1657);
#1660=DIRECTION('',(1.E0,0.E0,0.E0));
#1661=VECTOR('',#1660,2.E-1);
#1662=CARTESIAN_POINT('',(2.65E0,4.E-1,-2.242422786931E0));
#1663=LINE('',#1662,#1661);
#1664=DIRECTION('',(0.E0,7.071067811876E-1,7.071067811855E-1));
#1665=VECTOR('',#1664,1.931355631E-3);
#1666=CARTESIAN_POINT('',(-3.415E0,4.E-1,-1.7E0));
#1667=LINE('',#1666,#1665);
#1668=CARTESIAN_POINT('',(-3.415E0,4.013656746636E-1,-1.698634325336E0));
#1669=CARTESIAN_POINT('',(-3.401175532664E0,4.470536905816E-1,
-1.652946309418E0));
#1670=CARTESIAN_POINT('',(-3.378491909509E0,4.902279384658E-1,
-1.609772061534E0));
#1671=CARTESIAN_POINT('',(-3.343818119165E0,5.3E-1,-1.57E0));
#1673=CARTESIAN_POINT('',(3.343819364608E0,5.3E-1,-1.57E0));
#1674=CARTESIAN_POINT('',(3.378847720573E0,4.898207999442E-1,
-1.610179200056E0));
#1675=CARTESIAN_POINT('',(3.401641107595E0,4.461850755872E-1,
-1.653814924413E0));
#1676=CARTESIAN_POINT('',(3.415410622540E0,4.E-1,-1.7E0));
#1678=CARTESIAN_POINT('',(-3.08E0,3.E-1,-1.57E0));
#1679=DIRECTION('',(0.E0,0.E0,1.E0));
#1680=DIRECTION('',(0.E0,1.E0,0.E0));
#1681=AXIS2_PLACEMENT_3D('',#1678,#1679,#1680);
#1683=DIRECTION('',(7.119481731450E-8,-1.118658162148E-8,1.E0));
#1684=VECTOR('',#1683,1.448634221928E0);
#1685=CARTESIAN_POINT('',(-3.415E0,4.013656746636E-1,-1.698634325336E0));
#1686=LINE('',#1685,#1684);
#1687=CARTESIAN_POINT('',(-3.08E0,3.E-1,-2.5E-1));
#1688=DIRECTION('',(0.E0,0.E0,-1.E0));
#1689=DIRECTION('',(-9.571428571429E-1,2.896162133245E-1,0.E0));
#1690=AXIS2_PLACEMENT_3D('',#1687,#1688,#1689);
#1692=DIRECTION('',(-1.566686847716E-9,7.778567353129E-11,-1.E0));
#1693=VECTOR('',#1692,1.319999999897E0);
#1694=CARTESIAN_POINT('',(-3.079999997932E0,6.499999998973E-1,
-2.500000001027E-1));
#1695=LINE('',#1694,#1693);
#1696=DIRECTION('',(-1.E0,0.E0,0.E0));
#1697=VECTOR('',#1696,6.687637483773E0);
#1698=CARTESIAN_POINT('',(3.343819364608E0,-5.3E-1,-1.57E0));
#1699=LINE('',#1698,#1697);
#1700=DIRECTION('',(1.E0,0.E0,0.E0));
#1701=VECTOR('',#1700,6.687637483773E0);
#1702=CARTESIAN_POINT('',(-3.343818119165E0,5.3E-1,-1.57E0));
#1703=LINE('',#1702,#1701);
#1704=CARTESIAN_POINT('',(3.415410622540E0,-4.E-1,-1.7E0));
#1705=CARTESIAN_POINT('',(3.401641107595E0,-4.461850755872E-1,
-1.653814924413E0));
#1706=CARTESIAN_POINT('',(3.378847720573E0,-4.898207999442E-1,
-1.610179200056E0));
#1707=CARTESIAN_POINT('',(3.343819364608E0,-5.3E-1,-1.57E0));
#1709=CARTESIAN_POINT('',(-3.343818119165E0,-5.3E-1,-1.57E0));
#1710=CARTESIAN_POINT('',(-3.378491909509E0,-4.902279384658E-1,
-1.609772061534E0));
#1711=CARTESIAN_POINT('',(-3.401175532664E0,-4.470536905816E-1,
-1.652946309418E0));
#1712=CARTESIAN_POINT('',(-3.415E0,-4.013656746636E-1,-1.698634325336E0));
#1714=DIRECTION('',(-9.197461155710E-13,7.071067811876E-1,-7.071067811855E-1));
#1715=VECTOR('',#1714,1.931355631002E-3);
#1716=CARTESIAN_POINT('',(-3.415E0,-4.013656746636E-1,-1.698634325336E0));
#1717=LINE('',#1716,#1715);
#1718=DIRECTION('',(-1.E0,0.E0,0.E0));
#1719=VECTOR('',#1718,6.830410622540E0);
#1720=CARTESIAN_POINT('',(3.415410622540E0,-4.E-1,-1.7E0));
#1721=LINE('',#1720,#1719);
#1722=DIRECTION('',(0.E0,0.E0,-1.E0));
#1723=VECTOR('',#1722,1.814E0);
#1724=CARTESIAN_POINT('',(-2.85E0,-4.E-1,-2.235617674039E0));
#1725=LINE('',#1724,#1723);
#1726=DIRECTION('',(1.E0,0.E0,0.E0));
#1727=VECTOR('',#1726,2.E-1);
#1728=CARTESIAN_POINT('',(-2.85E0,-4.E-1,-2.235617674039E0));
#1729=LINE('',#1728,#1727);
#1730=DIRECTION('',(0.E0,0.E0,-1.E0));
#1731=VECTOR('',#1730,1.814E0);
#1732=CARTESIAN_POINT('',(-2.65E0,-4.E-1,-2.235617674039E0));
#1733=LINE('',#1732,#1731);
#1734=DIRECTION('',(1.E0,0.E0,0.E0));
#1735=VECTOR('',#1734,2.E-1);
#1736=CARTESIAN_POINT('',(-2.85E0,-4.E-1,-4.049617674039E0));
#1737=LINE('',#1736,#1735);
#1738=DIRECTION('',(0.E0,0.E0,-1.E0));
#1739=VECTOR('',#1738,1.814E0);
#1740=CARTESIAN_POINT('',(-2.35E0,-4.E-1,-2.235617674039E0));
#1741=LINE('',#1740,#1739);
#1742=DIRECTION('',(1.E0,0.E0,0.E0));
#1743=VECTOR('',#1742,2.E-1);
#1744=CARTESIAN_POINT('',(-2.35E0,-4.E-1,-2.235617674039E0));
#1745=LINE('',#1744,#1743);
#1746=DIRECTION('',(0.E0,0.E0,-1.E0));
#1747=VECTOR('',#1746,1.814E0);
#1748=CARTESIAN_POINT('',(-2.15E0,-4.E-1,-2.235617674039E0));
#1749=LINE('',#1748,#1747);
#1750=DIRECTION('',(1.E0,0.E0,0.E0));
#1751=VECTOR('',#1750,2.E-1);
#1752=CARTESIAN_POINT('',(-2.35E0,-4.E-1,-4.049617674039E0));
#1753=LINE('',#1752,#1751);
#1754=DIRECTION('',(0.E0,0.E0,-1.E0));
#1755=VECTOR('',#1754,1.814E0);
#1756=CARTESIAN_POINT('',(-1.85E0,-4.E-1,-2.235617674039E0));
#1757=LINE('',#1756,#1755);
#1758=DIRECTION('',(1.E0,0.E0,0.E0));
#1759=VECTOR('',#1758,2.E-1);
#1760=CARTESIAN_POINT('',(-1.85E0,-4.E-1,-2.235617674039E0));
#1761=LINE('',#1760,#1759);
#1762=DIRECTION('',(0.E0,0.E0,-1.E0));
#1763=VECTOR('',#1762,1.814E0);
#1764=CARTESIAN_POINT('',(-1.65E0,-4.E-1,-2.235617674039E0));
#1765=LINE('',#1764,#1763);
#1766=DIRECTION('',(1.E0,0.E0,0.E0));
#1767=VECTOR('',#1766,2.E-1);
#1768=CARTESIAN_POINT('',(-1.85E0,-4.E-1,-4.049617674039E0));
#1769=LINE('',#1768,#1767);
#1770=DIRECTION('',(0.E0,0.E0,-1.E0));
#1771=VECTOR('',#1770,1.814E0);
#1772=CARTESIAN_POINT('',(-1.35E0,-4.E-1,-2.235617674039E0));
#1773=LINE('',#1772,#1771);
#1774=DIRECTION('',(1.E0,0.E0,0.E0));
#1775=VECTOR('',#1774,2.E-1);
#1776=CARTESIAN_POINT('',(-1.35E0,-4.E-1,-2.235617674039E0));
#1777=LINE('',#1776,#1775);
#1778=DIRECTION('',(0.E0,0.E0,-1.E0));
#1779=VECTOR('',#1778,1.814E0);
#1780=CARTESIAN_POINT('',(-1.15E0,-4.E-1,-2.235617674039E0));
#1781=LINE('',#1780,#1779);
#1782=DIRECTION('',(1.E0,0.E0,0.E0));
#1783=VECTOR('',#1782,2.E-1);
#1784=CARTESIAN_POINT('',(-1.35E0,-4.E-1,-4.049617674039E0));
#1785=LINE('',#1784,#1783);
#1786=DIRECTION('',(0.E0,0.E0,-1.E0));
#1787=VECTOR('',#1786,1.814E0);
#1788=CARTESIAN_POINT('',(-8.5E-1,-4.E-1,-2.235617674039E0));
#1789=LINE('',#1788,#1787);
#1790=DIRECTION('',(1.E0,0.E0,0.E0));
#1791=VECTOR('',#1790,2.E-1);
#1792=CARTESIAN_POINT('',(-8.5E-1,-4.E-1,-2.235617674039E0));
#1793=LINE('',#1792,#1791);
#1794=DIRECTION('',(0.E0,0.E0,-1.E0));
#1795=VECTOR('',#1794,1.814E0);
#1796=CARTESIAN_POINT('',(-6.5E-1,-4.E-1,-2.235617674039E0));
#1797=LINE('',#1796,#1795);
#1798=DIRECTION('',(1.E0,0.E0,0.E0));
#1799=VECTOR('',#1798,2.E-1);
#1800=CARTESIAN_POINT('',(-8.5E-1,-4.E-1,-4.049617674039E0));
#1801=LINE('',#1800,#1799);
#1802=DIRECTION('',(0.E0,0.E0,-1.E0));
#1803=VECTOR('',#1802,1.814E0);
#1804=CARTESIAN_POINT('',(-3.5E-1,-4.E-1,-2.235617674039E0));
#1805=LINE('',#1804,#1803);
#1806=DIRECTION('',(1.E0,0.E0,0.E0));
#1807=VECTOR('',#1806,2.E-1);
#1808=CARTESIAN_POINT('',(-3.5E-1,-4.E-1,-2.235617674039E0));
#1809=LINE('',#1808,#1807);
#1810=DIRECTION('',(0.E0,0.E0,-1.E0));
#1811=VECTOR('',#1810,1.814E0);
#1812=CARTESIAN_POINT('',(-1.5E-1,-4.E-1,-2.235617674039E0));
#1813=LINE('',#1812,#1811);
#1814=DIRECTION('',(1.E0,0.E0,0.E0));
#1815=VECTOR('',#1814,2.E-1);
#1816=CARTESIAN_POINT('',(-3.5E-1,-4.E-1,-4.049617674039E0));
#1817=LINE('',#1816,#1815);
#1818=DIRECTION('',(0.E0,0.E0,-1.E0));
#1819=VECTOR('',#1818,1.814E0);
#1820=CARTESIAN_POINT('',(1.5E-1,-4.E-1,-2.235617674039E0));
#1821=LINE('',#1820,#1819);
#1822=DIRECTION('',(1.E0,0.E0,0.E0));
#1823=VECTOR('',#1822,2.E-1);
#1824=CARTESIAN_POINT('',(1.5E-1,-4.E-1,-2.235617674039E0));
#1825=LINE('',#1824,#1823);
#1826=DIRECTION('',(0.E0,0.E0,-1.E0));
#1827=VECTOR('',#1826,1.814E0);
#1828=CARTESIAN_POINT('',(3.5E-1,-4.E-1,-2.235617674039E0));
#1829=LINE('',#1828,#1827);
#1830=DIRECTION('',(1.E0,0.E0,0.E0));
#1831=VECTOR('',#1830,2.E-1);
#1832=CARTESIAN_POINT('',(1.5E-1,-4.E-1,-4.049617674039E0));
#1833=LINE('',#1832,#1831);
#1834=DIRECTION('',(0.E0,0.E0,-1.E0));
#1835=VECTOR('',#1834,1.814E0);
#1836=CARTESIAN_POINT('',(6.5E-1,-4.E-1,-2.235617674039E0));
#1837=LINE('',#1836,#1835);
#1838=DIRECTION('',(1.E0,0.E0,0.E0));
#1839=VECTOR('',#1838,2.E-1);
#1840=CARTESIAN_POINT('',(6.5E-1,-4.E-1,-2.235617674039E0));
#1841=LINE('',#1840,#1839);
#1842=DIRECTION('',(0.E0,0.E0,-1.E0));
#1843=VECTOR('',#1842,1.814E0);
#1844=CARTESIAN_POINT('',(8.5E-1,-4.E-1,-2.235617674039E0));
#1845=LINE('',#1844,#1843);
#1846=DIRECTION('',(1.E0,0.E0,0.E0));
#1847=VECTOR('',#1846,2.E-1);
#1848=CARTESIAN_POINT('',(6.5E-1,-4.E-1,-4.049617674039E0));
#1849=LINE('',#1848,#1847);
#1850=DIRECTION('',(0.E0,0.E0,-1.E0));
#1851=VECTOR('',#1850,1.814E0);
#1852=CARTESIAN_POINT('',(1.15E0,-4.E-1,-2.235617674039E0));
#1853=LINE('',#1852,#1851);
#1854=DIRECTION('',(1.E0,0.E0,0.E0));
#1855=VECTOR('',#1854,2.E-1);
#1856=CARTESIAN_POINT('',(1.15E0,-4.E-1,-2.235617674039E0));
#1857=LINE('',#1856,#1855);
#1858=DIRECTION('',(0.E0,0.E0,-1.E0));
#1859=VECTOR('',#1858,1.814E0);
#1860=CARTESIAN_POINT('',(1.35E0,-4.E-1,-2.235617674039E0));
#1861=LINE('',#1860,#1859);
#1862=DIRECTION('',(1.E0,0.E0,0.E0));
#1863=VECTOR('',#1862,2.E-1);
#1864=CARTESIAN_POINT('',(1.15E0,-4.E-1,-4.049617674039E0));
#1865=LINE('',#1864,#1863);
#1866=DIRECTION('',(0.E0,0.E0,-1.E0));
#1867=VECTOR('',#1866,1.814E0);
#1868=CARTESIAN_POINT('',(1.65E0,-4.E-1,-2.235617674039E0));
#1869=LINE('',#1868,#1867);
#1870=DIRECTION('',(1.E0,0.E0,0.E0));
#1871=VECTOR('',#1870,2.E-1);
#1872=CARTESIAN_POINT('',(1.65E0,-4.E-1,-2.235617674039E0));
#1873=LINE('',#1872,#1871);
#1874=DIRECTION('',(0.E0,0.E0,-1.E0));
#1875=VECTOR('',#1874,1.814E0);
#1876=CARTESIAN_POINT('',(1.85E0,-4.E-1,-2.235617674039E0));
#1877=LINE('',#1876,#1875);
#1878=DIRECTION('',(1.E0,0.E0,0.E0));
#1879=VECTOR('',#1878,2.E-1);
#1880=CARTESIAN_POINT('',(1.65E0,-4.E-1,-4.049617674039E0));
#1881=LINE('',#1880,#1879);
#1882=DIRECTION('',(0.E0,0.E0,-1.E0));
#1883=VECTOR('',#1882,1.814E0);
#1884=CARTESIAN_POINT('',(2.15E0,-4.E-1,-2.235617674039E0));
#1885=LINE('',#1884,#1883);
#1886=DIRECTION('',(1.E0,0.E0,0.E0));
#1887=VECTOR('',#1886,2.E-1);
#1888=CARTESIAN_POINT('',(2.15E0,-4.E-1,-2.235617674039E0));
#1889=LINE('',#1888,#1887);
#1890=DIRECTION('',(0.E0,0.E0,-1.E0));
#1891=VECTOR('',#1890,1.814E0);
#1892=CARTESIAN_POINT('',(2.35E0,-4.E-1,-2.235617674039E0));
#1893=LINE('',#1892,#1891);
#1894=DIRECTION('',(1.E0,0.E0,0.E0));
#1895=VECTOR('',#1894,2.E-1);
#1896=CARTESIAN_POINT('',(2.15E0,-4.E-1,-4.049617674039E0));
#1897=LINE('',#1896,#1895);
#1898=DIRECTION('',(0.E0,0.E0,-1.E0));
#1899=VECTOR('',#1898,1.814E0);
#1900=CARTESIAN_POINT('',(2.65E0,-4.E-1,-2.235617674039E0));
#1901=LINE('',#1900,#1899);
#1902=DIRECTION('',(1.E0,0.E0,0.E0));
#1903=VECTOR('',#1902,2.E-1);
#1904=CARTESIAN_POINT('',(2.65E0,-4.E-1,-2.235617674039E0));
#1905=LINE('',#1904,#1903);
#1906=DIRECTION('',(0.E0,0.E0,-1.E0));
#1907=VECTOR('',#1906,1.814E0);
#1908=CARTESIAN_POINT('',(2.85E0,-4.E-1,-2.235617674039E0));
#1909=LINE('',#1908,#1907);
#1910=DIRECTION('',(1.E0,0.E0,0.E0));
#1911=VECTOR('',#1910,2.E-1);
#1912=CARTESIAN_POINT('',(2.65E0,-4.E-1,-4.049617674039E0));
#1913=LINE('',#1912,#1911);
#1914=DIRECTION('',(0.E0,1.218693434051E-1,9.925461516413E-1));
#1915=VECTOR('',#1914,1.097134389711E0);
#1916=CARTESIAN_POINT('',(-2.85E0,-4.E-1,-4.049617674039E0));
#1917=LINE('',#1916,#1915);
#1918=CARTESIAN_POINT('',(-2.85E0,-1.172929522987E-1,-2.977952774164E0));
#1919=DIRECTION('',(-1.E0,0.E0,0.E0));
#1920=DIRECTION('',(0.E0,-9.933333333333E-1,1.152774431053E-1));
#1921=AXIS2_PLACEMENT_3D('',#1918,#1919,#1920);
#1923=CARTESIAN_POINT('',(-2.85E0,-3.75E-1,-2.64E0));
#1924=DIRECTION('',(1.E0,0.E0,0.E0));
#1925=DIRECTION('',(0.E0,6.063695240033E-1,-7.951829980326E-1));
#1926=AXIS2_PLACEMENT_3D('',#1923,#1924,#1925);
#1928=DIRECTION('',(0.E0,-7.227741869578E-1,6.910842746493E-1));
#1929=VECTOR('',#1928,2.975316210914E-1);
#1930=CARTESIAN_POINT('',(-2.85E0,-1.849518244714E-1,-2.441237098587E0));
#1931=LINE('',#1930,#1929);
#1932=DIRECTION('',(0.E0,-7.343698968780E-1,-6.787494784965E-1));
#1933=VECTOR('',#1932,2.882145734545E-1);
#1934=CARTESIAN_POINT('',(-2.85E0,4.E-1,-2.242422786931E0));
#1935=LINE('',#1934,#1933);
#1936=CARTESIAN_POINT('',(-2.85E0,3.75E-1,-2.64E0));
#1937=DIRECTION('',(1.E0,0.E0,0.E0));
#1938=DIRECTION('',(0.E0,-6.787494784965E-1,7.343698968780E-1));
#1939=AXIS2_PLACEMENT_3D('',#1936,#1937,#1938);
#1941=CARTESIAN_POINT('',(-2.85E0,1.173156788795E-1,-2.977970103188E0));
#1942=DIRECTION('',(-1.E0,0.E0,0.E0));
#1943=DIRECTION('',(0.E0,6.063160496953E-1,7.952237722062E-1));
#1944=AXIS2_PLACEMENT_3D('',#1941,#1942,#1943);
#1946=DIRECTION('',(0.E0,1.218693434051E-1,-9.925461516413E-1));
#1947=VECTOR('',#1946,1.097916790521E0);
#1948=CARTESIAN_POINT('',(-2.85E0,2.661976016257E-1,-2.959689701677E0));
#1949=LINE('',#1948,#1947);
#1950=DIRECTION('',(0.E0,-7.227741869578E-1,6.910842746493E-1));
#1951=VECTOR('',#1950,2.975316210914E-1);
#1952=CARTESIAN_POINT('',(-2.65E0,-1.849518244714E-1,-2.441237098587E0));
#1953=LINE('',#1952,#1951);
#1954=CARTESIAN_POINT('',(-2.65E0,-3.75E-1,-2.64E0));
#1955=DIRECTION('',(1.E0,0.E0,0.E0));
#1956=DIRECTION('',(0.E0,6.063695240033E-1,-7.951829980326E-1));
#1957=AXIS2_PLACEMENT_3D('',#1954,#1955,#1956);
#1959=CARTESIAN_POINT('',(-2.65E0,-1.172929522987E-1,-2.977952774164E0));
#1960=DIRECTION('',(-1.E0,0.E0,0.E0));
#1961=DIRECTION('',(0.E0,-9.933333333333E-1,1.152774431053E-1));
#1962=AXIS2_PLACEMENT_3D('',#1959,#1960,#1961);
#1964=DIRECTION('',(0.E0,1.218693434051E-1,9.925461516413E-1));
#1965=VECTOR('',#1964,1.097134389711E0);
#1966=CARTESIAN_POINT('',(-2.65E0,-4.E-1,-4.049617674039E0));
#1967=LINE('',#1966,#1965);
#1968=DIRECTION('',(0.E0,1.218693434051E-1,-9.925461516413E-1));
#1969=VECTOR('',#1968,1.097916790521E0);
#1970=CARTESIAN_POINT('',(-2.65E0,2.661976016257E-1,-2.959689701677E0));
#1971=LINE('',#1970,#1969);
#1972=CARTESIAN_POINT('',(-2.65E0,1.173156788795E-1,-2.977970103188E0));
#1973=DIRECTION('',(-1.E0,0.E0,0.E0));
#1974=DIRECTION('',(0.E0,6.063160496953E-1,7.952237722062E-1));
#1975=AXIS2_PLACEMENT_3D('',#1972,#1973,#1974);
#1977=CARTESIAN_POINT('',(-2.65E0,3.75E-1,-2.64E0));
#1978=DIRECTION('',(1.E0,0.E0,0.E0));
#1979=DIRECTION('',(0.E0,-6.787494784965E-1,7.343698968780E-1));
#1980=AXIS2_PLACEMENT_3D('',#1977,#1978,#1979);
#1982=DIRECTION('',(0.E0,-7.343698968780E-1,-6.787494784965E-1));
#1983=VECTOR('',#1982,2.882145734545E-1);
#1984=CARTESIAN_POINT('',(-2.65E0,4.E-1,-2.242422786931E0));
#1985=LINE('',#1984,#1983);
#1986=DIRECTION('',(1.E0,0.E0,0.E0));
#1987=VECTOR('',#1986,2.E-1);
#1988=CARTESIAN_POINT('',(-2.85E0,-1.849518244714E-1,-2.441237098587E0));
#1989=LINE('',#1988,#1987);
#1990=DIRECTION('',(1.E0,0.E0,0.E0));
#1991=VECTOR('',#1990,2.E-1);
#1992=CARTESIAN_POINT('',(-2.85E0,-2.082483808991E-1,-2.858675324459E0));
#1993=LINE('',#1992,#1991);
#1994=DIRECTION('',(1.E0,0.E0,0.E0));
#1995=VECTOR('',#1994,2.E-1);
#1996=CARTESIAN_POINT('',(-2.85E0,-2.662929522987E-1,-2.960661157698E0));
#1997=LINE('',#1996,#1995);
#1998=DIRECTION('',(1.E0,0.E0,0.E0));
#1999=VECTOR('',#1998,2.E-1);
#2000=CARTESIAN_POINT('',(-2.85E0,2.661976016257E-1,-2.959689701677E0));
#2001=LINE('',#2000,#1999);
#2002=DIRECTION('',(1.E0,0.E0,0.E0));
#2003=VECTOR('',#2002,2.E-1);
#2004=CARTESIAN_POINT('',(-2.85E0,2.082630863338E-1,-2.858686537357E0));
#2005=LINE('',#2004,#2003);
#2006=DIRECTION('',(1.E0,0.E0,0.E0));
#2007=VECTOR('',#2006,2.E-1);
#2008=CARTESIAN_POINT('',(-2.85E0,1.883438934135E-1,-2.438048278359E0));
#2009=LINE('',#2008,#2007);
#2010=DIRECTION('',(0.E0,1.218693434051E-1,9.925461516413E-1));
#2011=VECTOR('',#2010,1.097134389711E0);
#2012=CARTESIAN_POINT('',(-2.35E0,-4.E-1,-4.049617674039E0));
#2013=LINE('',#2012,#2011);
#2014=CARTESIAN_POINT('',(-2.35E0,-1.172929522987E-1,-2.977952774164E0));
#2015=DIRECTION('',(-1.E0,0.E0,0.E0));
#2016=DIRECTION('',(0.E0,-9.933333333333E-1,1.152774431053E-1));
#2017=AXIS2_PLACEMENT_3D('',#2014,#2015,#2016);
#2019=CARTESIAN_POINT('',(-2.35E0,-3.75E-1,-2.64E0));
#2020=DIRECTION('',(1.E0,0.E0,0.E0));
#2021=DIRECTION('',(0.E0,6.063695240033E-1,-7.951829980326E-1));
#2022=AXIS2_PLACEMENT_3D('',#2019,#2020,#2021);
#2024=DIRECTION('',(0.E0,-7.227741869578E-1,6.910842746493E-1));
#2025=VECTOR('',#2024,2.975316210914E-1);
#2026=CARTESIAN_POINT('',(-2.35E0,-1.849518244714E-1,-2.441237098587E0));
#2027=LINE('',#2026,#2025);
#2028=DIRECTION('',(0.E0,-7.343698968780E-1,-6.787494784965E-1));
#2029=VECTOR('',#2028,2.882145734545E-1);
#2030=CARTESIAN_POINT('',(-2.35E0,4.E-1,-2.242422786931E0));
#2031=LINE('',#2030,#2029);
#2032=CARTESIAN_POINT('',(-2.35E0,3.75E-1,-2.64E0));
#2033=DIRECTION('',(1.E0,0.E0,0.E0));
#2034=DIRECTION('',(0.E0,-6.787494784965E-1,7.343698968780E-1));
#2035=AXIS2_PLACEMENT_3D('',#2032,#2033,#2034);
#2037=CARTESIAN_POINT('',(-2.35E0,1.173156788795E-1,-2.977970103188E0));
#2038=DIRECTION('',(-1.E0,0.E0,0.E0));
#2039=DIRECTION('',(0.E0,6.063160496953E-1,7.952237722062E-1));
#2040=AXIS2_PLACEMENT_3D('',#2037,#2038,#2039);
#2042=DIRECTION('',(0.E0,1.218693434051E-1,-9.925461516413E-1));
#2043=VECTOR('',#2042,1.097916790521E0);
#2044=CARTESIAN_POINT('',(-2.35E0,2.661976016257E-1,-2.959689701677E0));
#2045=LINE('',#2044,#2043);
#2046=DIRECTION('',(0.E0,-7.227741869578E-1,6.910842746493E-1));
#2047=VECTOR('',#2046,2.975316210914E-1);
#2048=CARTESIAN_POINT('',(-2.15E0,-1.849518244714E-1,-2.441237098587E0));
#2049=LINE('',#2048,#2047);
#2050=CARTESIAN_POINT('',(-2.15E0,-3.75E-1,-2.64E0));
#2051=DIRECTION('',(1.E0,0.E0,0.E0));
#2052=DIRECTION('',(0.E0,6.063695240033E-1,-7.951829980326E-1));
#2053=AXIS2_PLACEMENT_3D('',#2050,#2051,#2052);
#2055=CARTESIAN_POINT('',(-2.15E0,-1.172929522987E-1,-2.977952774164E0));
#2056=DIRECTION('',(-1.E0,0.E0,0.E0));
#2057=DIRECTION('',(0.E0,-9.933333333333E-1,1.152774431053E-1));
#2058=AXIS2_PLACEMENT_3D('',#2055,#2056,#2057);
#2060=DIRECTION('',(0.E0,1.218693434051E-1,9.925461516413E-1));
#2061=VECTOR('',#2060,1.097134389711E0);
#2062=CARTESIAN_POINT('',(-2.15E0,-4.E-1,-4.049617674039E0));
#2063=LINE('',#2062,#2061);
#2064=DIRECTION('',(0.E0,1.218693434051E-1,-9.925461516413E-1));
#2065=VECTOR('',#2064,1.097916790521E0);
#2066=CARTESIAN_POINT('',(-2.15E0,2.661976016257E-1,-2.959689701677E0));
#2067=LINE('',#2066,#2065);
#2068=CARTESIAN_POINT('',(-2.15E0,1.173156788795E-1,-2.977970103188E0));
#2069=DIRECTION('',(-1.E0,0.E0,0.E0));
#2070=DIRECTION('',(0.E0,6.063160496953E-1,7.952237722062E-1));
#2071=AXIS2_PLACEMENT_3D('',#2068,#2069,#2070);
#2073=CARTESIAN_POINT('',(-2.15E0,3.75E-1,-2.64E0));
#2074=DIRECTION('',(1.E0,0.E0,0.E0));
#2075=DIRECTION('',(0.E0,-6.787494784965E-1,7.343698968780E-1));
#2076=AXIS2_PLACEMENT_3D('',#2073,#2074,#2075);
#2078=DIRECTION('',(0.E0,-7.343698968780E-1,-6.787494784965E-1));
#2079=VECTOR('',#2078,2.882145734545E-1);
#2080=CARTESIAN_POINT('',(-2.15E0,4.E-1,-2.242422786931E0));
#2081=LINE('',#2080,#2079);
#2082=DIRECTION('',(1.E0,0.E0,0.E0));
#2083=VECTOR('',#2082,2.E-1);
#2084=CARTESIAN_POINT('',(-2.35E0,-1.849518244714E-1,-2.441237098587E0));
#2085=LINE('',#2084,#2083);
#2086=DIRECTION('',(1.E0,0.E0,0.E0));
#2087=VECTOR('',#2086,2.E-1);
#2088=CARTESIAN_POINT('',(-2.35E0,-2.082483808991E-1,-2.858675324459E0));
#2089=LINE('',#2088,#2087);
#2090=DIRECTION('',(1.E0,0.E0,0.E0));
#2091=VECTOR('',#2090,2.E-1);
#2092=CARTESIAN_POINT('',(-2.35E0,-2.662929522987E-1,-2.960661157698E0));
#2093=LINE('',#2092,#2091);
#2094=DIRECTION('',(1.E0,0.E0,0.E0));
#2095=VECTOR('',#2094,2.E-1);
#2096=CARTESIAN_POINT('',(-2.35E0,2.661976016257E-1,-2.959689701677E0));
#2097=LINE('',#2096,#2095);
#2098=DIRECTION('',(1.E0,0.E0,0.E0));
#2099=VECTOR('',#2098,2.E-1);
#2100=CARTESIAN_POINT('',(-2.35E0,2.082630863338E-1,-2.858686537357E0));
#2101=LINE('',#2100,#2099);
#2102=DIRECTION('',(1.E0,0.E0,0.E0));
#2103=VECTOR('',#2102,2.E-1);
#2104=CARTESIAN_POINT('',(-2.35E0,1.883438934135E-1,-2.438048278359E0));
#2105=LINE('',#2104,#2103);
#2106=DIRECTION('',(0.E0,1.218693434051E-1,9.925461516413E-1));
#2107=VECTOR('',#2106,1.097134389711E0);
#2108=CARTESIAN_POINT('',(-1.85E0,-4.E-1,-4.049617674039E0));
#2109=LINE('',#2108,#2107);
#2110=CARTESIAN_POINT('',(-1.85E0,-1.172929522987E-1,-2.977952774164E0));
#2111=DIRECTION('',(-1.E0,0.E0,0.E0));
#2112=DIRECTION('',(0.E0,-9.933333333333E-1,1.152774431053E-1));
#2113=AXIS2_PLACEMENT_3D('',#2110,#2111,#2112);
#2115=CARTESIAN_POINT('',(-1.85E0,-3.75E-1,-2.64E0));
#2116=DIRECTION('',(1.E0,0.E0,0.E0));
#2117=DIRECTION('',(0.E0,6.063695240033E-1,-7.951829980326E-1));
#2118=AXIS2_PLACEMENT_3D('',#2115,#2116,#2117);
#2120=DIRECTION('',(0.E0,-7.227741869578E-1,6.910842746493E-1));
#2121=VECTOR('',#2120,2.975316210914E-1);
#2122=CARTESIAN_POINT('',(-1.85E0,-1.849518244714E-1,-2.441237098587E0));
#2123=LINE('',#2122,#2121);
#2124=DIRECTION('',(0.E0,-7.343698968780E-1,-6.787494784965E-1));
#2125=VECTOR('',#2124,2.882145734545E-1);
#2126=CARTESIAN_POINT('',(-1.85E0,4.E-1,-2.242422786931E0));
#2127=LINE('',#2126,#2125);
#2128=CARTESIAN_POINT('',(-1.85E0,3.75E-1,-2.64E0));
#2129=DIRECTION('',(1.E0,0.E0,0.E0));
#2130=DIRECTION('',(0.E0,-6.787494784965E-1,7.343698968780E-1));
#2131=AXIS2_PLACEMENT_3D('',#2128,#2129,#2130);
#2133=CARTESIAN_POINT('',(-1.85E0,1.173156788795E-1,-2.977970103188E0));
#2134=DIRECTION('',(-1.E0,0.E0,0.E0));
#2135=DIRECTION('',(0.E0,6.063160496953E-1,7.952237722062E-1));
#2136=AXIS2_PLACEMENT_3D('',#2133,#2134,#2135);
#2138=DIRECTION('',(0.E0,1.218693434051E-1,-9.925461516413E-1));
#2139=VECTOR('',#2138,1.097916790521E0);
#2140=CARTESIAN_POINT('',(-1.85E0,2.661976016257E-1,-2.959689701677E0));
#2141=LINE('',#2140,#2139);
#2142=DIRECTION('',(0.E0,-7.227741869578E-1,6.910842746493E-1));
#2143=VECTOR('',#2142,2.975316210914E-1);
#2144=CARTESIAN_POINT('',(-1.65E0,-1.849518244714E-1,-2.441237098587E0));
#2145=LINE('',#2144,#2143);
#2146=CARTESIAN_POINT('',(-1.65E0,-3.75E-1,-2.64E0));
#2147=DIRECTION('',(1.E0,0.E0,0.E0));
#2148=DIRECTION('',(0.E0,6.063695240033E-1,-7.951829980326E-1));
#2149=AXIS2_PLACEMENT_3D('',#2146,#2147,#2148);
#2151=CARTESIAN_POINT('',(-1.65E0,-1.172929522987E-1,-2.977952774164E0));
#2152=DIRECTION('',(-1.E0,0.E0,0.E0));
#2153=DIRECTION('',(0.E0,-9.933333333333E-1,1.152774431053E-1));
#2154=AXIS2_PLACEMENT_3D('',#2151,#2152,#2153);
#2156=DIRECTION('',(0.E0,1.218693434051E-1,9.925461516413E-1));
#2157=VECTOR('',#2156,1.097134389711E0);
#2158=CARTESIAN_POINT('',(-1.65E0,-4.E-1,-4.049617674039E0));
#2159=LINE('',#2158,#2157);
#2160=DIRECTION('',(0.E0,1.218693434051E-1,-9.925461516413E-1));
#2161=VECTOR('',#2160,1.097916790521E0);
#2162=CARTESIAN_POINT('',(-1.65E0,2.661976016257E-1,-2.959689701677E0));
#2163=LINE('',#2162,#2161);
#2164=CARTESIAN_POINT('',(-1.65E0,1.173156788795E-1,-2.977970103188E0));
#2165=DIRECTION('',(-1.E0,0.E0,0.E0));
#2166=DIRECTION('',(0.E0,6.063160496953E-1,7.952237722062E-1));
#2167=AXIS2_PLACEMENT_3D('',#2164,#2165,#2166);
#2169=CARTESIAN_POINT('',(-1.65E0,3.75E-1,-2.64E0));
#2170=DIRECTION('',(1.E0,0.E0,0.E0));
#2171=DIRECTION('',(0.E0,-6.787494784965E-1,7.343698968780E-1));
#2172=AXIS2_PLACEMENT_3D('',#2169,#2170,#2171);
#2174=DIRECTION('',(0.E0,-7.343698968780E-1,-6.787494784965E-1));
#2175=VECTOR('',#2174,2.882145734545E-1);
#2176=CARTESIAN_POINT('',(-1.65E0,4.E-1,-2.242422786931E0));
#2177=LINE('',#2176,#2175);
#2178=DIRECTION('',(1.E0,0.E0,0.E0));
#2179=VECTOR('',#2178,2.E-1);
#2180=CARTESIAN_POINT('',(-1.85E0,-1.849518244714E-1,-2.441237098587E0));
#2181=LINE('',#2180,#2179);
#2182=DIRECTION('',(1.E0,0.E0,0.E0));
#2183=VECTOR('',#2182,2.E-1);
#2184=CARTESIAN_POINT('',(-1.85E0,-2.082483808991E-1,-2.858675324459E0));
#2185=LINE('',#2184,#2183);
#2186=DIRECTION('',(1.E0,0.E0,0.E0));
#2187=VECTOR('',#2186,2.E-1);
#2188=CARTESIAN_POINT('',(-1.85E0,-2.662929522987E-1,-2.960661157698E0));
#2189=LINE('',#2188,#2187);
#2190=DIRECTION('',(1.E0,0.E0,0.E0));
#2191=VECTOR('',#2190,2.E-1);
#2192=CARTESIAN_POINT('',(-1.85E0,2.661976016257E-1,-2.959689701677E0));
#2193=LINE('',#2192,#2191);
#2194=DIRECTION('',(1.E0,0.E0,0.E0));
#2195=VECTOR('',#2194,2.E-1);
#2196=CARTESIAN_POINT('',(-1.85E0,2.082630863338E-1,-2.858686537357E0));
#2197=LINE('',#2196,#2195);
#2198=DIRECTION('',(1.E0,0.E0,0.E0));
#2199=VECTOR('',#2198,2.E-1);
#2200=CARTESIAN_POINT('',(-1.85E0,1.883438934135E-1,-2.438048278359E0));
#2201=LINE('',#2200,#2199);
#2202=DIRECTION('',(0.E0,1.218693434051E-1,9.925461516413E-1));
#2203=VECTOR('',#2202,1.097134389711E0);
#2204=CARTESIAN_POINT('',(-1.35E0,-4.E-1,-4.049617674039E0));
#2205=LINE('',#2204,#2203);
#2206=CARTESIAN_POINT('',(-1.35E0,-1.172929522987E-1,-2.977952774164E0));
#2207=DIRECTION('',(-1.E0,0.E0,0.E0));
#2208=DIRECTION('',(0.E0,-9.933333333333E-1,1.152774431053E-1));
#2209=AXIS2_PLACEMENT_3D('',#2206,#2207,#2208);
#2211=CARTESIAN_POINT('',(-1.35E0,-3.75E-1,-2.64E0));
#2212=DIRECTION('',(1.E0,0.E0,0.E0));
#2213=DIRECTION('',(0.E0,6.063695240033E-1,-7.951829980326E-1));
#2214=AXIS2_PLACEMENT_3D('',#2211,#2212,#2213);
#2216=DIRECTION('',(0.E0,-7.227741869578E-1,6.910842746493E-1));
#2217=VECTOR('',#2216,2.975316210914E-1);
#2218=CARTESIAN_POINT('',(-1.35E0,-1.849518244714E-1,-2.441237098587E0));
#2219=LINE('',#2218,#2217);
#2220=DIRECTION('',(0.E0,-7.343698968780E-1,-6.787494784965E-1));
#2221=VECTOR('',#2220,2.882145734545E-1);
#2222=CARTESIAN_POINT('',(-1.35E0,4.E-1,-2.242422786931E0));
#2223=LINE('',#2222,#2221);
#2224=CARTESIAN_POINT('',(-1.35E0,3.75E-1,-2.64E0));
#2225=DIRECTION('',(1.E0,0.E0,0.E0));
#2226=DIRECTION('',(0.E0,-6.787494784965E-1,7.343698968780E-1));
#2227=AXIS2_PLACEMENT_3D('',#2224,#2225,#2226);
#2229=CARTESIAN_POINT('',(-1.35E0,1.173156788795E-1,-2.977970103188E0));
#2230=DIRECTION('',(-1.E0,0.E0,0.E0));
#2231=DIRECTION('',(0.E0,6.063160496953E-1,7.952237722062E-1));
#2232=AXIS2_PLACEMENT_3D('',#2229,#2230,#2231);
#2234=DIRECTION('',(0.E0,1.218693434051E-1,-9.925461516413E-1));
#2235=VECTOR('',#2234,1.097916790521E0);
#2236=CARTESIAN_POINT('',(-1.35E0,2.661976016257E-1,-2.959689701677E0));
#2237=LINE('',#2236,#2235);
#2238=DIRECTION('',(0.E0,-7.227741869578E-1,6.910842746493E-1));
#2239=VECTOR('',#2238,2.975316210914E-1);
#2240=CARTESIAN_POINT('',(-1.15E0,-1.849518244714E-1,-2.441237098587E0));
#2241=LINE('',#2240,#2239);
#2242=CARTESIAN_POINT('',(-1.15E0,-3.75E-1,-2.64E0));
#2243=DIRECTION('',(1.E0,0.E0,0.E0));
#2244=DIRECTION('',(0.E0,6.063695240033E-1,-7.951829980326E-1));
#2245=AXIS2_PLACEMENT_3D('',#2242,#2243,#2244);
#2247=CARTESIAN_POINT('',(-1.15E0,-1.172929522987E-1,-2.977952774164E0));
#2248=DIRECTION('',(-1.E0,0.E0,0.E0));
#2249=DIRECTION('',(0.E0,-9.933333333333E-1,1.152774431053E-1));
#2250=AXIS2_PLACEMENT_3D('',#2247,#2248,#2249);
#2252=DIRECTION('',(0.E0,1.218693434051E-1,9.925461516413E-1));
#2253=VECTOR('',#2252,1.097134389711E0);
#2254=CARTESIAN_POINT('',(-1.15E0,-4.E-1,-4.049617674039E0));
#2255=LINE('',#2254,#2253);
#2256=DIRECTION('',(0.E0,1.218693434051E-1,-9.925461516413E-1));
#2257=VECTOR('',#2256,1.097916790521E0);
#2258=CARTESIAN_POINT('',(-1.15E0,2.661976016257E-1,-2.959689701677E0));
#2259=LINE('',#2258,#2257);
#2260=CARTESIAN_POINT('',(-1.15E0,1.173156788795E-1,-2.977970103188E0));
#2261=DIRECTION('',(-1.E0,0.E0,0.E0));
#2262=DIRECTION('',(0.E0,6.063160496953E-1,7.952237722062E-1));
#2263=AXIS2_PLACEMENT_3D('',#2260,#2261,#2262);
#2265=CARTESIAN_POINT('',(-1.15E0,3.75E-1,-2.64E0));
#2266=DIRECTION('',(1.E0,0.E0,0.E0));
#2267=DIRECTION('',(0.E0,-6.787494784965E-1,7.343698968780E-1));
#2268=AXIS2_PLACEMENT_3D('',#2265,#2266,#2267);
#2270=DIRECTION('',(0.E0,-7.343698968780E-1,-6.787494784965E-1));
#2271=VECTOR('',#2270,2.882145734545E-1);
#2272=CARTESIAN_POINT('',(-1.15E0,4.E-1,-2.242422786931E0));
#2273=LINE('',#2272,#2271);
#2274=DIRECTION('',(1.E0,0.E0,0.E0));
#2275=VECTOR('',#2274,2.E-1);
#2276=CARTESIAN_POINT('',(-1.35E0,-1.849518244714E-1,-2.441237098587E0));
#2277=LINE('',#2276,#2275);
#2278=DIRECTION('',(1.E0,0.E0,0.E0));
#2279=VECTOR('',#2278,2.E-1);
#2280=CARTESIAN_POINT('',(-1.35E0,-2.082483808991E-1,-2.858675324459E0));
#2281=LINE('',#2280,#2279);
#2282=DIRECTION('',(1.E0,0.E0,0.E0));
#2283=VECTOR('',#2282,2.E-1);
#2284=CARTESIAN_POINT('',(-1.35E0,-2.662929522987E-1,-2.960661157698E0));
#2285=LINE('',#2284,#2283);
#2286=DIRECTION('',(1.E0,0.E0,0.E0));
#2287=VECTOR('',#2286,2.E-1);
#2288=CARTESIAN_POINT('',(-1.35E0,2.661976016257E-1,-2.959689701677E0));
#2289=LINE('',#2288,#2287);
#2290=DIRECTION('',(1.E0,0.E0,0.E0));
#2291=VECTOR('',#2290,2.E-1);
#2292=CARTESIAN_POINT('',(-1.35E0,2.082630863338E-1,-2.858686537357E0));
#2293=LINE('',#2292,#2291);
#2294=DIRECTION('',(1.E0,0.E0,0.E0));
#2295=VECTOR('',#2294,2.E-1);
#2296=CARTESIAN_POINT('',(-1.35E0,1.883438934135E-1,-2.438048278359E0));
#2297=LINE('',#2296,#2295);
#2298=DIRECTION('',(0.E0,1.218693434051E-1,9.925461516413E-1));
#2299=VECTOR('',#2298,1.097134389711E0);
#2300=CARTESIAN_POINT('',(-8.5E-1,-4.E-1,-4.049617674039E0));
#2301=LINE('',#2300,#2299);
#2302=CARTESIAN_POINT('',(-8.5E-1,-1.172929522987E-1,-2.977952774164E0));
#2303=DIRECTION('',(-1.E0,0.E0,0.E0));
#2304=DIRECTION('',(0.E0,-9.933333333333E-1,1.152774431053E-1));
#2305=AXIS2_PLACEMENT_3D('',#2302,#2303,#2304);
#2307=CARTESIAN_POINT('',(-8.5E-1,-3.75E-1,-2.64E0));
#2308=DIRECTION('',(1.E0,0.E0,0.E0));
#2309=DIRECTION('',(0.E0,6.063695240033E-1,-7.951829980326E-1));
#2310=AXIS2_PLACEMENT_3D('',#2307,#2308,#2309);
#2312=DIRECTION('',(0.E0,-7.227741869578E-1,6.910842746493E-1));
#2313=VECTOR('',#2312,2.975316210914E-1);
#2314=CARTESIAN_POINT('',(-8.5E-1,-1.849518244714E-1,-2.441237098587E0));
#2315=LINE('',#2314,#2313);
#2316=DIRECTION('',(0.E0,-7.343698968780E-1,-6.787494784965E-1));
#2317=VECTOR('',#2316,2.882145734545E-1);
#2318=CARTESIAN_POINT('',(-8.5E-1,4.E-1,-2.242422786931E0));
#2319=LINE('',#2318,#2317);
#2320=CARTESIAN_POINT('',(-8.5E-1,3.75E-1,-2.64E0));
#2321=DIRECTION('',(1.E0,0.E0,0.E0));
#2322=DIRECTION('',(0.E0,-6.787494784965E-1,7.343698968780E-1));
#2323=AXIS2_PLACEMENT_3D('',#2320,#2321,#2322);
#2325=CARTESIAN_POINT('',(-8.5E-1,1.173156788795E-1,-2.977970103188E0));
#2326=DIRECTION('',(-1.E0,0.E0,0.E0));
#2327=DIRECTION('',(0.E0,6.063160496953E-1,7.952237722062E-1));
#2328=AXIS2_PLACEMENT_3D('',#2325,#2326,#2327);
#2330=DIRECTION('',(0.E0,1.218693434051E-1,-9.925461516413E-1));
#2331=VECTOR('',#2330,1.097916790521E0);
#2332=CARTESIAN_POINT('',(-8.5E-1,2.661976016257E-1,-2.959689701677E0));
#2333=LINE('',#2332,#2331);
#2334=DIRECTION('',(0.E0,-7.227741869578E-1,6.910842746493E-1));
#2335=VECTOR('',#2334,2.975316210914E-1);
#2336=CARTESIAN_POINT('',(-6.5E-1,-1.849518244714E-1,-2.441237098587E0));
#2337=LINE('',#2336,#2335);
#2338=CARTESIAN_POINT('',(-6.5E-1,-3.75E-1,-2.64E0));
#2339=DIRECTION('',(1.E0,0.E0,0.E0));
#2340=DIRECTION('',(0.E0,6.063695240033E-1,-7.951829980326E-1));
#2341=AXIS2_PLACEMENT_3D('',#2338,#2339,#2340);
#2343=CARTESIAN_POINT('',(-6.5E-1,-1.172929522987E-1,-2.977952774164E0));
#2344=DIRECTION('',(-1.E0,0.E0,0.E0));
#2345=DIRECTION('',(0.E0,-9.933333333333E-1,1.152774431053E-1));
#2346=AXIS2_PLACEMENT_3D('',#2343,#2344,#2345);
#2348=DIRECTION('',(0.E0,1.218693434051E-1,9.925461516413E-1));
#2349=VECTOR('',#2348,1.097134389711E0);
#2350=CARTESIAN_POINT('',(-6.5E-1,-4.E-1,-4.049617674039E0));
#2351=LINE('',#2350,#2349);
#2352=DIRECTION('',(0.E0,1.218693434051E-1,-9.925461516413E-1));
#2353=VECTOR('',#2352,1.097916790521E0);
#2354=CARTESIAN_POINT('',(-6.5E-1,2.661976016257E-1,-2.959689701677E0));
#2355=LINE('',#2354,#2353);
#2356=CARTESIAN_POINT('',(-6.5E-1,1.173156788795E-1,-2.977970103188E0));
#2357=DIRECTION('',(-1.E0,0.E0,0.E0));
#2358=DIRECTION('',(0.E0,6.063160496953E-1,7.952237722062E-1));
#2359=AXIS2_PLACEMENT_3D('',#2356,#2357,#2358);
#2361=CARTESIAN_POINT('',(-6.5E-1,3.75E-1,-2.64E0));
#2362=DIRECTION('',(1.E0,0.E0,0.E0));
#2363=DIRECTION('',(0.E0,-6.787494784965E-1,7.343698968780E-1));
#2364=AXIS2_PLACEMENT_3D('',#2361,#2362,#2363);
#2366=DIRECTION('',(0.E0,-7.343698968780E-1,-6.787494784965E-1));
#2367=VECTOR('',#2366,2.882145734545E-1);
#2368=CARTESIAN_POINT('',(-6.5E-1,4.E-1,-2.242422786931E0));
#2369=LINE('',#2368,#2367);
#2370=DIRECTION('',(1.E0,0.E0,0.E0));
#2371=VECTOR('',#2370,2.E-1);
#2372=CARTESIAN_POINT('',(-8.5E-1,-1.849518244714E-1,-2.441237098587E0));
#2373=LINE('',#2372,#2371);
#2374=DIRECTION('',(1.E0,0.E0,0.E0));
#2375=VECTOR('',#2374,2.E-1);
#2376=CARTESIAN_POINT('',(-8.5E-1,-2.082483808991E-1,-2.858675324459E0));
#2377=LINE('',#2376,#2375);
#2378=DIRECTION('',(1.E0,0.E0,0.E0));
#2379=VECTOR('',#2378,2.E-1);
#2380=CARTESIAN_POINT('',(-8.5E-1,-2.662929522987E-1,-2.960661157698E0));
#2381=LINE('',#2380,#2379);
#2382=DIRECTION('',(1.E0,0.E0,0.E0));
#2383=VECTOR('',#2382,2.E-1);
#2384=CARTESIAN_POINT('',(-8.5E-1,2.661976016257E-1,-2.959689701677E0));
#2385=LINE('',#2384,#2383);
#2386=DIRECTION('',(1.E0,0.E0,0.E0));
#2387=VECTOR('',#2386,2.E-1);
#2388=CARTESIAN_POINT('',(-8.5E-1,2.082630863338E-1,-2.858686537357E0));
#2389=LINE('',#2388,#2387);
#2390=DIRECTION('',(1.E0,0.E0,0.E0));
#2391=VECTOR('',#2390,2.E-1);
#2392=CARTESIAN_POINT('',(-8.5E-1,1.883438934135E-1,-2.438048278359E0));
#2393=LINE('',#2392,#2391);
#2394=DIRECTION('',(0.E0,1.218693434051E-1,9.925461516413E-1));
#2395=VECTOR('',#2394,1.097134389711E0);
#2396=CARTESIAN_POINT('',(-3.5E-1,-4.E-1,-4.049617674039E0));
#2397=LINE('',#2396,#2395);
#2398=CARTESIAN_POINT('',(-3.5E-1,-1.172929522987E-1,-2.977952774164E0));
#2399=DIRECTION('',(-1.E0,0.E0,0.E0));
#2400=DIRECTION('',(0.E0,-9.933333333333E-1,1.152774431053E-1));
#2401=AXIS2_PLACEMENT_3D('',#2398,#2399,#2400);
#2403=CARTESIAN_POINT('',(-3.5E-1,-3.75E-1,-2.64E0));
#2404=DIRECTION('',(1.E0,0.E0,0.E0));
#2405=DIRECTION('',(0.E0,6.063695240033E-1,-7.951829980326E-1));
#2406=AXIS2_PLACEMENT_3D('',#2403,#2404,#2405);
#2408=DIRECTION('',(0.E0,-7.227741869578E-1,6.910842746493E-1));
#2409=VECTOR('',#2408,2.975316210914E-1);
#2410=CARTESIAN_POINT('',(-3.5E-1,-1.849518244714E-1,-2.441237098587E0));
#2411=LINE('',#2410,#2409);
#2412=DIRECTION('',(0.E0,-7.343698968780E-1,-6.787494784965E-1));
#2413=VECTOR('',#2412,2.882145734545E-1);
#2414=CARTESIAN_POINT('',(-3.5E-1,4.E-1,-2.242422786931E0));
#2415=LINE('',#2414,#2413);
#2416=CARTESIAN_POINT('',(-3.5E-1,3.75E-1,-2.64E0));
#2417=DIRECTION('',(1.E0,0.E0,0.E0));
#2418=DIRECTION('',(0.E0,-6.787494784965E-1,7.343698968780E-1));
#2419=AXIS2_PLACEMENT_3D('',#2416,#2417,#2418);
#2421=CARTESIAN_POINT('',(-3.5E-1,1.173156788795E-1,-2.977970103188E0));
#2422=DIRECTION('',(-1.E0,0.E0,0.E0));
#2423=DIRECTION('',(0.E0,6.063160496953E-1,7.952237722062E-1));
#2424=AXIS2_PLACEMENT_3D('',#2421,#2422,#2423);
#2426=DIRECTION('',(0.E0,1.218693434051E-1,-9.925461516413E-1));
#2427=VECTOR('',#2426,1.097916790521E0);
#2428=CARTESIAN_POINT('',(-3.5E-1,2.661976016257E-1,-2.959689701677E0));
#2429=LINE('',#2428,#2427);
#2430=DIRECTION('',(0.E0,-7.227741869578E-1,6.910842746493E-1));
#2431=VECTOR('',#2430,2.975316210914E-1);
#2432=CARTESIAN_POINT('',(-1.5E-1,-1.849518244714E-1,-2.441237098587E0));
#2433=LINE('',#2432,#2431);
#2434=CARTESIAN_POINT('',(-1.5E-1,-3.75E-1,-2.64E0));
#2435=DIRECTION('',(1.E0,0.E0,0.E0));
#2436=DIRECTION('',(0.E0,6.063695240033E-1,-7.951829980326E-1));
#2437=AXIS2_PLACEMENT_3D('',#2434,#2435,#2436);
#2439=CARTESIAN_POINT('',(-1.5E-1,-1.172929522987E-1,-2.977952774164E0));
#2440=DIRECTION('',(-1.E0,0.E0,0.E0));
#2441=DIRECTION('',(0.E0,-9.933333333333E-1,1.152774431053E-1));
#2442=AXIS2_PLACEMENT_3D('',#2439,#2440,#2441);
#2444=DIRECTION('',(0.E0,1.218693434051E-1,9.925461516413E-1));
#2445=VECTOR('',#2444,1.097134389711E0);
#2446=CARTESIAN_POINT('',(-1.5E-1,-4.E-1,-4.049617674039E0));
#2447=LINE('',#2446,#2445);
#2448=DIRECTION('',(0.E0,1.218693434051E-1,-9.925461516413E-1));
#2449=VECTOR('',#2448,1.097916790521E0);
#2450=CARTESIAN_POINT('',(-1.5E-1,2.661976016257E-1,-2.959689701677E0));
#2451=LINE('',#2450,#2449);
#2452=CARTESIAN_POINT('',(-1.5E-1,1.173156788795E-1,-2.977970103188E0));
#2453=DIRECTION('',(-1.E0,0.E0,0.E0));
#2454=DIRECTION('',(0.E0,6.063160496953E-1,7.952237722062E-1));
#2455=AXIS2_PLACEMENT_3D('',#2452,#2453,#2454);
#2457=CARTESIAN_POINT('',(-1.5E-1,3.75E-1,-2.64E0));
#2458=DIRECTION('',(1.E0,0.E0,0.E0));
#2459=DIRECTION('',(0.E0,-6.787494784965E-1,7.343698968780E-1));
#2460=AXIS2_PLACEMENT_3D('',#2457,#2458,#2459);
#2462=DIRECTION('',(0.E0,-7.343698968780E-1,-6.787494784965E-1));
#2463=VECTOR('',#2462,2.882145734545E-1);
#2464=CARTESIAN_POINT('',(-1.5E-1,4.E-1,-2.242422786931E0));
#2465=LINE('',#2464,#2463);
#2466=DIRECTION('',(1.E0,0.E0,0.E0));
#2467=VECTOR('',#2466,2.E-1);
#2468=CARTESIAN_POINT('',(-3.5E-1,-1.849518244714E-1,-2.441237098587E0));
#2469=LINE('',#2468,#2467);
#2470=DIRECTION('',(1.E0,0.E0,0.E0));
#2471=VECTOR('',#2470,2.E-1);
#2472=CARTESIAN_POINT('',(-3.5E-1,-2.082483808991E-1,-2.858675324459E0));
#2473=LINE('',#2472,#2471);
#2474=DIRECTION('',(1.E0,0.E0,0.E0));
#2475=VECTOR('',#2474,2.E-1);
#2476=CARTESIAN_POINT('',(-3.5E-1,-2.662929522987E-1,-2.960661157698E0));
#2477=LINE('',#2476,#2475);
#2478=DIRECTION('',(1.E0,0.E0,0.E0));
#2479=VECTOR('',#2478,2.E-1);
#2480=CARTESIAN_POINT('',(-3.5E-1,2.661976016257E-1,-2.959689701677E0));
#2481=LINE('',#2480,#2479);
#2482=DIRECTION('',(1.E0,0.E0,0.E0));
#2483=VECTOR('',#2482,2.E-1);
#2484=CARTESIAN_POINT('',(-3.5E-1,2.082630863338E-1,-2.858686537357E0));
#2485=LINE('',#2484,#2483);
#2486=DIRECTION('',(1.E0,0.E0,0.E0));
#2487=VECTOR('',#2486,2.E-1);
#2488=CARTESIAN_POINT('',(-3.5E-1,1.883438934135E-1,-2.438048278359E0));
#2489=LINE('',#2488,#2487);
#2490=DIRECTION('',(0.E0,1.218693434051E-1,9.925461516413E-1));
#2491=VECTOR('',#2490,1.097134389711E0);
#2492=CARTESIAN_POINT('',(1.5E-1,-4.E-1,-4.049617674039E0));
#2493=LINE('',#2492,#2491);
#2494=CARTESIAN_POINT('',(1.5E-1,-1.172929522987E-1,-2.977952774164E0));
#2495=DIRECTION('',(-1.E0,0.E0,0.E0));
#2496=DIRECTION('',(0.E0,-9.933333333333E-1,1.152774431053E-1));
#2497=AXIS2_PLACEMENT_3D('',#2494,#2495,#2496);
#2499=CARTESIAN_POINT('',(1.5E-1,-3.75E-1,-2.64E0));
#2500=DIRECTION('',(1.E0,0.E0,0.E0));
#2501=DIRECTION('',(0.E0,6.063695240033E-1,-7.951829980326E-1));
#2502=AXIS2_PLACEMENT_3D('',#2499,#2500,#2501);
#2504=DIRECTION('',(0.E0,-7.227741869578E-1,6.910842746493E-1));
#2505=VECTOR('',#2504,2.975316210914E-1);
#2506=CARTESIAN_POINT('',(1.5E-1,-1.849518244714E-1,-2.441237098587E0));
#2507=LINE('',#2506,#2505);
#2508=DIRECTION('',(0.E0,-7.343698968780E-1,-6.787494784965E-1));
#2509=VECTOR('',#2508,2.882145734545E-1);
#2510=CARTESIAN_POINT('',(1.5E-1,4.E-1,-2.242422786931E0));
#2511=LINE('',#2510,#2509);
#2512=CARTESIAN_POINT('',(1.5E-1,3.75E-1,-2.64E0));
#2513=DIRECTION('',(1.E0,0.E0,0.E0));
#2514=DIRECTION('',(0.E0,-6.787494784965E-1,7.343698968780E-1));
#2515=AXIS2_PLACEMENT_3D('',#2512,#2513,#2514);
#2517=CARTESIAN_POINT('',(1.5E-1,1.173156788795E-1,-2.977970103188E0));
#2518=DIRECTION('',(-1.E0,0.E0,0.E0));
#2519=DIRECTION('',(0.E0,6.063160496953E-1,7.952237722062E-1));
#2520=AXIS2_PLACEMENT_3D('',#2517,#2518,#2519);
#2522=DIRECTION('',(0.E0,1.218693434051E-1,-9.925461516413E-1));
#2523=VECTOR('',#2522,1.097916790521E0);
#2524=CARTESIAN_POINT('',(1.5E-1,2.661976016257E-1,-2.959689701677E0));
#2525=LINE('',#2524,#2523);
#2526=DIRECTION('',(0.E0,-7.227741869578E-1,6.910842746493E-1));
#2527=VECTOR('',#2526,2.975316210914E-1);
#2528=CARTESIAN_POINT('',(3.5E-1,-1.849518244714E-1,-2.441237098587E0));
#2529=LINE('',#2528,#2527);
#2530=CARTESIAN_POINT('',(3.5E-1,-3.75E-1,-2.64E0));
#2531=DIRECTION('',(1.E0,0.E0,0.E0));
#2532=DIRECTION('',(0.E0,6.063695240033E-1,-7.951829980326E-1));
#2533=AXIS2_PLACEMENT_3D('',#2530,#2531,#2532);
#2535=CARTESIAN_POINT('',(3.5E-1,-1.172929522987E-1,-2.977952774164E0));
#2536=DIRECTION('',(-1.E0,0.E0,0.E0));
#2537=DIRECTION('',(0.E0,-9.933333333333E-1,1.152774431053E-1));
#2538=AXIS2_PLACEMENT_3D('',#2535,#2536,#2537);
#2540=DIRECTION('',(0.E0,1.218693434051E-1,9.925461516413E-1));
#2541=VECTOR('',#2540,1.097134389711E0);
#2542=CARTESIAN_POINT('',(3.5E-1,-4.E-1,-4.049617674039E0));
#2543=LINE('',#2542,#2541);
#2544=DIRECTION('',(0.E0,1.218693434051E-1,-9.925461516413E-1));
#2545=VECTOR('',#2544,1.097916790521E0);
#2546=CARTESIAN_POINT('',(3.5E-1,2.661976016257E-1,-2.959689701677E0));
#2547=LINE('',#2546,#2545);
#2548=CARTESIAN_POINT('',(3.5E-1,1.173156788795E-1,-2.977970103188E0));
#2549=DIRECTION('',(-1.E0,0.E0,0.E0));
#2550=DIRECTION('',(0.E0,6.063160496953E-1,7.952237722062E-1));
#2551=AXIS2_PLACEMENT_3D('',#2548,#2549,#2550);
#2553=CARTESIAN_POINT('',(3.5E-1,3.75E-1,-2.64E0));
#2554=DIRECTION('',(1.E0,0.E0,0.E0));
#2555=DIRECTION('',(0.E0,-6.787494784965E-1,7.343698968780E-1));
#2556=AXIS2_PLACEMENT_3D('',#2553,#2554,#2555);
#2558=DIRECTION('',(0.E0,-7.343698968780E-1,-6.787494784965E-1));
#2559=VECTOR('',#2558,2.882145734545E-1);
#2560=CARTESIAN_POINT('',(3.5E-1,4.E-1,-2.242422786931E0));
#2561=LINE('',#2560,#2559);
#2562=DIRECTION('',(1.E0,0.E0,0.E0));
#2563=VECTOR('',#2562,2.E-1);
#2564=CARTESIAN_POINT('',(1.5E-1,-1.849518244714E-1,-2.441237098587E0));
#2565=LINE('',#2564,#2563);
#2566=DIRECTION('',(1.E0,0.E0,0.E0));
#2567=VECTOR('',#2566,2.E-1);
#2568=CARTESIAN_POINT('',(1.5E-1,-2.082483808991E-1,-2.858675324459E0));
#2569=LINE('',#2568,#2567);
#2570=DIRECTION('',(1.E0,0.E0,0.E0));
#2571=VECTOR('',#2570,2.E-1);
#2572=CARTESIAN_POINT('',(1.5E-1,-2.662929522987E-1,-2.960661157698E0));
#2573=LINE('',#2572,#2571);
#2574=DIRECTION('',(1.E0,0.E0,0.E0));
#2575=VECTOR('',#2574,2.E-1);
#2576=CARTESIAN_POINT('',(1.5E-1,2.661976016257E-1,-2.959689701677E0));
#2577=LINE('',#2576,#2575);
#2578=DIRECTION('',(1.E0,0.E0,0.E0));
#2579=VECTOR('',#2578,2.E-1);
#2580=CARTESIAN_POINT('',(1.5E-1,2.082630863338E-1,-2.858686537357E0));
#2581=LINE('',#2580,#2579);
#2582=DIRECTION('',(1.E0,0.E0,0.E0));
#2583=VECTOR('',#2582,2.E-1);
#2584=CARTESIAN_POINT('',(1.5E-1,1.883438934135E-1,-2.438048278359E0));
#2585=LINE('',#2584,#2583);
#2586=DIRECTION('',(0.E0,1.218693434051E-1,9.925461516413E-1));
#2587=VECTOR('',#2586,1.097134389711E0);
#2588=CARTESIAN_POINT('',(6.5E-1,-4.E-1,-4.049617674039E0));
#2589=LINE('',#2588,#2587);
#2590=CARTESIAN_POINT('',(6.5E-1,-1.172929522987E-1,-2.977952774164E0));
#2591=DIRECTION('',(-1.E0,0.E0,0.E0));
#2592=DIRECTION('',(0.E0,-9.933333333333E-1,1.152774431053E-1));
#2593=AXIS2_PLACEMENT_3D('',#2590,#2591,#2592);
#2595=CARTESIAN_POINT('',(6.5E-1,-3.75E-1,-2.64E0));
#2596=DIRECTION('',(1.E0,0.E0,0.E0));
#2597=DIRECTION('',(0.E0,6.063695240033E-1,-7.951829980326E-1));
#2598=AXIS2_PLACEMENT_3D('',#2595,#2596,#2597);
#2600=DIRECTION('',(0.E0,-7.227741869578E-1,6.910842746493E-1));
#2601=VECTOR('',#2600,2.975316210914E-1);
#2602=CARTESIAN_POINT('',(6.5E-1,-1.849518244714E-1,-2.441237098587E0));
#2603=LINE('',#2602,#2601);
#2604=DIRECTION('',(0.E0,-7.343698968780E-1,-6.787494784965E-1));
#2605=VECTOR('',#2604,2.882145734545E-1);
#2606=CARTESIAN_POINT('',(6.5E-1,4.E-1,-2.242422786931E0));
#2607=LINE('',#2606,#2605);
#2608=CARTESIAN_POINT('',(6.5E-1,3.75E-1,-2.64E0));
#2609=DIRECTION('',(1.E0,0.E0,0.E0));
#2610=DIRECTION('',(0.E0,-6.787494784965E-1,7.343698968780E-1));
#2611=AXIS2_PLACEMENT_3D('',#2608,#2609,#2610);
#2613=CARTESIAN_POINT('',(6.5E-1,1.173156788795E-1,-2.977970103188E0));
#2614=DIRECTION('',(-1.E0,0.E0,0.E0));
#2615=DIRECTION('',(0.E0,6.063160496953E-1,7.952237722062E-1));
#2616=AXIS2_PLACEMENT_3D('',#2613,#2614,#2615);
#2618=DIRECTION('',(0.E0,1.218693434051E-1,-9.925461516413E-1));
#2619=VECTOR('',#2618,1.097916790521E0);
#2620=CARTESIAN_POINT('',(6.5E-1,2.661976016257E-1,-2.959689701677E0));
#2621=LINE('',#2620,#2619);
#2622=DIRECTION('',(0.E0,-7.227741869578E-1,6.910842746493E-1));
#2623=VECTOR('',#2622,2.975316210914E-1);
#2624=CARTESIAN_POINT('',(8.5E-1,-1.849518244714E-1,-2.441237098587E0));
#2625=LINE('',#2624,#2623);
#2626=CARTESIAN_POINT('',(8.5E-1,-3.75E-1,-2.64E0));
#2627=DIRECTION('',(1.E0,0.E0,0.E0));
#2628=DIRECTION('',(0.E0,6.063695240033E-1,-7.951829980326E-1));
#2629=AXIS2_PLACEMENT_3D('',#2626,#2627,#2628);
#2631=CARTESIAN_POINT('',(8.5E-1,-1.172929522987E-1,-2.977952774164E0));
#2632=DIRECTION('',(-1.E0,0.E0,0.E0));
#2633=DIRECTION('',(0.E0,-9.933333333333E-1,1.152774431053E-1));
#2634=AXIS2_PLACEMENT_3D('',#2631,#2632,#2633);
#2636=DIRECTION('',(0.E0,1.218693434051E-1,9.925461516413E-1));
#2637=VECTOR('',#2636,1.097134389711E0);
#2638=CARTESIAN_POINT('',(8.5E-1,-4.E-1,-4.049617674039E0));
#2639=LINE('',#2638,#2637);
#2640=DIRECTION('',(0.E0,1.218693434051E-1,-9.925461516413E-1));
#2641=VECTOR('',#2640,1.097916790521E0);
#2642=CARTESIAN_POINT('',(8.5E-1,2.661976016257E-1,-2.959689701677E0));
#2643=LINE('',#2642,#2641);
#2644=CARTESIAN_POINT('',(8.5E-1,1.173156788795E-1,-2.977970103188E0));
#2645=DIRECTION('',(-1.E0,0.E0,0.E0));
#2646=DIRECTION('',(0.E0,6.063160496953E-1,7.952237722062E-1));
#2647=AXIS2_PLACEMENT_3D('',#2644,#2645,#2646);
#2649=CARTESIAN_POINT('',(8.5E-1,3.75E-1,-2.64E0));
#2650=DIRECTION('',(1.E0,0.E0,0.E0));
#2651=DIRECTION('',(0.E0,-6.787494784965E-1,7.343698968780E-1));
#2652=AXIS2_PLACEMENT_3D('',#2649,#2650,#2651);
#2654=DIRECTION('',(0.E0,-7.343698968780E-1,-6.787494784965E-1));
#2655=VECTOR('',#2654,2.882145734545E-1);
#2656=CARTESIAN_POINT('',(8.5E-1,4.E-1,-2.242422786931E0));
#2657=LINE('',#2656,#2655);
#2658=DIRECTION('',(1.E0,0.E0,0.E0));
#2659=VECTOR('',#2658,2.E-1);
#2660=CARTESIAN_POINT('',(6.5E-1,-1.849518244714E-1,-2.441237098587E0));
#2661=LINE('',#2660,#2659);
#2662=DIRECTION('',(1.E0,0.E0,0.E0));
#2663=VECTOR('',#2662,2.E-1);
#2664=CARTESIAN_POINT('',(6.5E-1,-2.082483808991E-1,-2.858675324459E0));
#2665=LINE('',#2664,#2663);
#2666=DIRECTION('',(1.E0,0.E0,0.E0));
#2667=VECTOR('',#2666,2.E-1);
#2668=CARTESIAN_POINT('',(6.5E-1,-2.662929522987E-1,-2.960661157698E0));
#2669=LINE('',#2668,#2667);
#2670=DIRECTION('',(1.E0,0.E0,0.E0));
#2671=VECTOR('',#2670,2.E-1);
#2672=CARTESIAN_POINT('',(6.5E-1,2.661976016257E-1,-2.959689701677E0));
#2673=LINE('',#2672,#2671);
#2674=DIRECTION('',(1.E0,0.E0,0.E0));
#2675=VECTOR('',#2674,2.E-1);
#2676=CARTESIAN_POINT('',(6.5E-1,2.082630863338E-1,-2.858686537357E0));
#2677=LINE('',#2676,#2675);
#2678=DIRECTION('',(1.E0,0.E0,0.E0));
#2679=VECTOR('',#2678,2.E-1);
#2680=CARTESIAN_POINT('',(6.5E-1,1.883438934135E-1,-2.438048278359E0));
#2681=LINE('',#2680,#2679);
#2682=DIRECTION('',(0.E0,1.218693434051E-1,9.925461516413E-1));
#2683=VECTOR('',#2682,1.097134389711E0);
#2684=CARTESIAN_POINT('',(1.15E0,-4.E-1,-4.049617674039E0));
#2685=LINE('',#2684,#2683);
#2686=CARTESIAN_POINT('',(1.15E0,-1.172929522987E-1,-2.977952774164E0));
#2687=DIRECTION('',(-1.E0,0.E0,0.E0));
#2688=DIRECTION('',(0.E0,-9.933333333333E-1,1.152774431053E-1));
#2689=AXIS2_PLACEMENT_3D('',#2686,#2687,#2688);
#2691=CARTESIAN_POINT('',(1.15E0,-3.75E-1,-2.64E0));
#2692=DIRECTION('',(1.E0,0.E0,0.E0));
#2693=DIRECTION('',(0.E0,6.063695240033E-1,-7.951829980326E-1));
#2694=AXIS2_PLACEMENT_3D('',#2691,#2692,#2693);
#2696=DIRECTION('',(0.E0,-7.227741869578E-1,6.910842746493E-1));
#2697=VECTOR('',#2696,2.975316210914E-1);
#2698=CARTESIAN_POINT('',(1.15E0,-1.849518244714E-1,-2.441237098587E0));
#2699=LINE('',#2698,#2697);
#2700=DIRECTION('',(0.E0,-7.343698968780E-1,-6.787494784965E-1));
#2701=VECTOR('',#2700,2.882145734545E-1);
#2702=CARTESIAN_POINT('',(1.15E0,4.E-1,-2.242422786931E0));
#2703=LINE('',#2702,#2701);
#2704=CARTESIAN_POINT('',(1.15E0,3.75E-1,-2.64E0));
#2705=DIRECTION('',(1.E0,0.E0,0.E0));
#2706=DIRECTION('',(0.E0,-6.787494784965E-1,7.343698968780E-1));
#2707=AXIS2_PLACEMENT_3D('',#2704,#2705,#2706);
#2709=CARTESIAN_POINT('',(1.15E0,1.173156788795E-1,-2.977970103188E0));
#2710=DIRECTION('',(-1.E0,0.E0,0.E0));
#2711=DIRECTION('',(0.E0,6.063160496953E-1,7.952237722062E-1));
#2712=AXIS2_PLACEMENT_3D('',#2709,#2710,#2711);
#2714=DIRECTION('',(0.E0,1.218693434051E-1,-9.925461516413E-1));
#2715=VECTOR('',#2714,1.097916790521E0);
#2716=CARTESIAN_POINT('',(1.15E0,2.661976016257E-1,-2.959689701677E0));
#2717=LINE('',#2716,#2715);
#2718=DIRECTION('',(0.E0,-7.227741869578E-1,6.910842746493E-1));
#2719=VECTOR('',#2718,2.975316210914E-1);
#2720=CARTESIAN_POINT('',(1.35E0,-1.849518244714E-1,-2.441237098587E0));
#2721=LINE('',#2720,#2719);
#2722=CARTESIAN_POINT('',(1.35E0,-3.75E-1,-2.64E0));
#2723=DIRECTION('',(1.E0,0.E0,0.E0));
#2724=DIRECTION('',(0.E0,6.063695240033E-1,-7.951829980326E-1));
#2725=AXIS2_PLACEMENT_3D('',#2722,#2723,#2724);
#2727=CARTESIAN_POINT('',(1.35E0,-1.172929522987E-1,-2.977952774164E0));
#2728=DIRECTION('',(-1.E0,0.E0,0.E0));
#2729=DIRECTION('',(0.E0,-9.933333333333E-1,1.152774431053E-1));
#2730=AXIS2_PLACEMENT_3D('',#2727,#2728,#2729);
#2732=DIRECTION('',(0.E0,1.218693434051E-1,9.925461516413E-1));
#2733=VECTOR('',#2732,1.097134389711E0);
#2734=CARTESIAN_POINT('',(1.35E0,-4.E-1,-4.049617674039E0));
#2735=LINE('',#2734,#2733);
#2736=DIRECTION('',(0.E0,1.218693434051E-1,-9.925461516413E-1));
#2737=VECTOR('',#2736,1.097916790521E0);
#2738=CARTESIAN_POINT('',(1.35E0,2.661976016257E-1,-2.959689701677E0));
#2739=LINE('',#2738,#2737);
#2740=CARTESIAN_POINT('',(1.35E0,1.173156788795E-1,-2.977970103188E0));
#2741=DIRECTION('',(-1.E0,0.E0,0.E0));
#2742=DIRECTION('',(0.E0,6.063160496953E-1,7.952237722062E-1));
#2743=AXIS2_PLACEMENT_3D('',#2740,#2741,#2742);
#2745=CARTESIAN_POINT('',(1.35E0,3.75E-1,-2.64E0));
#2746=DIRECTION('',(1.E0,0.E0,0.E0));
#2747=DIRECTION('',(0.E0,-6.787494784965E-1,7.343698968780E-1));
#2748=AXIS2_PLACEMENT_3D('',#2745,#2746,#2747);
#2750=DIRECTION('',(0.E0,-7.343698968780E-1,-6.787494784965E-1));
#2751=VECTOR('',#2750,2.882145734545E-1);
#2752=CARTESIAN_POINT('',(1.35E0,4.E-1,-2.242422786931E0));
#2753=LINE('',#2752,#2751);
#2754=DIRECTION('',(1.E0,0.E0,0.E0));
#2755=VECTOR('',#2754,2.E-1);
#2756=CARTESIAN_POINT('',(1.15E0,-1.849518244714E-1,-2.441237098587E0));
#2757=LINE('',#2756,#2755);
#2758=DIRECTION('',(1.E0,0.E0,0.E0));
#2759=VECTOR('',#2758,2.E-1);
#2760=CARTESIAN_POINT('',(1.15E0,-2.082483808991E-1,-2.858675324459E0));
#2761=LINE('',#2760,#2759);
#2762=DIRECTION('',(1.E0,0.E0,0.E0));
#2763=VECTOR('',#2762,2.E-1);
#2764=CARTESIAN_POINT('',(1.15E0,-2.662929522987E-1,-2.960661157698E0));
#2765=LINE('',#2764,#2763);
#2766=DIRECTION('',(1.E0,0.E0,0.E0));
#2767=VECTOR('',#2766,2.E-1);
#2768=CARTESIAN_POINT('',(1.15E0,2.661976016257E-1,-2.959689701677E0));
#2769=LINE('',#2768,#2767);
#2770=DIRECTION('',(1.E0,0.E0,0.E0));
#2771=VECTOR('',#2770,2.E-1);
#2772=CARTESIAN_POINT('',(1.15E0,2.082630863338E-1,-2.858686537357E0));
#2773=LINE('',#2772,#2771);
#2774=DIRECTION('',(1.E0,0.E0,0.E0));
#2775=VECTOR('',#2774,2.E-1);
#2776=CARTESIAN_POINT('',(1.15E0,1.883438934135E-1,-2.438048278359E0));
#2777=LINE('',#2776,#2775);
#2778=DIRECTION('',(0.E0,1.218693434051E-1,9.925461516413E-1));
#2779=VECTOR('',#2778,1.097134389711E0);
#2780=CARTESIAN_POINT('',(1.65E0,-4.E-1,-4.049617674039E0));
#2781=LINE('',#2780,#2779);
#2782=CARTESIAN_POINT('',(1.65E0,-1.172929522987E-1,-2.977952774164E0));
#2783=DIRECTION('',(-1.E0,0.E0,0.E0));
#2784=DIRECTION('',(0.E0,-9.933333333333E-1,1.152774431053E-1));
#2785=AXIS2_PLACEMENT_3D('',#2782,#2783,#2784);
#2787=CARTESIAN_POINT('',(1.65E0,-3.75E-1,-2.64E0));
#2788=DIRECTION('',(1.E0,0.E0,0.E0));
#2789=DIRECTION('',(0.E0,6.063695240033E-1,-7.951829980326E-1));
#2790=AXIS2_PLACEMENT_3D('',#2787,#2788,#2789);
#2792=DIRECTION('',(0.E0,-7.227741869578E-1,6.910842746493E-1));
#2793=VECTOR('',#2792,2.975316210914E-1);
#2794=CARTESIAN_POINT('',(1.65E0,-1.849518244714E-1,-2.441237098587E0));
#2795=LINE('',#2794,#2793);
#2796=DIRECTION('',(0.E0,-7.343698968780E-1,-6.787494784965E-1));
#2797=VECTOR('',#2796,2.882145734545E-1);
#2798=CARTESIAN_POINT('',(1.65E0,4.E-1,-2.242422786931E0));
#2799=LINE('',#2798,#2797);
#2800=CARTESIAN_POINT('',(1.65E0,3.75E-1,-2.64E0));
#2801=DIRECTION('',(1.E0,0.E0,0.E0));
#2802=DIRECTION('',(0.E0,-6.787494784965E-1,7.343698968780E-1));
#2803=AXIS2_PLACEMENT_3D('',#2800,#2801,#2802);
#2805=CARTESIAN_POINT('',(1.65E0,1.173156788795E-1,-2.977970103188E0));
#2806=DIRECTION('',(-1.E0,0.E0,0.E0));
#2807=DIRECTION('',(0.E0,6.063160496953E-1,7.952237722062E-1));
#2808=AXIS2_PLACEMENT_3D('',#2805,#2806,#2807);
#2810=DIRECTION('',(0.E0,1.218693434051E-1,-9.925461516413E-1));
#2811=VECTOR('',#2810,1.097916790521E0);
#2812=CARTESIAN_POINT('',(1.65E0,2.661976016257E-1,-2.959689701677E0));
#2813=LINE('',#2812,#2811);
#2814=DIRECTION('',(0.E0,-7.227741869578E-1,6.910842746493E-1));
#2815=VECTOR('',#2814,2.975316210914E-1);
#2816=CARTESIAN_POINT('',(1.85E0,-1.849518244714E-1,-2.441237098587E0));
#2817=LINE('',#2816,#2815);
#2818=CARTESIAN_POINT('',(1.85E0,-3.75E-1,-2.64E0));
#2819=DIRECTION('',(1.E0,0.E0,0.E0));
#2820=DIRECTION('',(0.E0,6.063695240033E-1,-7.951829980326E-1));
#2821=AXIS2_PLACEMENT_3D('',#2818,#2819,#2820);
#2823=CARTESIAN_POINT('',(1.85E0,-1.172929522987E-1,-2.977952774164E0));
#2824=DIRECTION('',(-1.E0,0.E0,0.E0));
#2825=DIRECTION('',(0.E0,-9.933333333333E-1,1.152774431053E-1));
#2826=AXIS2_PLACEMENT_3D('',#2823,#2824,#2825);
#2828=DIRECTION('',(0.E0,1.218693434051E-1,9.925461516413E-1));
#2829=VECTOR('',#2828,1.097134389711E0);
#2830=CARTESIAN_POINT('',(1.85E0,-4.E-1,-4.049617674039E0));
#2831=LINE('',#2830,#2829);
#2832=DIRECTION('',(0.E0,1.218693434051E-1,-9.925461516413E-1));
#2833=VECTOR('',#2832,1.097916790521E0);
#2834=CARTESIAN_POINT('',(1.85E0,2.661976016257E-1,-2.959689701677E0));
#2835=LINE('',#2834,#2833);
#2836=CARTESIAN_POINT('',(1.85E0,1.173156788795E-1,-2.977970103188E0));
#2837=DIRECTION('',(-1.E0,0.E0,0.E0));
#2838=DIRECTION('',(0.E0,6.063160496953E-1,7.952237722062E-1));
#2839=AXIS2_PLACEMENT_3D('',#2836,#2837,#2838);
#2841=CARTESIAN_POINT('',(1.85E0,3.75E-1,-2.64E0));
#2842=DIRECTION('',(1.E0,0.E0,0.E0));
#2843=DIRECTION('',(0.E0,-6.787494784965E-1,7.343698968780E-1));
#2844=AXIS2_PLACEMENT_3D('',#2841,#2842,#2843);
#2846=DIRECTION('',(0.E0,-7.343698968780E-1,-6.787494784965E-1));
#2847=VECTOR('',#2846,2.882145734545E-1);
#2848=CARTESIAN_POINT('',(1.85E0,4.E-1,-2.242422786931E0));
#2849=LINE('',#2848,#2847);
#2850=DIRECTION('',(1.E0,0.E0,0.E0));
#2851=VECTOR('',#2850,2.E-1);
#2852=CARTESIAN_POINT('',(1.65E0,-1.849518244714E-1,-2.441237098587E0));
#2853=LINE('',#2852,#2851);
#2854=DIRECTION('',(1.E0,0.E0,0.E0));
#2855=VECTOR('',#2854,2.E-1);
#2856=CARTESIAN_POINT('',(1.65E0,-2.082483808991E-1,-2.858675324459E0));
#2857=LINE('',#2856,#2855);
#2858=DIRECTION('',(1.E0,0.E0,0.E0));
#2859=VECTOR('',#2858,2.E-1);
#2860=CARTESIAN_POINT('',(1.65E0,-2.662929522987E-1,-2.960661157698E0));
#2861=LINE('',#2860,#2859);
#2862=DIRECTION('',(1.E0,0.E0,0.E0));
#2863=VECTOR('',#2862,2.E-1);
#2864=CARTESIAN_POINT('',(1.65E0,2.661976016257E-1,-2.959689701677E0));
#2865=LINE('',#2864,#2863);
#2866=DIRECTION('',(1.E0,0.E0,0.E0));
#2867=VECTOR('',#2866,2.E-1);
#2868=CARTESIAN_POINT('',(1.65E0,2.082630863338E-1,-2.858686537357E0));
#2869=LINE('',#2868,#2867);
#2870=DIRECTION('',(1.E0,0.E0,0.E0));
#2871=VECTOR('',#2870,2.E-1);
#2872=CARTESIAN_POINT('',(1.65E0,1.883438934135E-1,-2.438048278359E0));
#2873=LINE('',#2872,#2871);
#2874=DIRECTION('',(0.E0,1.218693434051E-1,9.925461516413E-1));
#2875=VECTOR('',#2874,1.097134389711E0);
#2876=CARTESIAN_POINT('',(2.15E0,-4.E-1,-4.049617674039E0));
#2877=LINE('',#2876,#2875);
#2878=CARTESIAN_POINT('',(2.15E0,-1.172929522987E-1,-2.977952774164E0));
#2879=DIRECTION('',(-1.E0,0.E0,0.E0));
#2880=DIRECTION('',(0.E0,-9.933333333333E-1,1.152774431053E-1));
#2881=AXIS2_PLACEMENT_3D('',#2878,#2879,#2880);
#2883=CARTESIAN_POINT('',(2.15E0,-3.75E-1,-2.64E0));
#2884=DIRECTION('',(1.E0,0.E0,0.E0));
#2885=DIRECTION('',(0.E0,6.063695240033E-1,-7.951829980326E-1));
#2886=AXIS2_PLACEMENT_3D('',#2883,#2884,#2885);
#2888=DIRECTION('',(0.E0,-7.227741869578E-1,6.910842746493E-1));
#2889=VECTOR('',#2888,2.975316210914E-1);
#2890=CARTESIAN_POINT('',(2.15E0,-1.849518244714E-1,-2.441237098587E0));
#2891=LINE('',#2890,#2889);
#2892=DIRECTION('',(0.E0,-7.343698968780E-1,-6.787494784965E-1));
#2893=VECTOR('',#2892,2.882145734545E-1);
#2894=CARTESIAN_POINT('',(2.15E0,4.E-1,-2.242422786931E0));
#2895=LINE('',#2894,#2893);
#2896=CARTESIAN_POINT('',(2.15E0,3.75E-1,-2.64E0));
#2897=DIRECTION('',(1.E0,0.E0,0.E0));
#2898=DIRECTION('',(0.E0,-6.787494784965E-1,7.343698968780E-1));
#2899=AXIS2_PLACEMENT_3D('',#2896,#2897,#2898);
#2901=CARTESIAN_POINT('',(2.15E0,1.173156788795E-1,-2.977970103188E0));
#2902=DIRECTION('',(-1.E0,0.E0,0.E0));
#2903=DIRECTION('',(0.E0,6.063160496953E-1,7.952237722062E-1));
#2904=AXIS2_PLACEMENT_3D('',#2901,#2902,#2903);
#2906=DIRECTION('',(0.E0,1.218693434051E-1,-9.925461516413E-1));
#2907=VECTOR('',#2906,1.097916790521E0);
#2908=CARTESIAN_POINT('',(2.15E0,2.661976016257E-1,-2.959689701677E0));
#2909=LINE('',#2908,#2907);
#2910=DIRECTION('',(0.E0,-7.227741869578E-1,6.910842746493E-1));
#2911=VECTOR('',#2910,2.975316210914E-1);
#2912=CARTESIAN_POINT('',(2.35E0,-1.849518244714E-1,-2.441237098587E0));
#2913=LINE('',#2912,#2911);
#2914=CARTESIAN_POINT('',(2.35E0,-3.75E-1,-2.64E0));
#2915=DIRECTION('',(1.E0,0.E0,0.E0));
#2916=DIRECTION('',(0.E0,6.063695240033E-1,-7.951829980326E-1));
#2917=AXIS2_PLACEMENT_3D('',#2914,#2915,#2916);
#2919=CARTESIAN_POINT('',(2.35E0,-1.172929522987E-1,-2.977952774164E0));
#2920=DIRECTION('',(-1.E0,0.E0,0.E0));
#2921=DIRECTION('',(0.E0,-9.933333333333E-1,1.152774431053E-1));
#2922=AXIS2_PLACEMENT_3D('',#2919,#2920,#2921);
#2924=DIRECTION('',(0.E0,1.218693434051E-1,9.925461516413E-1));
#2925=VECTOR('',#2924,1.097134389711E0);
#2926=CARTESIAN_POINT('',(2.35E0,-4.E-1,-4.049617674039E0));
#2927=LINE('',#2926,#2925);
#2928=DIRECTION('',(0.E0,1.218693434051E-1,-9.925461516413E-1));
#2929=VECTOR('',#2928,1.097916790521E0);
#2930=CARTESIAN_POINT('',(2.35E0,2.661976016257E-1,-2.959689701677E0));
#2931=LINE('',#2930,#2929);
#2932=CARTESIAN_POINT('',(2.35E0,1.173156788795E-1,-2.977970103188E0));
#2933=DIRECTION('',(-1.E0,0.E0,0.E0));
#2934=DIRECTION('',(0.E0,6.063160496953E-1,7.952237722062E-1));
#2935=AXIS2_PLACEMENT_3D('',#2932,#2933,#2934);
#2937=CARTESIAN_POINT('',(2.35E0,3.75E-1,-2.64E0));
#2938=DIRECTION('',(1.E0,0.E0,0.E0));
#2939=DIRECTION('',(0.E0,-6.787494784965E-1,7.343698968780E-1));
#2940=AXIS2_PLACEMENT_3D('',#2937,#2938,#2939);
#2942=DIRECTION('',(0.E0,-7.343698968780E-1,-6.787494784965E-1));
#2943=VECTOR('',#2942,2.882145734545E-1);
#2944=CARTESIAN_POINT('',(2.35E0,4.E-1,-2.242422786931E0));
#2945=LINE('',#2944,#2943);
#2946=DIRECTION('',(1.E0,0.E0,0.E0));
#2947=VECTOR('',#2946,2.E-1);
#2948=CARTESIAN_POINT('',(2.15E0,-1.849518244714E-1,-2.441237098587E0));
#2949=LINE('',#2948,#2947);
#2950=DIRECTION('',(1.E0,0.E0,0.E0));
#2951=VECTOR('',#2950,2.E-1);
#2952=CARTESIAN_POINT('',(2.15E0,-2.082483808991E-1,-2.858675324459E0));
#2953=LINE('',#2952,#2951);
#2954=DIRECTION('',(1.E0,0.E0,0.E0));
#2955=VECTOR('',#2954,2.E-1);
#2956=CARTESIAN_POINT('',(2.15E0,-2.662929522987E-1,-2.960661157698E0));
#2957=LINE('',#2956,#2955);
#2958=DIRECTION('',(1.E0,0.E0,0.E0));
#2959=VECTOR('',#2958,2.E-1);
#2960=CARTESIAN_POINT('',(2.15E0,2.661976016257E-1,-2.959689701677E0));
#2961=LINE('',#2960,#2959);
#2962=DIRECTION('',(1.E0,0.E0,0.E0));
#2963=VECTOR('',#2962,2.E-1);
#2964=CARTESIAN_POINT('',(2.15E0,2.082630863338E-1,-2.858686537357E0));
#2965=LINE('',#2964,#2963);
#2966=DIRECTION('',(1.E0,0.E0,0.E0));
#2967=VECTOR('',#2966,2.E-1);
#2968=CARTESIAN_POINT('',(2.15E0,1.883438934135E-1,-2.438048278359E0));
#2969=LINE('',#2968,#2967);
#2970=DIRECTION('',(0.E0,1.218693434051E-1,9.925461516413E-1));
#2971=VECTOR('',#2970,1.097134389711E0);
#2972=CARTESIAN_POINT('',(2.65E0,-4.E-1,-4.049617674039E0));
#2973=LINE('',#2972,#2971);
#2974=CARTESIAN_POINT('',(2.65E0,-1.172929522987E-1,-2.977952774164E0));
#2975=DIRECTION('',(-1.E0,0.E0,0.E0));
#2976=DIRECTION('',(0.E0,-9.933333333333E-1,1.152774431053E-1));
#2977=AXIS2_PLACEMENT_3D('',#2974,#2975,#2976);
#2979=CARTESIAN_POINT('',(2.65E0,-3.75E-1,-2.64E0));
#2980=DIRECTION('',(1.E0,0.E0,0.E0));
#2981=DIRECTION('',(0.E0,6.063695240033E-1,-7.951829980326E-1));
#2982=AXIS2_PLACEMENT_3D('',#2979,#2980,#2981);
#2984=DIRECTION('',(0.E0,-7.227741869578E-1,6.910842746493E-1));
#2985=VECTOR('',#2984,2.975316210914E-1);
#2986=CARTESIAN_POINT('',(2.65E0,-1.849518244714E-1,-2.441237098587E0));
#2987=LINE('',#2986,#2985);
#2988=DIRECTION('',(0.E0,-7.343698968780E-1,-6.787494784965E-1));
#2989=VECTOR('',#2988,2.882145734545E-1);
#2990=CARTESIAN_POINT('',(2.65E0,4.E-1,-2.242422786931E0));
#2991=LINE('',#2990,#2989);
#2992=CARTESIAN_POINT('',(2.65E0,3.75E-1,-2.64E0));
#2993=DIRECTION('',(1.E0,0.E0,0.E0));
#2994=DIRECTION('',(0.E0,-6.787494784965E-1,7.343698968780E-1));
#2995=AXIS2_PLACEMENT_3D('',#2992,#2993,#2994);
#2997=CARTESIAN_POINT('',(2.65E0,1.173156788795E-1,-2.977970103188E0));
#2998=DIRECTION('',(-1.E0,0.E0,0.E0));
#2999=DIRECTION('',(0.E0,6.063160496953E-1,7.952237722062E-1));
#3000=AXIS2_PLACEMENT_3D('',#2997,#2998,#2999);
#3002=DIRECTION('',(0.E0,1.218693434051E-1,-9.925461516413E-1));
#3003=VECTOR('',#3002,1.097916790521E0);
#3004=CARTESIAN_POINT('',(2.65E0,2.661976016257E-1,-2.959689701677E0));
#3005=LINE('',#3004,#3003);
#3006=DIRECTION('',(0.E0,-7.227741869578E-1,6.910842746493E-1));
#3007=VECTOR('',#3006,2.975316210914E-1);
#3008=CARTESIAN_POINT('',(2.85E0,-1.849518244714E-1,-2.441237098587E0));
#3009=LINE('',#3008,#3007);
#3010=CARTESIAN_POINT('',(2.85E0,-3.75E-1,-2.64E0));
#3011=DIRECTION('',(1.E0,0.E0,0.E0));
#3012=DIRECTION('',(0.E0,6.063695240033E-1,-7.951829980326E-1));
#3013=AXIS2_PLACEMENT_3D('',#3010,#3011,#3012);
#3015=CARTESIAN_POINT('',(2.85E0,-1.172929522987E-1,-2.977952774164E0));
#3016=DIRECTION('',(-1.E0,0.E0,0.E0));
#3017=DIRECTION('',(0.E0,-9.933333333333E-1,1.152774431053E-1));
#3018=AXIS2_PLACEMENT_3D('',#3015,#3016,#3017);
#3020=DIRECTION('',(0.E0,1.218693434051E-1,9.925461516413E-1));
#3021=VECTOR('',#3020,1.097134389711E0);
#3022=CARTESIAN_POINT('',(2.85E0,-4.E-1,-4.049617674039E0));
#3023=LINE('',#3022,#3021);
#3024=DIRECTION('',(0.E0,1.218693434051E-1,-9.925461516413E-1));
#3025=VECTOR('',#3024,1.097916790521E0);
#3026=CARTESIAN_POINT('',(2.85E0,2.661976016257E-1,-2.959689701677E0));
#3027=LINE('',#3026,#3025);
#3028=CARTESIAN_POINT('',(2.85E0,1.173156788795E-1,-2.977970103188E0));
#3029=DIRECTION('',(-1.E0,0.E0,0.E0));
#3030=DIRECTION('',(0.E0,6.063160496953E-1,7.952237722062E-1));
#3031=AXIS2_PLACEMENT_3D('',#3028,#3029,#3030);
#3033=CARTESIAN_POINT('',(2.85E0,3.75E-1,-2.64E0));
#3034=DIRECTION('',(1.E0,0.E0,0.E0));
#3035=DIRECTION('',(0.E0,-6.787494784965E-1,7.343698968780E-1));
#3036=AXIS2_PLACEMENT_3D('',#3033,#3034,#3035);
#3038=DIRECTION('',(0.E0,-7.343698968780E-1,-6.787494784965E-1));
#3039=VECTOR('',#3038,2.882145734545E-1);
#3040=CARTESIAN_POINT('',(2.85E0,4.E-1,-2.242422786931E0));
#3041=LINE('',#3040,#3039);
#3042=DIRECTION('',(1.E0,0.E0,0.E0));
#3043=VECTOR('',#3042,2.E-1);
#3044=CARTESIAN_POINT('',(2.65E0,-1.849518244714E-1,-2.441237098587E0));
#3045=LINE('',#3044,#3043);
#3046=DIRECTION('',(1.E0,0.E0,0.E0));
#3047=VECTOR('',#3046,2.E-1);
#3048=CARTESIAN_POINT('',(2.65E0,-2.082483808991E-1,-2.858675324459E0));
#3049=LINE('',#3048,#3047);
#3050=DIRECTION('',(1.E0,0.E0,0.E0));
#3051=VECTOR('',#3050,2.E-1);
#3052=CARTESIAN_POINT('',(2.65E0,-2.662929522987E-1,-2.960661157698E0));
#3053=LINE('',#3052,#3051);
#3054=DIRECTION('',(1.E0,0.E0,0.E0));
#3055=VECTOR('',#3054,2.E-1);
#3056=CARTESIAN_POINT('',(2.65E0,2.661976016257E-1,-2.959689701677E0));
#3057=LINE('',#3056,#3055);
#3058=DIRECTION('',(1.E0,0.E0,0.E0));
#3059=VECTOR('',#3058,2.E-1);
#3060=CARTESIAN_POINT('',(2.65E0,2.082630863338E-1,-2.858686537357E0));
#3061=LINE('',#3060,#3059);
#3062=DIRECTION('',(1.E0,0.E0,0.E0));
#3063=VECTOR('',#3062,2.E-1);
#3064=CARTESIAN_POINT('',(2.65E0,1.883438934135E-1,-2.438048278359E0));
#3065=LINE('',#3064,#3063);
#3066=CARTESIAN_POINT('',(3.08E0,-3.000014285743E-1,-1.57E0));
#3067=DIRECTION('',(0.E0,0.E0,1.E0));
#3068=DIRECTION('',(-2.857142857144E-3,-9.999959183590E-1,0.E0));
#3069=AXIS2_PLACEMENT_3D('',#3066,#3067,#3068);
#3071=DIRECTION('',(-5.899106655777E-8,9.137805114749E-9,1.E0));
#3072=VECTOR('',#3071,1.449999914243E0);
#3073=CARTESIAN_POINT('',(3.415410622540E0,-4.E-1,-1.7E0));
#3074=LINE('',#3073,#3072);
#3075=CARTESIAN_POINT('',(3.08E0,-3.000014285743E-1,-2.5E-1));
#3076=DIRECTION('',(0.E0,0.E0,-1.E0));
#3077=DIRECTION('',(9.583160644007E-1,-2.857102040733E-1,0.E0));
#3078=AXIS2_PLACEMENT_3D('',#3075,#3076,#3077);
#3080=DIRECTION('',(1.598168399093E-9,-8.383453864438E-11,-1.E0));
#3081=VECTOR('',#3080,1.319999999895E0);
#3082=CARTESIAN_POINT('',(3.078999997890E0,-6.499999998893E-1,
-2.500000001046E-1));
#3083=LINE('',#3082,#3081);
#3084=DIRECTION('',(1.E0,0.E0,0.E0));
#3085=VECTOR('',#3084,9.E-1);
#3086=CARTESIAN_POINT('',(1.75E0,-6.5E-1,-8.804040840745E-1));
#3087=LINE('',#3086,#3085);
#3088=DIRECTION('',(1.E0,0.E0,0.E0));
#3089=VECTOR('',#3088,9.E-1);
#3090=CARTESIAN_POINT('',(1.75E0,-6.5E-1,-6.469459057150E-1));
#3091=LINE('',#3090,#3089);
#3092=DIRECTION('',(0.E0,0.E0,-1.E0));
#3093=VECTOR('',#3092,2.334581783595E-1);
#3094=CARTESIAN_POINT('',(2.65E0,-6.5E-1,-6.469459057150E-1));
#3095=LINE('',#3094,#3093);
#3096=DIRECTION('',(1.E0,0.E0,0.E0));
#3097=VECTOR('',#3096,5.3E-1);
#3098=CARTESIAN_POINT('',(-2.65E-1,-6.5E-1,-6.469459057150E-1));
#3099=LINE('',#3098,#3097);
#3100=DIRECTION('',(0.E0,0.E0,-1.E0));
#3101=VECTOR('',#3100,2.334581783595E-1);
#3102=CARTESIAN_POINT('',(2.65E-1,-6.5E-1,-6.469459057150E-1));
#3103=LINE('',#3102,#3101);
#3104=DIRECTION('',(1.E0,0.E0,0.E0));
#3105=VECTOR('',#3104,5.3E-1);
#3106=CARTESIAN_POINT('',(-2.65E-1,-6.5E-1,-8.804040840745E-1));
#3107=LINE('',#3106,#3105);
#3108=DIRECTION('',(1.E0,0.E0,0.E0));
#3109=VECTOR('',#3108,6.159E0);
#3110=CARTESIAN_POINT('',(-3.08E0,-6.5E-1,-1.57E0));
#3111=LINE('',#3110,#3109);
#3112=DIRECTION('',(-9.999999999996E-1,-6.328268345744E-7,6.329063670416E-7));
#3113=VECTOR('',#3112,6.158990682276E0);
#3114=CARTESIAN_POINT('',(3.078999997890E0,-6.499999998893E-1,
-2.500000001046E-1));
#3115=LINE('',#3114,#3113);
#3116=DIRECTION('',(-7.057264639267E-6,2.952615459580E-6,-9.999999999707E-1));
#3117=VECTOR('',#3116,1.320003897998E0);
#3118=CARTESIAN_POINT('',(-3.079990684383E0,-6.500038974639E-1,
-2.499961020402E-1));
#3119=LINE('',#3118,#3117);
#3120=DIRECTION('',(1.E0,0.E0,0.E0));
#3121=VECTOR('',#3120,9.E-1);
#3122=CARTESIAN_POINT('',(-2.65E0,-6.5E-1,-6.469459057150E-1));
#3123=LINE('',#3122,#3121);
#3124=DIRECTION('',(0.E0,0.E0,-1.E0));
#3125=VECTOR('',#3124,2.334581783595E-1);
#3126=CARTESIAN_POINT('',(-1.75E0,-6.5E-1,-6.469459057150E-1));
#3127=LINE('',#3126,#3125);
#3128=DIRECTION('',(1.E0,0.E0,0.E0));
#3129=VECTOR('',#3128,9.E-1);
#3130=CARTESIAN_POINT('',(-2.65E0,-6.5E-1,-8.804040840745E-1));
#3131=LINE('',#3130,#3129);
#3132=DIRECTION('',(0.E0,0.E0,-1.E0));
#3133=VECTOR('',#3132,2.334581783595E-1);
#3134=CARTESIAN_POINT('',(-2.65E0,-6.5E-1,-6.469459057150E-1));
#3135=LINE('',#3134,#3133);
#3136=DIRECTION('',(0.E0,6.999999501334E-1,-7.141428917333E-1));
#3137=VECTOR('',#3136,1.714285693932E-1);
#3138=CARTESIAN_POINT('',(-2.65E-1,-6.5E-1,-8.804040840745E-1));
#3139=LINE('',#3138,#3137);
#3140=DIRECTION('',(0.E0,6.999999501334E-1,-7.141428917333E-1));
#3141=VECTOR('',#3140,1.714285693932E-1);
#3142=CARTESIAN_POINT('',(2.65E-1,-6.5E-1,-8.804040840745E-1));
#3143=LINE('',#3142,#3141);
#3144=DIRECTION('',(0.E0,6.999999501334E-1,-7.141428917333E-1));
#3145=VECTOR('',#3144,1.714285693932E-1);
#3146=CARTESIAN_POINT('',(-1.75E0,-6.5E-1,-8.804040840745E-1));
#3147=LINE('',#3146,#3145);
#3148=DIRECTION('',(0.E0,6.999999501334E-1,-7.141428917333E-1));
#3149=VECTOR('',#3148,1.714285693932E-1);
#3150=CARTESIAN_POINT('',(1.75E0,-6.5E-1,-8.804040840745E-1));
#3151=LINE('',#3150,#3149);
#3152=DIRECTION('',(0.E0,0.E0,-1.E0));
#3153=VECTOR('',#3152,2.334581783595E-1);
#3154=CARTESIAN_POINT('',(-2.65E-1,-6.5E-1,-6.469459057150E-1));
#3155=LINE('',#3154,#3153);
#3156=CARTESIAN_POINT('',(-2.65E-1,-6.7E-1,-8.6E-1));
#3157=DIRECTION('',(-1.E0,0.E0,0.E0));
#3158=DIRECTION('',(0.E0,4.414432112647E-1,8.972891904109E-1));
#3159=AXIS2_PLACEMENT_3D('',#3156,#3157,#3158);
#3161=DIRECTION('',(1.E0,0.E0,0.E0));
#3162=VECTOR('',#3161,5.3E-1);
#3163=CARTESIAN_POINT('',(-2.65E-1,-5.300000099733E-1,-1.002828578347E0));
#3164=LINE('',#3163,#3162);
#3165=CARTESIAN_POINT('',(2.65E-1,-6.7E-1,-8.6E-1));
#3166=DIRECTION('',(1.E0,0.E0,0.E0));
#3167=DIRECTION('',(0.E0,6.999999501334E-1,-7.141428917333E-1));
#3168=AXIS2_PLACEMENT_3D('',#3165,#3166,#3167);
#3170=CARTESIAN_POINT('',(-1.75E0,-6.7E-1,-8.6E-1));
#3171=DIRECTION('',(1.E0,0.E0,0.E0));
#3172=DIRECTION('',(0.E0,6.999999501334E-1,-7.141428917333E-1));
#3173=AXIS2_PLACEMENT_3D('',#3170,#3171,#3172);
#3175=CARTESIAN_POINT('',(-2.65E0,-6.7E-1,-8.6E-1));
#3176=DIRECTION('',(-1.E0,0.E0,0.E0));
#3177=DIRECTION('',(0.E0,4.414432112647E-1,8.972891904109E-1));
#3178=AXIS2_PLACEMENT_3D('',#3175,#3176,#3177);
#3180=DIRECTION('',(1.E0,0.E0,0.E0));
#3181=VECTOR('',#3180,9.E-1);
#3182=CARTESIAN_POINT('',(-2.65E0,-5.300000099733E-1,-1.002828578347E0));
#3183=LINE('',#3182,#3181);
#3184=CARTESIAN_POINT('',(1.75E0,-6.7E-1,-8.6E-1));
#3185=DIRECTION('',(-1.E0,0.E0,0.E0));
#3186=DIRECTION('',(0.E0,4.414432112647E-1,8.972891904109E-1));
#3187=AXIS2_PLACEMENT_3D('',#3184,#3185,#3186);
#3189=DIRECTION('',(1.E0,0.E0,0.E0));
#3190=VECTOR('',#3189,9.E-1);
#3191=CARTESIAN_POINT('',(1.75E0,-5.300000099733E-1,-1.002828578347E0));
#3192=LINE('',#3191,#3190);
#3193=CARTESIAN_POINT('',(2.65E0,-6.7E-1,-8.6E-1));
#3194=DIRECTION('',(1.E0,0.E0,0.E0));
#3195=DIRECTION('',(0.E0,6.999999501334E-1,-7.141428917333E-1));
#3196=AXIS2_PLACEMENT_3D('',#3193,#3194,#3195);
#3198=DIRECTION('',(0.E0,-8.972891904109E-1,4.414432112647E-1));
#3199=VECTOR('',#3198,7.610549974604E-2);
#3200=CARTESIAN_POINT('',(-2.65E-1,-5.817113577471E-1,-6.805421619178E-1));
#3201=LINE('',#3200,#3199);
#3202=DIRECTION('',(1.E0,0.E0,0.E0));
#3203=VECTOR('',#3202,5.3E-1);
#3204=CARTESIAN_POINT('',(-2.65E-1,-5.817113577471E-1,-6.805421619178E-1));
#3205=LINE('',#3204,#3203);
#3206=DIRECTION('',(0.E0,-8.972891904109E-1,4.414432112647E-1));
#3207=VECTOR('',#3206,7.610549974604E-2);
#3208=CARTESIAN_POINT('',(2.65E-1,-5.817113577471E-1,-6.805421619178E-1));
#3209=LINE('',#3208,#3207);
#3210=DIRECTION('',(0.E0,-8.972891904109E-1,4.414432112647E-1));
#3211=VECTOR('',#3210,7.610549974604E-2);
#3212=CARTESIAN_POINT('',(-1.75E0,-5.817113577471E-1,-6.805421619178E-1));
#3213=LINE('',#3212,#3211);
#3214=DIRECTION('',(1.E0,0.E0,0.E0));
#3215=VECTOR('',#3214,9.E-1);
#3216=CARTESIAN_POINT('',(-2.65E0,-5.817113577471E-1,-6.805421619178E-1));
#3217=LINE('',#3216,#3215);
#3218=DIRECTION('',(0.E0,-8.972891904109E-1,4.414432112647E-1));
#3219=VECTOR('',#3218,7.610549974604E-2);
#3220=CARTESIAN_POINT('',(1.75E0,-5.817113577471E-1,-6.805421619178E-1));
#3221=LINE('',#3220,#3219);
#3222=DIRECTION('',(1.E0,0.E0,0.E0));
#3223=VECTOR('',#3222,9.E-1);
#3224=CARTESIAN_POINT('',(1.75E0,-5.817113577471E-1,-6.805421619178E-1));
#3225=LINE('',#3224,#3223);
#3226=DIRECTION('',(0.E0,6.999999501334E-1,-7.141428917333E-1));
#3227=VECTOR('',#3226,1.714285693932E-1);
#3228=CARTESIAN_POINT('',(-2.65E0,-6.5E-1,-8.804040840745E-1));
#3229=LINE('',#3228,#3227);
#3230=DIRECTION('',(0.E0,-8.972891904109E-1,4.414432112647E-1));
#3231=VECTOR('',#3230,7.610549974604E-2);
#3232=CARTESIAN_POINT('',(-2.65E0,-5.817113577471E-1,-6.805421619178E-1));
#3233=LINE('',#3232,#3231);
#3234=DIRECTION('',(0.E0,-8.972891904109E-1,-4.414432112647E-1));
#3235=VECTOR('',#3234,7.610549974604E-2);
#3236=CARTESIAN_POINT('',(-2.65E0,6.5E-1,-6.469459057150E-1));
#3237=LINE('',#3236,#3235);
#3238=DIRECTION('',(0.E0,6.999999501334E-1,7.141428917333E-1));
#3239=VECTOR('',#3238,1.714285693932E-1);
#3240=CARTESIAN_POINT('',(-2.65E0,5.300000099733E-1,-1.002828578347E0));
#3241=LINE('',#3240,#3239);
#3242=DIRECTION('',(1.E0,0.E0,0.E0));
#3243=VECTOR('',#3242,9.E-1);
#3244=CARTESIAN_POINT('',(1.75E0,6.5E-1,-6.469459057150E-1));
#3245=LINE('',#3244,#3243);
#3246=DIRECTION('',(0.E0,0.E0,-1.E0));
#3247=VECTOR('',#3246,2.334581783595E-1);
#3248=CARTESIAN_POINT('',(1.75E0,6.5E-1,-6.469459057150E-1));
#3249=LINE('',#3248,#3247);
#3250=DIRECTION('',(1.E0,0.E0,0.E0));
#3251=VECTOR('',#3250,9.E-1);
#3252=CARTESIAN_POINT('',(1.75E0,6.5E-1,-8.804040840745E-1));
#3253=LINE('',#3252,#3251);
#3254=DIRECTION('',(0.E0,0.E0,-1.E0));
#3255=VECTOR('',#3254,2.334581783595E-1);
#3256=CARTESIAN_POINT('',(2.65E0,6.5E-1,-6.469459057150E-1));
#3257=LINE('',#3256,#3255);
#3258=DIRECTION('',(1.E0,0.E0,0.E0));
#3259=VECTOR('',#3258,5.3E-1);
#3260=CARTESIAN_POINT('',(-2.65E-1,6.5E-1,-8.804040840745E-1));
#3261=LINE('',#3260,#3259);
#3262=DIRECTION('',(1.E0,0.E0,0.E0));
#3263=VECTOR('',#3262,5.3E-1);
#3264=CARTESIAN_POINT('',(-2.65E-1,6.5E-1,-6.469459057150E-1));
#3265=LINE('',#3264,#3263);
#3266=DIRECTION('',(0.E0,0.E0,-1.E0));
#3267=VECTOR('',#3266,2.334581783595E-1);
#3268=CARTESIAN_POINT('',(-2.65E-1,6.5E-1,-6.469459057150E-1));
#3269=LINE('',#3268,#3267);
#3270=DIRECTION('',(-1.E0,0.E0,0.E0));
#3271=VECTOR('',#3270,6.159E0);
#3272=CARTESIAN_POINT('',(3.079E0,6.5E-1,-1.57E0));
#3273=LINE('',#3272,#3271);
#3274=DIRECTION('',(9.999999999996E-1,6.345314714267E-7,6.390202590629E-7));
#3275=VECTOR('',#3274,6.158990496242E0);
#3276=CARTESIAN_POINT('',(-3.079999997932E0,6.499999998973E-1,
-2.500000001027E-1));
#3277=LINE('',#3276,#3275);
#3278=DIRECTION('',(7.198230269434E-6,-2.960574979771E-6,-9.999999999697E-1));
#3279=VECTOR('',#3278,1.320003935657E0);
#3280=CARTESIAN_POINT('',(3.078990498308E0,6.500039079706E-1,
-2.499960643830E-1));
#3281=LINE('',#3280,#3279);
#3282=DIRECTION('',(1.E0,0.E0,0.E0));
#3283=VECTOR('',#3282,9.E-1);
#3284=CARTESIAN_POINT('',(-2.65E0,6.5E-1,-8.804040840745E-1));
#3285=LINE('',#3284,#3283);
#3286=DIRECTION('',(1.E0,0.E0,0.E0));
#3287=VECTOR('',#3286,9.E-1);
#3288=CARTESIAN_POINT('',(-2.65E0,6.5E-1,-6.469459057150E-1));
#3289=LINE('',#3288,#3287);
#3290=DIRECTION('',(0.E0,0.E0,-1.E0));
#3291=VECTOR('',#3290,2.334581783595E-1);
#3292=CARTESIAN_POINT('',(-2.65E0,6.5E-1,-6.469459057150E-1));
#3293=LINE('',#3292,#3291);
#3294=DIRECTION('',(0.E0,-8.972891904109E-1,-4.414432112647E-1));
#3295=VECTOR('',#3294,7.610549974604E-2);
#3296=CARTESIAN_POINT('',(-1.75E0,6.5E-1,-6.469459057150E-1));
#3297=LINE('',#3296,#3295);
#3298=DIRECTION('',(0.E0,-8.972891904109E-1,-4.414432112647E-1));
#3299=VECTOR('',#3298,7.610549974604E-2);
#3300=CARTESIAN_POINT('',(-2.65E-1,6.5E-1,-6.469459057150E-1));
#3301=LINE('',#3300,#3299);
#3302=DIRECTION('',(0.E0,-8.972891904109E-1,-4.414432112647E-1));
#3303=VECTOR('',#3302,7.610549974604E-2);
#3304=CARTESIAN_POINT('',(2.65E-1,6.5E-1,-6.469459057150E-1));
#3305=LINE('',#3304,#3303);
#3306=DIRECTION('',(0.E0,-8.972891904109E-1,-4.414432112647E-1));
#3307=VECTOR('',#3306,7.610549974604E-2);
#3308=CARTESIAN_POINT('',(1.75E0,6.5E-1,-6.469459057150E-1));
#3309=LINE('',#3308,#3307);
#3310=DIRECTION('',(1.E0,0.E0,0.E0));
#3311=VECTOR('',#3310,9.E-1);
#3312=CARTESIAN_POINT('',(-2.65E0,5.817113577471E-1,-6.805421619178E-1));
#3313=LINE('',#3312,#3311);
#3314=CARTESIAN_POINT('',(-1.75E0,6.7E-1,-8.6E-1));
#3315=DIRECTION('',(1.E0,0.E0,0.E0));
#3316=DIRECTION('',(0.E0,-4.414432112647E-1,8.972891904109E-1));
#3317=AXIS2_PLACEMENT_3D('',#3314,#3315,#3316);
#3319=CARTESIAN_POINT('',(-2.65E0,6.7E-1,-8.6E-1));
#3320=DIRECTION('',(-1.E0,0.E0,0.E0));
#3321=DIRECTION('',(0.E0,-6.999999501334E-1,-7.141428917333E-1));
#3322=AXIS2_PLACEMENT_3D('',#3319,#3320,#3321);
#3324=DIRECTION('',(1.E0,0.E0,0.E0));
#3325=VECTOR('',#3324,5.3E-1);
#3326=CARTESIAN_POINT('',(-2.65E-1,5.817113577471E-1,-6.805421619178E-1));
#3327=LINE('',#3326,#3325);
#3328=CARTESIAN_POINT('',(2.65E-1,6.7E-1,-8.6E-1));
#3329=DIRECTION('',(1.E0,0.E0,0.E0));
#3330=DIRECTION('',(0.E0,-4.414432112647E-1,8.972891904109E-1));
#3331=AXIS2_PLACEMENT_3D('',#3328,#3329,#3330);
#3333=CARTESIAN_POINT('',(-2.65E-1,6.7E-1,-8.6E-1));
#3334=DIRECTION('',(-1.E0,0.E0,0.E0));
#3335=DIRECTION('',(0.E0,-6.999999501334E-1,-7.141428917333E-1));
#3336=AXIS2_PLACEMENT_3D('',#3333,#3334,#3335);
#3338=CARTESIAN_POINT('',(1.75E0,6.7E-1,-8.6E-1));
#3339=DIRECTION('',(-1.E0,0.E0,0.E0));
#3340=DIRECTION('',(0.E0,-6.999999501334E-1,-7.141428917333E-1));
#3341=AXIS2_PLACEMENT_3D('',#3338,#3339,#3340);
#3343=DIRECTION('',(1.E0,0.E0,0.E0));
#3344=VECTOR('',#3343,9.E-1);
#3345=CARTESIAN_POINT('',(1.75E0,5.817113577471E-1,-6.805421619178E-1));
#3346=LINE('',#3345,#3344);
#3347=CARTESIAN_POINT('',(2.65E0,6.7E-1,-8.6E-1));
#3348=DIRECTION('',(1.E0,0.E0,0.E0));
#3349=DIRECTION('',(0.E0,-4.414432112647E-1,8.972891904109E-1));
#3350=AXIS2_PLACEMENT_3D('',#3347,#3348,#3349);
#3352=DIRECTION('',(0.E0,0.E0,-1.E0));
#3353=VECTOR('',#3352,2.334581783595E-1);
#3354=CARTESIAN_POINT('',(-1.75E0,6.5E-1,-6.469459057150E-1));
#3355=LINE('',#3354,#3353);
#3356=DIRECTION('',(1.E0,0.E0,0.E0));
#3357=VECTOR('',#3356,9.E-1);
#3358=CARTESIAN_POINT('',(-2.65E0,5.300000099733E-1,-1.002828578347E0));
#3359=LINE('',#3358,#3357);
#3360=DIRECTION('',(0.E0,6.999999501334E-1,7.141428917333E-1));
#3361=VECTOR('',#3360,1.714285693932E-1);
#3362=CARTESIAN_POINT('',(-1.75E0,5.300000099733E-1,-1.002828578347E0));
#3363=LINE('',#3362,#3361);
#3364=DIRECTION('',(1.E0,0.E0,0.E0));
#3365=VECTOR('',#3364,5.3E-1);
#3366=CARTESIAN_POINT('',(-2.65E-1,5.300000099733E-1,-1.002828578347E0));
#3367=LINE('',#3366,#3365);
#3368=DIRECTION('',(0.E0,6.999999501334E-1,7.141428917333E-1));
#3369=VECTOR('',#3368,1.714285693932E-1);
#3370=CARTESIAN_POINT('',(2.65E-1,5.300000099733E-1,-1.002828578347E0));
#3371=LINE('',#3370,#3369);
#3372=DIRECTION('',(0.E0,6.999999501334E-1,7.141428917333E-1));
#3373=VECTOR('',#3372,1.714285693932E-1);
#3374=CARTESIAN_POINT('',(-2.65E-1,5.300000099733E-1,-1.002828578347E0));
#3375=LINE('',#3374,#3373);
#3376=DIRECTION('',(0.E0,6.999999501334E-1,7.141428917333E-1));
#3377=VECTOR('',#3376,1.714285693932E-1);
#3378=CARTESIAN_POINT('',(1.75E0,5.300000099733E-1,-1.002828578347E0));
#3379=LINE('',#3378,#3377);
#3380=DIRECTION('',(1.E0,0.E0,0.E0));
#3381=VECTOR('',#3380,9.E-1);
#3382=CARTESIAN_POINT('',(1.75E0,5.300000099733E-1,-1.002828578347E0));
#3383=LINE('',#3382,#3381);
#3384=DIRECTION('',(0.E0,0.E0,-1.E0));
#3385=VECTOR('',#3384,2.334581783595E-1);
#3386=CARTESIAN_POINT('',(2.65E-1,6.5E-1,-6.469459057150E-1));
#3387=LINE('',#3386,#3385);
#3388=DIRECTION('',(0.E0,-8.972891904109E-1,4.414432112647E-1));
#3389=VECTOR('',#3388,7.610549974604E-2);
#3390=CARTESIAN_POINT('',(2.65E0,-5.817113577471E-1,-6.805421619178E-1));
#3391=LINE('',#3390,#3389);
#3392=DIRECTION('',(0.E0,6.999999501334E-1,-7.141428917333E-1));
#3393=VECTOR('',#3392,1.714285693932E-1);
#3394=CARTESIAN_POINT('',(2.65E0,-6.5E-1,-8.804040840745E-1));
#3395=LINE('',#3394,#3393);
#3396=DIRECTION('',(0.E0,6.999999501334E-1,7.141428917333E-1));
#3397=VECTOR('',#3396,1.714285693932E-1);
#3398=CARTESIAN_POINT('',(2.65E0,5.300000099733E-1,-1.002828578347E0));
#3399=LINE('',#3398,#3397);
#3400=DIRECTION('',(0.E0,-8.972891904109E-1,-4.414432112647E-1));
#3401=VECTOR('',#3400,7.610549974604E-2);
#3402=CARTESIAN_POINT('',(2.65E0,6.5E-1,-6.469459057150E-1));
#3403=LINE('',#3402,#3401);
#3404=DIRECTION('',(-6.757945093327E-8,-7.071067811865E-1,-7.071067811865E-1));
#3405=VECTOR('',#3404,1.414297363716E-1);
#3406=CARTESIAN_POINT('',(-3.079999988374E0,7.500059255471E-1,
-1.499940744529E-1));
#3407=LINE('',#3406,#3405);
#3408=DIRECTION('',(1.290363084028E-3,-7.071058091036E-1,-7.071065759099E-1));
#3409=VECTOR('',#3408,1.414253759121E-1);
#3410=CARTESIAN_POINT('',(3.078808008224E0,7.500066128327E-1,
-1.499932510750E-1));
#3411=LINE('',#3410,#3409);
#3412=CARTESIAN_POINT('',(3.415410622510E0,3.999999999954E-1,
-2.500000000300E-1));
#3413=CARTESIAN_POINT('',(3.425294013951E0,4.014419458779E-1,
-2.401166085895E-1));
#3414=CARTESIAN_POINT('',(3.445877834775E0,4.043824625388E-1,
-2.195327877656E-1));
#3415=CARTESIAN_POINT('',(3.479127107505E0,4.089326779588E-1,
-1.862835150354E-1));
#3416=CARTESIAN_POINT('',(3.503034563801E0,4.120683532439E-1,
-1.623760587388E-1));
#3417=CARTESIAN_POINT('',(3.515410622540E0,4.136570037967E-1,-1.5E-1));
#3419=DIRECTION('',(2.062442171113E-11,3.196140670199E-12,-1.E0));
#3420=VECTOR('',#3419,1.449999999970E0);
#3421=CARTESIAN_POINT('',(3.415410622510E0,3.999999999954E-1,
-2.500000000300E-1));
#3422=LINE('',#3421,#3420);
#3423=CARTESIAN_POINT('',(3.08E0,3.000014285743E-1,-1.57E0));
#3424=DIRECTION('',(0.E0,0.E0,1.E0));
#3425=DIRECTION('',(7.537696131657E-1,6.571387755019E-1,0.E0));
#3426=AXIS2_PLACEMENT_3D('',#3423,#3424,#3425);
#3428=CARTESIAN_POINT('',(3.08E0,3.000014285743E-1,-2.5E-1));
#3429=DIRECTION('',(0.E0,0.E0,-1.E0));
#3430=DIRECTION('',(-2.857142857088E-3,9.999959183590E-1,0.E0));
#3431=AXIS2_PLACEMENT_3D('',#3428,#3429,#3430);
#3433=CARTESIAN_POINT('',(3.415410537003E0,-3.999999867502E-1,
-2.500000857571E-1));
#3434=CARTESIAN_POINT('',(3.425173678275E0,-4.014243892999E-1,
-2.402369444853E-1));
#3435=CARTESIAN_POINT('',(3.445596780301E0,-4.043429065779E-1,
-2.198138421361E-1));
#3436=CARTESIAN_POINT('',(3.478811046919E0,-4.088905748012E-1,
-1.865995756506E-1));
#3437=CARTESIAN_POINT('',(3.502898897465E0,-4.120509384590E-1,
-1.625117250757E-1));
#3438=CARTESIAN_POINT('',(3.515410622540E0,-4.136570037967E-1,-1.5E-1));
#3440=CARTESIAN_POINT('',(-3.414999896865E0,4.013656584583E-1,
-2.500001034085E-1));
#3441=CARTESIAN_POINT('',(-3.424783088749E0,4.028133670826E-1,
-2.402169115242E-1));
#3442=CARTESIAN_POINT('',(-3.445232816710E0,4.057771905531E-1,
-2.197671831625E-1));
#3443=CARTESIAN_POINT('',(-3.478435300879E0,4.103876824634E-1,
-1.865646991572E-1));
#3444=CARTESIAN_POINT('',(-3.502503162250E0,4.135902365206E-1,
-1.624968377501E-1));
#3445=CARTESIAN_POINT('',(-3.515E0,4.152171862180E-1,-1.5E-1));
#3447=DIRECTION('',(0.E0,0.E0,-1.E0));
#3448=VECTOR('',#3447,2.334581783595E-1);
#3449=CARTESIAN_POINT('',(1.75E0,-6.5E-1,-6.469459057150E-1));
#3450=LINE('',#3449,#3448);
#3451=DIRECTION('',(1.E0,-1.179531306441E-12,0.E0));
#3452=VECTOR('',#3451,5.849999999974E0);
#3453=CARTESIAN_POINT('',(-2.924999999982E0,-1.199999999971E0,-3.E-1));
#3454=LINE('',#3453,#3452);
#3455=DIRECTION('',(1.E0,0.E0,0.E0));
#3456=VECTOR('',#3455,5.85E0);
#3457=CARTESIAN_POINT('',(-2.925E0,-1.2E0,-8.E0));
#3458=LINE('',#3457,#3456);
#3459=DIRECTION('',(-2.303554172808E-12,-3.714489033817E-12,-1.E0));
#3460=VECTOR('',#3459,7.7E0);
#3461=CARTESIAN_POINT('',(-2.924999999982E0,-1.199999999971E0,-3.E-1));
#3462=LINE('',#3461,#3460);
#3463=CARTESIAN_POINT('',(-2.925E0,-9.E-1,-3.E-1));
#3464=DIRECTION('',(1.E0,0.E0,0.E0));
#3465=DIRECTION('',(0.E0,0.E0,1.E0));
#3466=AXIS2_PLACEMENT_3D('',#3463,#3464,#3465);
#3468=CARTESIAN_POINT('',(-4.2E0,-1.E-1,-1.265E1));
#3469=DIRECTION('',(-1.E0,0.E0,0.E0));
#3470=DIRECTION('',(0.E0,0.E0,1.E0));
#3471=AXIS2_PLACEMENT_3D('',#3468,#3469,#3470);
#3473=CARTESIAN_POINT('',(-4.4E0,-1.E-1,-1.265E1));
#3474=DIRECTION('',(1.E0,0.E0,0.E0));
#3475=DIRECTION('',(0.E0,1.E0,0.E0));
#3476=AXIS2_PLACEMENT_3D('',#3473,#3474,#3475);
#3478=DIRECTION('',(-1.E0,0.E0,0.E0));
#3479=VECTOR('',#3478,2.E-1);
#3480=CARTESIAN_POINT('',(-4.2E0,5.E-2,-1.375E1));
#3481=LINE('',#3480,#3479);
#3482=DIRECTION('',(-1.E0,0.E0,0.E0));
#3483=VECTOR('',#3482,2.E-1);
#3484=CARTESIAN_POINT('',(-4.2E0,5.E-2,-1.265E1));
#3485=LINE('',#3484,#3483);
#3486=DIRECTION('',(0.E0,0.E0,-1.E0));
#3487=VECTOR('',#3486,1.1E0);
#3488=CARTESIAN_POINT('',(-4.2E0,5.E-2,-1.265E1));
#3489=LINE('',#3488,#3487);
#3490=DIRECTION('',(0.E0,0.E0,-1.E0));
#3491=VECTOR('',#3490,1.4E0);
#3492=CARTESIAN_POINT('',(4.2E0,8.5E-1,-1.25E1));
#3493=LINE('',#3492,#3491);
#3494=DIRECTION('',(0.E0,0.E0,1.E0));
#3495=VECTOR('',#3494,1.2E0);
#3496=CARTESIAN_POINT('',(3.4E0,1.25E0,-1.55E1));
#3497=LINE('',#3496,#3495);
#3498=DIRECTION('',(0.E0,0.E0,-1.E0));
#3499=VECTOR('',#3498,1.E0);
#3500=CARTESIAN_POINT('',(3.6E0,1.05E0,-1.45E1));
#3501=LINE('',#3500,#3499);
#3502=DIRECTION('',(0.E0,0.E0,-1.E0));
#3503=VECTOR('',#3502,1.2E0);
#3504=CARTESIAN_POINT('',(-3.4E0,1.25E0,-1.43E1));
#3505=LINE('',#3504,#3503);
#3506=DIRECTION('',(0.E0,0.E0,1.E0));
#3507=VECTOR('',#3506,1.2E0);
#3508=CARTESIAN_POINT('',(-3.4E0,1.45E0,-1.55E1));
#3509=LINE('',#3508,#3507);
#3510=CARTESIAN_POINT('',(-3.4E0,1.05E0,-1.45E1));
#3511=DIRECTION('',(0.E0,0.E0,-1.E0));
#3512=DIRECTION('',(-1.E0,-1.221245327088E-14,0.E0));
#3513=AXIS2_PLACEMENT_3D('',#3510,#3511,#3512);
#3515=DIRECTION('',(0.E0,0.E0,-1.E0));
#3516=VECTOR('',#3515,1.E0);
#3517=CARTESIAN_POINT('',(-3.8E0,1.05E0,-1.45E1));
#3518=LINE('',#3517,#3516);
#3519=DIRECTION('',(0.E0,-1.E0,0.E0));
#3520=VECTOR('',#3519,2.1E0);
#3521=CARTESIAN_POINT('',(-3.8E0,1.05E0,-1.45E1));
#3522=LINE('',#3521,#3520);
#3523=DIRECTION('',(0.E0,0.E0,-1.E0));
#3524=VECTOR('',#3523,1.E0);
#3525=CARTESIAN_POINT('',(-3.8E0,-1.05E0,-1.45E1));
#3526=LINE('',#3525,#3524);
#3527=DIRECTION('',(0.E0,1.E0,0.E0));
#3528=VECTOR('',#3527,2.1E0);
#3529=CARTESIAN_POINT('',(-3.8E0,-1.05E0,-1.55E1));
#3530=LINE('',#3529,#3528);
#3531=DIRECTION('',(-1.E0,0.E0,0.E0));
#3532=VECTOR('',#3531,2.E-1);
#3533=CARTESIAN_POINT('',(4.4E0,5.E-2,-1.375E1));
#3534=LINE('',#3533,#3532);
#3535=DIRECTION('',(-1.E0,0.E0,0.E0));
#3536=VECTOR('',#3535,2.E-1);
#3537=CARTESIAN_POINT('',(4.4E0,5.E-2,-1.265E1));
#3538=LINE('',#3537,#3536);
#3539=DIRECTION('',(0.E0,0.E0,-1.E0));
#3540=VECTOR('',#3539,1.1E0);
#3541=CARTESIAN_POINT('',(4.4E0,5.E-2,-1.265E1));
#3542=LINE('',#3541,#3540);
#3543=DIRECTION('',(0.E0,0.E0,-1.E0));
#3544=VECTOR('',#3543,1.E0);
#3545=CARTESIAN_POINT('',(-3.4E0,-1.E-1,-1.25E1));
#3546=LINE('',#3545,#3544);
#3547=DIRECTION('',(0.E0,0.E0,-1.E0));
#3548=VECTOR('',#3547,1.E0);
#3549=CARTESIAN_POINT('',(3.4E0,-1.E-1,-1.25E1));
#3550=LINE('',#3549,#3548);
#3551=DIRECTION('',(0.E0,0.E0,-1.E0));
#3552=VECTOR('',#3551,1.E0);
#3553=CARTESIAN_POINT('',(4.15E0,-1.E-1,-1.25E1));
#3554=LINE('',#3553,#3552);
#3555=DIRECTION('',(1.E0,0.E0,0.E0));
#3556=VECTOR('',#3555,7.5E-1);
#3557=CARTESIAN_POINT('',(-4.15E0,1.E-1,-1.35E1));
#3558=LINE('',#3557,#3556);
#3559=DIRECTION('',(0.E0,1.E0,0.E0));
#3560=VECTOR('',#3559,2.E-1);
#3561=CARTESIAN_POINT('',(-4.15E0,-1.E-1,-1.35E1));
#3562=LINE('',#3561,#3560);
#3563=DIRECTION('',(-1.E0,0.E0,0.E0));
#3564=VECTOR('',#3563,7.5E-1);
#3565=CARTESIAN_POINT('',(-3.4E0,-1.E-1,-1.35E1));
#3566=LINE('',#3565,#3564);
#3567=DIRECTION('',(0.E0,1.E0,0.E0));
#3568=VECTOR('',#3567,2.E-1);
#3569=CARTESIAN_POINT('',(-3.4E0,-1.E-1,-1.35E1));
#3570=LINE('',#3569,#3568);
#3571=DIRECTION('',(-1.E0,0.E0,0.E0));
#3572=VECTOR('',#3571,7.5E-1);
#3573=CARTESIAN_POINT('',(4.15E0,1.E-1,-1.35E1));
#3574=LINE('',#3573,#3572);
#3575=DIRECTION('',(0.E0,1.E0,0.E0));
#3576=VECTOR('',#3575,2.E-1);
#3577=CARTESIAN_POINT('',(3.4E0,-1.E-1,-1.35E1));
#3578=LINE('',#3577,#3576);
#3579=DIRECTION('',(-1.E0,0.E0,0.E0));
#3580=VECTOR('',#3579,7.5E-1);
#3581=CARTESIAN_POINT('',(4.15E0,-1.E-1,-1.35E1));
#3582=LINE('',#3581,#3580);
#3583=DIRECTION('',(0.E0,-1.E0,0.E0));
#3584=VECTOR('',#3583,2.E-1);
#3585=CARTESIAN_POINT('',(4.15E0,1.E-1,-1.35E1));
#3586=LINE('',#3585,#3584);
#3587=DIRECTION('',(0.E0,0.E0,1.E0));
#3588=VECTOR('',#3587,3.612215988156E-1);
#3589=CARTESIAN_POINT('',(-2.525E0,1.E-1,-1.44E1));
#3590=LINE('',#3589,#3588);
#3591=DIRECTION('',(1.E0,0.E0,0.E0));
#3592=VECTOR('',#3591,2.E-1);
#3593=CARTESIAN_POINT('',(-2.725E0,1.E-1,-1.403877840118E1));
#3594=LINE('',#3593,#3592);
#3595=DIRECTION('',(0.E0,0.E0,1.E0));
#3596=VECTOR('',#3595,3.612215988156E-1);
#3597=CARTESIAN_POINT('',(-2.725E0,1.E-1,-1.44E1));
#3598=LINE('',#3597,#3596);
#3599=DIRECTION('',(-1.E0,0.E0,0.E0));
#3600=VECTOR('',#3599,1.425E0);
#3601=CARTESIAN_POINT('',(-2.725E0,1.E-1,-1.44E1));
#3602=LINE('',#3601,#3600);
#3603=DIRECTION('',(0.E0,0.E0,1.E0));
#3604=VECTOR('',#3603,1.E0);
#3605=CARTESIAN_POINT('',(-3.4E0,1.E-1,-1.35E1));
#3606=LINE('',#3605,#3604);
#3607=DIRECTION('',(0.E0,0.E0,-1.E0));
#3608=VECTOR('',#3607,9.E-1);
#3609=CARTESIAN_POINT('',(4.15E0,1.E-1,-1.35E1));
#3610=LINE('',#3609,#3608);
#3611=DIRECTION('',(-1.E0,0.E0,0.E0));
#3612=VECTOR('',#3611,1.175E0);
#3613=CARTESIAN_POINT('',(4.15E0,1.E-1,-1.44E1));
#3614=LINE('',#3613,#3612);
#3615=DIRECTION('',(0.E0,0.E0,1.E0));
#3616=VECTOR('',#3615,3.612215988156E-1);
#3617=CARTESIAN_POINT('',(2.975E0,1.E-1,-1.44E1));
#3618=LINE('',#3617,#3616);
#3619=DIRECTION('',(1.E0,0.E0,0.E0));
#3620=VECTOR('',#3619,2.E-1);
#3621=CARTESIAN_POINT('',(2.775E0,1.E-1,-1.403877840118E1));
#3622=LINE('',#3621,#3620);
#3623=DIRECTION('',(0.E0,0.E0,1.E0));
#3624=VECTOR('',#3623,3.612215988156E-1);
#3625=CARTESIAN_POINT('',(2.775E0,1.E-1,-1.44E1));
#3626=LINE('',#3625,#3624);
#3627=DIRECTION('',(-1.E0,0.E0,0.E0));
#3628=VECTOR('',#3627,3.E-1);
#3629=CARTESIAN_POINT('',(2.775E0,1.E-1,-1.44E1));
#3630=LINE('',#3629,#3628);
#3631=DIRECTION('',(0.E0,0.E0,1.E0));
#3632=VECTOR('',#3631,3.612215988156E-1);
#3633=CARTESIAN_POINT('',(2.475E0,1.E-1,-1.44E1));
#3634=LINE('',#3633,#3632);
#3635=DIRECTION('',(1.E0,0.E0,0.E0));
#3636=VECTOR('',#3635,2.E-1);
#3637=CARTESIAN_POINT('',(2.275E0,1.E-1,-1.403877840118E1));
#3638=LINE('',#3637,#3636);
#3639=DIRECTION('',(0.E0,0.E0,1.E0));
#3640=VECTOR('',#3639,3.612215988156E-1);
#3641=CARTESIAN_POINT('',(2.275E0,1.E-1,-1.44E1));
#3642=LINE('',#3641,#3640);
#3643=DIRECTION('',(-1.E0,0.E0,0.E0));
#3644=VECTOR('',#3643,3.E-1);
#3645=CARTESIAN_POINT('',(2.275E0,1.E-1,-1.44E1));
#3646=LINE('',#3645,#3644);
#3647=DIRECTION('',(0.E0,0.E0,1.E0));
#3648=VECTOR('',#3647,3.612215988156E-1);
#3649=CARTESIAN_POINT('',(1.975E0,1.E-1,-1.44E1));
#3650=LINE('',#3649,#3648);
#3651=DIRECTION('',(1.E0,0.E0,0.E0));
#3652=VECTOR('',#3651,2.E-1);
#3653=CARTESIAN_POINT('',(1.775E0,1.E-1,-1.403877840118E1));
#3654=LINE('',#3653,#3652);
#3655=DIRECTION('',(0.E0,0.E0,1.E0));
#3656=VECTOR('',#3655,3.612215988156E-1);
#3657=CARTESIAN_POINT('',(1.775E0,1.E-1,-1.44E1));
#3658=LINE('',#3657,#3656);
#3659=DIRECTION('',(-1.E0,0.E0,0.E0));
#3660=VECTOR('',#3659,3.E-1);
#3661=CARTESIAN_POINT('',(1.775E0,1.E-1,-1.44E1));
#3662=LINE('',#3661,#3660);
#3663=DIRECTION('',(0.E0,0.E0,1.E0));
#3664=VECTOR('',#3663,3.612215988156E-1);
#3665=CARTESIAN_POINT('',(1.475E0,1.E-1,-1.44E1));
#3666=LINE('',#3665,#3664);
#3667=DIRECTION('',(1.E0,0.E0,0.E0));
#3668=VECTOR('',#3667,2.E-1);
#3669=CARTESIAN_POINT('',(1.275E0,1.E-1,-1.403877840118E1));
#3670=LINE('',#3669,#3668);
#3671=DIRECTION('',(0.E0,0.E0,1.E0));
#3672=VECTOR('',#3671,3.612215988156E-1);
#3673=CARTESIAN_POINT('',(1.275E0,1.E-1,-1.44E1));
#3674=LINE('',#3673,#3672);
#3675=DIRECTION('',(-1.E0,0.E0,0.E0));
#3676=VECTOR('',#3675,3.E-1);
#3677=CARTESIAN_POINT('',(1.275E0,1.E-1,-1.44E1));
#3678=LINE('',#3677,#3676);
#3679=DIRECTION('',(0.E0,0.E0,1.E0));
#3680=VECTOR('',#3679,3.612215988156E-1);
#3681=CARTESIAN_POINT('',(9.75E-1,1.E-1,-1.44E1));
#3682=LINE('',#3681,#3680);
#3683=DIRECTION('',(1.E0,0.E0,0.E0));
#3684=VECTOR('',#3683,2.E-1);
#3685=CARTESIAN_POINT('',(7.75E-1,1.E-1,-1.403877840118E1));
#3686=LINE('',#3685,#3684);
#3687=DIRECTION('',(0.E0,0.E0,1.E0));
#3688=VECTOR('',#3687,3.612215988156E-1);
#3689=CARTESIAN_POINT('',(7.75E-1,1.E-1,-1.44E1));
#3690=LINE('',#3689,#3688);
#3691=DIRECTION('',(-1.E0,0.E0,0.E0));
#3692=VECTOR('',#3691,3.E-1);
#3693=CARTESIAN_POINT('',(7.75E-1,1.E-1,-1.44E1));
#3694=LINE('',#3693,#3692);
#3695=DIRECTION('',(0.E0,0.E0,1.E0));
#3696=VECTOR('',#3695,3.612215988156E-1);
#3697=CARTESIAN_POINT('',(4.75E-1,1.E-1,-1.44E1));
#3698=LINE('',#3697,#3696);
#3699=DIRECTION('',(1.E0,0.E0,0.E0));
#3700=VECTOR('',#3699,2.E-1);
#3701=CARTESIAN_POINT('',(2.75E-1,1.E-1,-1.403877840118E1));
#3702=LINE('',#3701,#3700);
#3703=DIRECTION('',(0.E0,0.E0,1.E0));
#3704=VECTOR('',#3703,3.612215988156E-1);
#3705=CARTESIAN_POINT('',(2.75E-1,1.E-1,-1.44E1));
#3706=LINE('',#3705,#3704);
#3707=DIRECTION('',(-1.E0,0.E0,0.E0));
#3708=VECTOR('',#3707,3.E-1);
#3709=CARTESIAN_POINT('',(2.75E-1,1.E-1,-1.44E1));
#3710=LINE('',#3709,#3708);
#3711=DIRECTION('',(0.E0,0.E0,1.E0));
#3712=VECTOR('',#3711,3.612215988156E-1);
#3713=CARTESIAN_POINT('',(-2.5E-2,1.E-1,-1.44E1));
#3714=LINE('',#3713,#3712);
#3715=DIRECTION('',(1.E0,0.E0,0.E0));
#3716=VECTOR('',#3715,2.E-1);
#3717=CARTESIAN_POINT('',(-2.25E-1,1.E-1,-1.403877840118E1));
#3718=LINE('',#3717,#3716);
#3719=DIRECTION('',(0.E0,0.E0,1.E0));
#3720=VECTOR('',#3719,3.612215988156E-1);
#3721=CARTESIAN_POINT('',(-2.25E-1,1.E-1,-1.44E1));
#3722=LINE('',#3721,#3720);
#3723=DIRECTION('',(-1.E0,0.E0,0.E0));
#3724=VECTOR('',#3723,3.E-1);
#3725=CARTESIAN_POINT('',(-2.25E-1,1.E-1,-1.44E1));
#3726=LINE('',#3725,#3724);
#3727=DIRECTION('',(0.E0,0.E0,1.E0));
#3728=VECTOR('',#3727,3.612215988156E-1);
#3729=CARTESIAN_POINT('',(-5.25E-1,1.E-1,-1.44E1));
#3730=LINE('',#3729,#3728);
#3731=DIRECTION('',(1.E0,0.E0,0.E0));
#3732=VECTOR('',#3731,2.E-1);
#3733=CARTESIAN_POINT('',(-7.25E-1,1.E-1,-1.403877840118E1));
#3734=LINE('',#3733,#3732);
#3735=DIRECTION('',(0.E0,0.E0,1.E0));
#3736=VECTOR('',#3735,3.612215988156E-1);
#3737=CARTESIAN_POINT('',(-7.25E-1,1.E-1,-1.44E1));
#3738=LINE('',#3737,#3736);
#3739=DIRECTION('',(-1.E0,0.E0,0.E0));
#3740=VECTOR('',#3739,3.E-1);
#3741=CARTESIAN_POINT('',(-7.25E-1,1.E-1,-1.44E1));
#3742=LINE('',#3741,#3740);
#3743=DIRECTION('',(0.E0,0.E0,1.E0));
#3744=VECTOR('',#3743,3.612215988156E-1);
#3745=CARTESIAN_POINT('',(-1.025E0,1.E-1,-1.44E1));
#3746=LINE('',#3745,#3744);
#3747=DIRECTION('',(1.E0,0.E0,0.E0));
#3748=VECTOR('',#3747,2.E-1);
#3749=CARTESIAN_POINT('',(-1.225E0,1.E-1,-1.403877840118E1));
#3750=LINE('',#3749,#3748);
#3751=DIRECTION('',(0.E0,0.E0,1.E0));
#3752=VECTOR('',#3751,3.612215988156E-1);
#3753=CARTESIAN_POINT('',(-1.225E0,1.E-1,-1.44E1));
#3754=LINE('',#3753,#3752);
#3755=DIRECTION('',(-1.E0,0.E0,0.E0));
#3756=VECTOR('',#3755,3.E-1);
#3757=CARTESIAN_POINT('',(-1.225E0,1.E-1,-1.44E1));
#3758=LINE('',#3757,#3756);
#3759=DIRECTION('',(0.E0,0.E0,1.E0));
#3760=VECTOR('',#3759,3.612215988156E-1);
#3761=CARTESIAN_POINT('',(-1.525E0,1.E-1,-1.44E1));
#3762=LINE('',#3761,#3760);
#3763=DIRECTION('',(1.E0,0.E0,0.E0));
#3764=VECTOR('',#3763,2.E-1);
#3765=CARTESIAN_POINT('',(-1.725E0,1.E-1,-1.403877840118E1));
#3766=LINE('',#3765,#3764);
#3767=DIRECTION('',(0.E0,0.E0,1.E0));
#3768=VECTOR('',#3767,3.612215988156E-1);
#3769=CARTESIAN_POINT('',(-1.725E0,1.E-1,-1.44E1));
#3770=LINE('',#3769,#3768);
#3771=DIRECTION('',(-1.E0,0.E0,0.E0));
#3772=VECTOR('',#3771,3.E-1);
#3773=CARTESIAN_POINT('',(-1.725E0,1.E-1,-1.44E1));
#3774=LINE('',#3773,#3772);
#3775=DIRECTION('',(0.E0,0.E0,1.E0));
#3776=VECTOR('',#3775,3.612215988156E-1);
#3777=CARTESIAN_POINT('',(-2.025E0,1.E-1,-1.44E1));
#3778=LINE('',#3777,#3776);
#3779=DIRECTION('',(1.E0,0.E0,0.E0));
#3780=VECTOR('',#3779,2.E-1);
#3781=CARTESIAN_POINT('',(-2.225E0,1.E-1,-1.403877840118E1));
#3782=LINE('',#3781,#3780);
#3783=DIRECTION('',(0.E0,0.E0,1.E0));
#3784=VECTOR('',#3783,3.612215988156E-1);
#3785=CARTESIAN_POINT('',(-2.225E0,1.E-1,-1.44E1));
#3786=LINE('',#3785,#3784);
#3787=DIRECTION('',(-1.E0,0.E0,0.E0));
#3788=VECTOR('',#3787,3.E-1);
#3789=CARTESIAN_POINT('',(-2.225E0,1.E-1,-1.44E1));
#3790=LINE('',#3789,#3788);
#3791=DIRECTION('',(0.E0,-8.910065241884E-1,-4.539904997396E-1));
#3792=VECTOR('',#3791,9.674132296661E-2);
#3793=CARTESIAN_POINT('',(-2.525E0,1.E-1,-1.403877840118E1));
#3794=LINE('',#3793,#3792);
#3795=DIRECTION('',(0.E0,1.E0,0.E0));
#3796=VECTOR('',#3795,1.E-1);
#3797=CARTESIAN_POINT('',(-2.525E0,0.E0,-1.44E1));
#3798=LINE('',#3797,#3796);
#3799=DIRECTION('',(0.E0,0.E0,1.E0));
#3800=VECTOR('',#3799,6.E-1);
#3801=CARTESIAN_POINT('',(-2.525E0,0.E0,-1.5E1));
#3802=LINE('',#3801,#3800);
#3803=DIRECTION('',(0.E0,1.E0,0.E0));
#3804=VECTOR('',#3803,1.5E-1);
#3805=CARTESIAN_POINT('',(-2.525E0,-1.5E-1,-1.5E1));
#3806=LINE('',#3805,#3804);
#3807=DIRECTION('',(0.E0,0.E0,-1.E0));
#3808=VECTOR('',#3807,6.5E-1);
#3809=CARTESIAN_POINT('',(-2.525E0,-1.5E-1,-1.435E1));
#3810=LINE('',#3809,#3808);
#3811=CARTESIAN_POINT('',(-2.525E0,1.5E-1,-1.435E1));
#3812=DIRECTION('',(1.E0,0.E0,0.E0));
#3813=DIRECTION('',(0.E0,-4.539904997395E-1,8.910065241884E-1));
#3814=AXIS2_PLACEMENT_3D('',#3811,#3812,#3813);
#3816=DIRECTION('',(-1.E0,0.E0,0.E0));
#3817=VECTOR('',#3816,2.E-1);
#3818=CARTESIAN_POINT('',(-2.525E0,1.380285007814E-2,-1.408269804274E1));
#3819=LINE('',#3818,#3817);
#3820=DIRECTION('',(-1.E0,0.E0,0.E0));
#3821=VECTOR('',#3820,2.E-1);
#3822=CARTESIAN_POINT('',(-2.525E0,-1.5E-1,-1.435E1));
#3823=LINE('',#3822,#3821);
#3824=DIRECTION('',(-1.E0,0.E0,0.E0));
#3825=VECTOR('',#3824,2.E-1);
#3826=CARTESIAN_POINT('',(-2.525E0,-1.5E-1,-1.5E1));
#3827=LINE('',#3826,#3825);
#3828=DIRECTION('',(-1.E0,0.E0,0.E0));
#3829=VECTOR('',#3828,2.E-1);
#3830=CARTESIAN_POINT('',(-2.525E0,0.E0,-1.5E1));
#3831=LINE('',#3830,#3829);
#3832=DIRECTION('',(-1.E0,0.E0,0.E0));
#3833=VECTOR('',#3832,2.E-1);
#3834=CARTESIAN_POINT('',(-2.525E0,0.E0,-1.44E1));
#3835=LINE('',#3834,#3833);
#3836=DIRECTION('',(-1.E0,0.E0,0.E0));
#3837=VECTOR('',#3836,2.E-1);
#3838=CARTESIAN_POINT('',(-2.025E0,0.E0,-1.44E1));
#3839=LINE('',#3838,#3837);
#3840=DIRECTION('',(-1.E0,0.E0,0.E0));
#3841=VECTOR('',#3840,2.E-1);
#3842=CARTESIAN_POINT('',(-1.525E0,0.E0,-1.44E1));
#3843=LINE('',#3842,#3841);
#3844=DIRECTION('',(-1.E0,0.E0,0.E0));
#3845=VECTOR('',#3844,2.E-1);
#3846=CARTESIAN_POINT('',(-1.025E0,0.E0,-1.44E1));
#3847=LINE('',#3846,#3845);
#3848=DIRECTION('',(-1.E0,0.E0,0.E0));
#3849=VECTOR('',#3848,2.E-1);
#3850=CARTESIAN_POINT('',(-5.25E-1,0.E0,-1.44E1));
#3851=LINE('',#3850,#3849);
#3852=DIRECTION('',(-1.E0,0.E0,0.E0));
#3853=VECTOR('',#3852,2.E-1);
#3854=CARTESIAN_POINT('',(-2.5E-2,0.E0,-1.44E1));
#3855=LINE('',#3854,#3853);
#3856=DIRECTION('',(-1.E0,0.E0,0.E0));
#3857=VECTOR('',#3856,2.E-1);
#3858=CARTESIAN_POINT('',(4.75E-1,0.E0,-1.44E1));
#3859=LINE('',#3858,#3857);
#3860=DIRECTION('',(-1.E0,0.E0,0.E0));
#3861=VECTOR('',#3860,2.E-1);
#3862=CARTESIAN_POINT('',(9.75E-1,0.E0,-1.44E1));
#3863=LINE('',#3862,#3861);
#3864=DIRECTION('',(-1.E0,0.E0,0.E0));
#3865=VECTOR('',#3864,2.E-1);
#3866=CARTESIAN_POINT('',(1.475E0,0.E0,-1.44E1));
#3867=LINE('',#3866,#3865);
#3868=DIRECTION('',(-1.E0,0.E0,0.E0));
#3869=VECTOR('',#3868,2.E-1);
#3870=CARTESIAN_POINT('',(1.975E0,0.E0,-1.44E1));
#3871=LINE('',#3870,#3869);
#3872=DIRECTION('',(-1.E0,0.E0,0.E0));
#3873=VECTOR('',#3872,2.E-1);
#3874=CARTESIAN_POINT('',(2.475E0,0.E0,-1.44E1));
#3875=LINE('',#3874,#3873);
#3876=DIRECTION('',(-1.E0,0.E0,0.E0));
#3877=VECTOR('',#3876,2.E-1);
#3878=CARTESIAN_POINT('',(2.975E0,0.E0,-1.44E1));
#3879=LINE('',#3878,#3877);
#3880=DIRECTION('',(0.E0,-1.E0,0.E0));
#3881=VECTOR('',#3880,6.E-1);
#3882=CARTESIAN_POINT('',(4.15E0,7.E-1,-1.44E1));
#3883=LINE('',#3882,#3881);
#3884=CARTESIAN_POINT('',(3.65E0,7.E-1,-1.44E1));
#3885=DIRECTION('',(0.E0,0.E0,-1.E0));
#3886=DIRECTION('',(0.E0,1.E0,0.E0));
#3887=AXIS2_PLACEMENT_3D('',#3884,#3885,#3886);
#3889=DIRECTION('',(1.E0,0.E0,0.E0));
#3890=VECTOR('',#3889,7.3E0);
#3891=CARTESIAN_POINT('',(-3.65E0,1.2E0,-1.44E1));
#3892=LINE('',#3891,#3890);
#3893=CARTESIAN_POINT('',(-3.65E0,7.E-1,-1.44E1));
#3894=DIRECTION('',(0.E0,0.E0,-1.E0));
#3895=DIRECTION('',(-1.E0,0.E0,0.E0));
#3896=AXIS2_PLACEMENT_3D('',#3893,#3894,#3895);
#3898=DIRECTION('',(0.E0,1.E0,0.E0));
#3899=VECTOR('',#3898,6.E-1);
#3900=CARTESIAN_POINT('',(-4.15E0,1.E-1,-1.44E1));
#3901=LINE('',#3900,#3899);
#3902=DIRECTION('',(0.E0,-8.910065241884E-1,-4.539904997396E-1));
#3903=VECTOR('',#3902,9.674132296661E-2);
#3904=CARTESIAN_POINT('',(-2.725E0,1.E-1,-1.403877840118E1));
#3905=LINE('',#3904,#3903);
#3906=CARTESIAN_POINT('',(-2.725E0,1.5E-1,-1.435E1));
#3907=DIRECTION('',(1.E0,0.E0,0.E0));
#3908=DIRECTION('',(0.E0,-4.539904997395E-1,8.910065241884E-1));
#3909=AXIS2_PLACEMENT_3D('',#3906,#3907,#3908);
#3911=DIRECTION('',(0.E0,0.E0,-1.E0));
#3912=VECTOR('',#3911,6.5E-1);
#3913=CARTESIAN_POINT('',(-2.725E0,-1.5E-1,-1.435E1));
#3914=LINE('',#3913,#3912);
#3915=DIRECTION('',(0.E0,1.E0,0.E0));
#3916=VECTOR('',#3915,1.5E-1);
#3917=CARTESIAN_POINT('',(-2.725E0,-1.5E-1,-1.5E1));
#3918=LINE('',#3917,#3916);
#3919=DIRECTION('',(0.E0,0.E0,1.E0));
#3920=VECTOR('',#3919,6.E-1);
#3921=CARTESIAN_POINT('',(-2.725E0,0.E0,-1.5E1));
#3922=LINE('',#3921,#3920);
#3923=DIRECTION('',(0.E0,1.E0,0.E0));
#3924=VECTOR('',#3923,1.E-1);
#3925=CARTESIAN_POINT('',(-2.725E0,0.E0,-1.44E1));
#3926=LINE('',#3925,#3924);
#3927=DIRECTION('',(0.E0,-8.910065241884E-1,-4.539904997396E-1));
#3928=VECTOR('',#3927,9.674132296661E-2);
#3929=CARTESIAN_POINT('',(-2.225E0,1.E-1,-1.403877840118E1));
#3930=LINE('',#3929,#3928);
#3931=CARTESIAN_POINT('',(-2.225E0,1.5E-1,-1.435E1));
#3932=DIRECTION('',(1.E0,0.E0,0.E0));
#3933=DIRECTION('',(0.E0,-4.539904997395E-1,8.910065241884E-1));
#3934=AXIS2_PLACEMENT_3D('',#3931,#3932,#3933);
#3936=DIRECTION('',(0.E0,0.E0,-1.E0));
#3937=VECTOR('',#3936,6.5E-1);
#3938=CARTESIAN_POINT('',(-2.225E0,-1.5E-1,-1.435E1));
#3939=LINE('',#3938,#3937);
#3940=DIRECTION('',(0.E0,1.E0,0.E0));
#3941=VECTOR('',#3940,1.5E-1);
#3942=CARTESIAN_POINT('',(-2.225E0,-1.5E-1,-1.5E1));
#3943=LINE('',#3942,#3941);
#3944=DIRECTION('',(0.E0,0.E0,1.E0));
#3945=VECTOR('',#3944,6.E-1);
#3946=CARTESIAN_POINT('',(-2.225E0,0.E0,-1.5E1));
#3947=LINE('',#3946,#3945);
#3948=DIRECTION('',(0.E0,1.E0,0.E0));
#3949=VECTOR('',#3948,1.E-1);
#3950=CARTESIAN_POINT('',(-2.225E0,0.E0,-1.44E1));
#3951=LINE('',#3950,#3949);
#3952=DIRECTION('',(0.E0,-8.910065241884E-1,-4.539904997396E-1));
#3953=VECTOR('',#3952,9.674132296661E-2);
#3954=CARTESIAN_POINT('',(-2.025E0,1.E-1,-1.403877840118E1));
#3955=LINE('',#3954,#3953);
#3956=DIRECTION('',(0.E0,1.E0,0.E0));
#3957=VECTOR('',#3956,1.E-1);
#3958=CARTESIAN_POINT('',(-2.025E0,0.E0,-1.44E1));
#3959=LINE('',#3958,#3957);
#3960=DIRECTION('',(0.E0,0.E0,1.E0));
#3961=VECTOR('',#3960,6.E-1);
#3962=CARTESIAN_POINT('',(-2.025E0,0.E0,-1.5E1));
#3963=LINE('',#3962,#3961);
#3964=DIRECTION('',(0.E0,1.E0,0.E0));
#3965=VECTOR('',#3964,1.5E-1);
#3966=CARTESIAN_POINT('',(-2.025E0,-1.5E-1,-1.5E1));
#3967=LINE('',#3966,#3965);
#3968=DIRECTION('',(0.E0,0.E0,-1.E0));
#3969=VECTOR('',#3968,6.5E-1);
#3970=CARTESIAN_POINT('',(-2.025E0,-1.5E-1,-1.435E1));
#3971=LINE('',#3970,#3969);
#3972=CARTESIAN_POINT('',(-2.025E0,1.5E-1,-1.435E1));
#3973=DIRECTION('',(1.E0,0.E0,0.E0));
#3974=DIRECTION('',(0.E0,-4.539904997395E-1,8.910065241884E-1));
#3975=AXIS2_PLACEMENT_3D('',#3972,#3973,#3974);
#3977=DIRECTION('',(-1.E0,0.E0,0.E0));
#3978=VECTOR('',#3977,2.E-1);
#3979=CARTESIAN_POINT('',(-2.025E0,0.E0,-1.5E1));
#3980=LINE('',#3979,#3978);
#3981=DIRECTION('',(-1.E0,0.E0,0.E0));
#3982=VECTOR('',#3981,2.E-1);
#3983=CARTESIAN_POINT('',(-2.025E0,-1.5E-1,-1.5E1));
#3984=LINE('',#3983,#3982);
#3985=DIRECTION('',(-1.E0,0.E0,0.E0));
#3986=VECTOR('',#3985,2.E-1);
#3987=CARTESIAN_POINT('',(-2.025E0,-1.5E-1,-1.435E1));
#3988=LINE('',#3987,#3986);
#3989=DIRECTION('',(-1.E0,0.E0,0.E0));
#3990=VECTOR('',#3989,2.E-1);
#3991=CARTESIAN_POINT('',(-2.025E0,1.380285007814E-2,-1.408269804274E1));
#3992=LINE('',#3991,#3990);
#3993=DIRECTION('',(0.E0,-8.910065241884E-1,-4.539904997396E-1));
#3994=VECTOR('',#3993,9.674132296661E-2);
#3995=CARTESIAN_POINT('',(-1.725E0,1.E-1,-1.403877840118E1));
#3996=LINE('',#3995,#3994);
#3997=CARTESIAN_POINT('',(-1.725E0,1.5E-1,-1.435E1));
#3998=DIRECTION('',(1.E0,0.E0,0.E0));
#3999=DIRECTION('',(0.E0,-4.539904997395E-1,8.910065241884E-1));
#4000=AXIS2_PLACEMENT_3D('',#3997,#3998,#3999);
#4002=DIRECTION('',(0.E0,0.E0,-1.E0));
#4003=VECTOR('',#4002,6.5E-1);
#4004=CARTESIAN_POINT('',(-1.725E0,-1.5E-1,-1.435E1));
#4005=LINE('',#4004,#4003);
#4006=DIRECTION('',(0.E0,1.E0,0.E0));
#4007=VECTOR('',#4006,1.5E-1);
#4008=CARTESIAN_POINT('',(-1.725E0,-1.5E-1,-1.5E1));
#4009=LINE('',#4008,#4007);
#4010=DIRECTION('',(0.E0,0.E0,1.E0));
#4011=VECTOR('',#4010,6.E-1);
#4012=CARTESIAN_POINT('',(-1.725E0,0.E0,-1.5E1));
#4013=LINE('',#4012,#4011);
#4014=DIRECTION('',(0.E0,1.E0,0.E0));
#4015=VECTOR('',#4014,1.E-1);
#4016=CARTESIAN_POINT('',(-1.725E0,0.E0,-1.44E1));
#4017=LINE('',#4016,#4015);
#4018=DIRECTION('',(0.E0,-8.910065241884E-1,-4.539904997396E-1));
#4019=VECTOR('',#4018,9.674132296661E-2);
#4020=CARTESIAN_POINT('',(-1.525E0,1.E-1,-1.403877840118E1));
#4021=LINE('',#4020,#4019);
#4022=DIRECTION('',(0.E0,1.E0,0.E0));
#4023=VECTOR('',#4022,1.E-1);
#4024=CARTESIAN_POINT('',(-1.525E0,0.E0,-1.44E1));
#4025=LINE('',#4024,#4023);
#4026=DIRECTION('',(0.E0,0.E0,1.E0));
#4027=VECTOR('',#4026,6.E-1);
#4028=CARTESIAN_POINT('',(-1.525E0,0.E0,-1.5E1));
#4029=LINE('',#4028,#4027);
#4030=DIRECTION('',(0.E0,1.E0,0.E0));
#4031=VECTOR('',#4030,1.5E-1);
#4032=CARTESIAN_POINT('',(-1.525E0,-1.5E-1,-1.5E1));
#4033=LINE('',#4032,#4031);
#4034=DIRECTION('',(0.E0,0.E0,-1.E0));
#4035=VECTOR('',#4034,6.5E-1);
#4036=CARTESIAN_POINT('',(-1.525E0,-1.5E-1,-1.435E1));
#4037=LINE('',#4036,#4035);
#4038=CARTESIAN_POINT('',(-1.525E0,1.5E-1,-1.435E1));
#4039=DIRECTION('',(1.E0,0.E0,0.E0));
#4040=DIRECTION('',(0.E0,-4.539904997395E-1,8.910065241884E-1));
#4041=AXIS2_PLACEMENT_3D('',#4038,#4039,#4040);
#4043=DIRECTION('',(-1.E0,0.E0,0.E0));
#4044=VECTOR('',#4043,2.E-1);
#4045=CARTESIAN_POINT('',(-1.525E0,0.E0,-1.5E1));
#4046=LINE('',#4045,#4044);
#4047=DIRECTION('',(-1.E0,0.E0,0.E0));
#4048=VECTOR('',#4047,2.E-1);
#4049=CARTESIAN_POINT('',(-1.525E0,-1.5E-1,-1.5E1));
#4050=LINE('',#4049,#4048);
#4051=DIRECTION('',(-1.E0,0.E0,0.E0));
#4052=VECTOR('',#4051,2.E-1);
#4053=CARTESIAN_POINT('',(-1.525E0,-1.5E-1,-1.435E1));
#4054=LINE('',#4053,#4052);
#4055=DIRECTION('',(-1.E0,0.E0,0.E0));
#4056=VECTOR('',#4055,2.E-1);
#4057=CARTESIAN_POINT('',(-1.525E0,1.380285007814E-2,-1.408269804274E1));
#4058=LINE('',#4057,#4056);
#4059=DIRECTION('',(0.E0,-8.910065241884E-1,-4.539904997396E-1));
#4060=VECTOR('',#4059,9.674132296661E-2);
#4061=CARTESIAN_POINT('',(-1.225E0,1.E-1,-1.403877840118E1));
#4062=LINE('',#4061,#4060);
#4063=CARTESIAN_POINT('',(-1.225E0,1.5E-1,-1.435E1));
#4064=DIRECTION('',(1.E0,0.E0,0.E0));
#4065=DIRECTION('',(0.E0,-4.539904997395E-1,8.910065241884E-1));
#4066=AXIS2_PLACEMENT_3D('',#4063,#4064,#4065);
#4068=DIRECTION('',(0.E0,0.E0,-1.E0));
#4069=VECTOR('',#4068,6.5E-1);
#4070=CARTESIAN_POINT('',(-1.225E0,-1.5E-1,-1.435E1));
#4071=LINE('',#4070,#4069);
#4072=DIRECTION('',(0.E0,1.E0,0.E0));
#4073=VECTOR('',#4072,1.5E-1);
#4074=CARTESIAN_POINT('',(-1.225E0,-1.5E-1,-1.5E1));
#4075=LINE('',#4074,#4073);
#4076=DIRECTION('',(0.E0,0.E0,1.E0));
#4077=VECTOR('',#4076,6.E-1);
#4078=CARTESIAN_POINT('',(-1.225E0,0.E0,-1.5E1));
#4079=LINE('',#4078,#4077);
#4080=DIRECTION('',(0.E0,1.E0,0.E0));
#4081=VECTOR('',#4080,1.E-1);
#4082=CARTESIAN_POINT('',(-1.225E0,0.E0,-1.44E1));
#4083=LINE('',#4082,#4081);
#4084=DIRECTION('',(0.E0,-8.910065241884E-1,-4.539904997396E-1));
#4085=VECTOR('',#4084,9.674132296661E-2);
#4086=CARTESIAN_POINT('',(-1.025E0,1.E-1,-1.403877840118E1));
#4087=LINE('',#4086,#4085);
#4088=DIRECTION('',(0.E0,1.E0,0.E0));
#4089=VECTOR('',#4088,1.E-1);
#4090=CARTESIAN_POINT('',(-1.025E0,0.E0,-1.44E1));
#4091=LINE('',#4090,#4089);
#4092=DIRECTION('',(0.E0,0.E0,1.E0));
#4093=VECTOR('',#4092,6.E-1);
#4094=CARTESIAN_POINT('',(-1.025E0,0.E0,-1.5E1));
#4095=LINE('',#4094,#4093);
#4096=DIRECTION('',(0.E0,1.E0,0.E0));
#4097=VECTOR('',#4096,1.5E-1);
#4098=CARTESIAN_POINT('',(-1.025E0,-1.5E-1,-1.5E1));
#4099=LINE('',#4098,#4097);
#4100=DIRECTION('',(0.E0,0.E0,-1.E0));
#4101=VECTOR('',#4100,6.5E-1);
#4102=CARTESIAN_POINT('',(-1.025E0,-1.5E-1,-1.435E1));
#4103=LINE('',#4102,#4101);
#4104=CARTESIAN_POINT('',(-1.025E0,1.5E-1,-1.435E1));
#4105=DIRECTION('',(1.E0,0.E0,0.E0));
#4106=DIRECTION('',(0.E0,-4.539904997395E-1,8.910065241884E-1));
#4107=AXIS2_PLACEMENT_3D('',#4104,#4105,#4106);
#4109=DIRECTION('',(-1.E0,0.E0,0.E0));
#4110=VECTOR('',#4109,2.E-1);
#4111=CARTESIAN_POINT('',(-1.025E0,0.E0,-1.5E1));
#4112=LINE('',#4111,#4110);
#4113=DIRECTION('',(-1.E0,0.E0,0.E0));
#4114=VECTOR('',#4113,2.E-1);
#4115=CARTESIAN_POINT('',(-1.025E0,-1.5E-1,-1.5E1));
#4116=LINE('',#4115,#4114);
#4117=DIRECTION('',(-1.E0,0.E0,0.E0));
#4118=VECTOR('',#4117,2.E-1);
#4119=CARTESIAN_POINT('',(-1.025E0,-1.5E-1,-1.435E1));
#4120=LINE('',#4119,#4118);
#4121=DIRECTION('',(-1.E0,0.E0,0.E0));
#4122=VECTOR('',#4121,2.E-1);
#4123=CARTESIAN_POINT('',(-1.025E0,1.380285007814E-2,-1.408269804274E1));
#4124=LINE('',#4123,#4122);
#4125=DIRECTION('',(0.E0,-8.910065241884E-1,-4.539904997396E-1));
#4126=VECTOR('',#4125,9.674132296661E-2);
#4127=CARTESIAN_POINT('',(-7.25E-1,1.E-1,-1.403877840118E1));
#4128=LINE('',#4127,#4126);
#4129=CARTESIAN_POINT('',(-7.25E-1,1.5E-1,-1.435E1));
#4130=DIRECTION('',(1.E0,0.E0,0.E0));
#4131=DIRECTION('',(0.E0,-4.539904997395E-1,8.910065241884E-1));
#4132=AXIS2_PLACEMENT_3D('',#4129,#4130,#4131);
#4134=DIRECTION('',(0.E0,0.E0,-1.E0));
#4135=VECTOR('',#4134,6.5E-1);
#4136=CARTESIAN_POINT('',(-7.25E-1,-1.5E-1,-1.435E1));
#4137=LINE('',#4136,#4135);
#4138=DIRECTION('',(0.E0,1.E0,0.E0));
#4139=VECTOR('',#4138,1.5E-1);
#4140=CARTESIAN_POINT('',(-7.25E-1,-1.5E-1,-1.5E1));
#4141=LINE('',#4140,#4139);
#4142=DIRECTION('',(0.E0,0.E0,1.E0));
#4143=VECTOR('',#4142,6.E-1);
#4144=CARTESIAN_POINT('',(-7.25E-1,0.E0,-1.5E1));
#4145=LINE('',#4144,#4143);
#4146=DIRECTION('',(0.E0,1.E0,0.E0));
#4147=VECTOR('',#4146,1.E-1);
#4148=CARTESIAN_POINT('',(-7.25E-1,0.E0,-1.44E1));
#4149=LINE('',#4148,#4147);
#4150=DIRECTION('',(0.E0,-8.910065241884E-1,-4.539904997396E-1));
#4151=VECTOR('',#4150,9.674132296661E-2);
#4152=CARTESIAN_POINT('',(-5.25E-1,1.E-1,-1.403877840118E1));
#4153=LINE('',#4152,#4151);
#4154=DIRECTION('',(0.E0,1.E0,0.E0));
#4155=VECTOR('',#4154,1.E-1);
#4156=CARTESIAN_POINT('',(-5.25E-1,0.E0,-1.44E1));
#4157=LINE('',#4156,#4155);
#4158=DIRECTION('',(0.E0,0.E0,1.E0));
#4159=VECTOR('',#4158,6.E-1);
#4160=CARTESIAN_POINT('',(-5.25E-1,0.E0,-1.5E1));
#4161=LINE('',#4160,#4159);
#4162=DIRECTION('',(0.E0,1.E0,0.E0));
#4163=VECTOR('',#4162,1.5E-1);
#4164=CARTESIAN_POINT('',(-5.25E-1,-1.5E-1,-1.5E1));
#4165=LINE('',#4164,#4163);
#4166=DIRECTION('',(0.E0,0.E0,-1.E0));
#4167=VECTOR('',#4166,6.5E-1);
#4168=CARTESIAN_POINT('',(-5.25E-1,-1.5E-1,-1.435E1));
#4169=LINE('',#4168,#4167);
#4170=CARTESIAN_POINT('',(-5.25E-1,1.5E-1,-1.435E1));
#4171=DIRECTION('',(1.E0,0.E0,0.E0));
#4172=DIRECTION('',(0.E0,-4.539904997395E-1,8.910065241884E-1));
#4173=AXIS2_PLACEMENT_3D('',#4170,#4171,#4172);
#4175=DIRECTION('',(-1.E0,0.E0,0.E0));
#4176=VECTOR('',#4175,2.E-1);
#4177=CARTESIAN_POINT('',(-5.25E-1,0.E0,-1.5E1));
#4178=LINE('',#4177,#4176);
#4179=DIRECTION('',(-1.E0,0.E0,0.E0));
#4180=VECTOR('',#4179,2.E-1);
#4181=CARTESIAN_POINT('',(-5.25E-1,-1.5E-1,-1.5E1));
#4182=LINE('',#4181,#4180);
#4183=DIRECTION('',(-1.E0,0.E0,0.E0));
#4184=VECTOR('',#4183,2.E-1);
#4185=CARTESIAN_POINT('',(-5.25E-1,-1.5E-1,-1.435E1));
#4186=LINE('',#4185,#4184);
#4187=DIRECTION('',(-1.E0,0.E0,0.E0));
#4188=VECTOR('',#4187,2.E-1);
#4189=CARTESIAN_POINT('',(-5.25E-1,1.380285007814E-2,-1.408269804274E1));
#4190=LINE('',#4189,#4188);
#4191=DIRECTION('',(0.E0,-8.910065241884E-1,-4.539904997396E-1));
#4192=VECTOR('',#4191,9.674132296661E-2);
#4193=CARTESIAN_POINT('',(-2.25E-1,1.E-1,-1.403877840118E1));
#4194=LINE('',#4193,#4192);
#4195=CARTESIAN_POINT('',(-2.25E-1,1.5E-1,-1.435E1));
#4196=DIRECTION('',(1.E0,0.E0,0.E0));
#4197=DIRECTION('',(0.E0,-4.539904997395E-1,8.910065241884E-1));
#4198=AXIS2_PLACEMENT_3D('',#4195,#4196,#4197);
#4200=DIRECTION('',(0.E0,0.E0,-1.E0));
#4201=VECTOR('',#4200,6.5E-1);
#4202=CARTESIAN_POINT('',(-2.25E-1,-1.5E-1,-1.435E1));
#4203=LINE('',#4202,#4201);
#4204=DIRECTION('',(0.E0,1.E0,0.E0));
#4205=VECTOR('',#4204,1.5E-1);
#4206=CARTESIAN_POINT('',(-2.25E-1,-1.5E-1,-1.5E1));
#4207=LINE('',#4206,#4205);
#4208=DIRECTION('',(0.E0,0.E0,1.E0));
#4209=VECTOR('',#4208,6.E-1);
#4210=CARTESIAN_POINT('',(-2.25E-1,0.E0,-1.5E1));
#4211=LINE('',#4210,#4209);
#4212=DIRECTION('',(0.E0,1.E0,0.E0));
#4213=VECTOR('',#4212,1.E-1);
#4214=CARTESIAN_POINT('',(-2.25E-1,0.E0,-1.44E1));
#4215=LINE('',#4214,#4213);
#4216=DIRECTION('',(0.E0,-8.910065241884E-1,-4.539904997396E-1));
#4217=VECTOR('',#4216,9.674132296661E-2);
#4218=CARTESIAN_POINT('',(-2.5E-2,1.E-1,-1.403877840118E1));
#4219=LINE('',#4218,#4217);
#4220=DIRECTION('',(0.E0,1.E0,0.E0));
#4221=VECTOR('',#4220,1.E-1);
#4222=CARTESIAN_POINT('',(-2.5E-2,0.E0,-1.44E1));
#4223=LINE('',#4222,#4221);
#4224=DIRECTION('',(0.E0,0.E0,1.E0));
#4225=VECTOR('',#4224,6.E-1);
#4226=CARTESIAN_POINT('',(-2.5E-2,0.E0,-1.5E1));
#4227=LINE('',#4226,#4225);
#4228=DIRECTION('',(0.E0,1.E0,0.E0));
#4229=VECTOR('',#4228,1.5E-1);
#4230=CARTESIAN_POINT('',(-2.5E-2,-1.5E-1,-1.5E1));
#4231=LINE('',#4230,#4229);
#4232=DIRECTION('',(0.E0,0.E0,-1.E0));
#4233=VECTOR('',#4232,6.5E-1);
#4234=CARTESIAN_POINT('',(-2.5E-2,-1.5E-1,-1.435E1));
#4235=LINE('',#4234,#4233);
#4236=CARTESIAN_POINT('',(-2.5E-2,1.5E-1,-1.435E1));
#4237=DIRECTION('',(1.E0,0.E0,0.E0));
#4238=DIRECTION('',(0.E0,-4.539904997395E-1,8.910065241884E-1));
#4239=AXIS2_PLACEMENT_3D('',#4236,#4237,#4238);
#4241=DIRECTION('',(-1.E0,0.E0,0.E0));
#4242=VECTOR('',#4241,2.E-1);
#4243=CARTESIAN_POINT('',(-2.5E-2,0.E0,-1.5E1));
#4244=LINE('',#4243,#4242);
#4245=DIRECTION('',(-1.E0,0.E0,0.E0));
#4246=VECTOR('',#4245,2.E-1);
#4247=CARTESIAN_POINT('',(-2.5E-2,-1.5E-1,-1.5E1));
#4248=LINE('',#4247,#4246);
#4249=DIRECTION('',(-1.E0,0.E0,0.E0));
#4250=VECTOR('',#4249,2.E-1);
#4251=CARTESIAN_POINT('',(-2.5E-2,-1.5E-1,-1.435E1));
#4252=LINE('',#4251,#4250);
#4253=DIRECTION('',(-1.E0,0.E0,0.E0));
#4254=VECTOR('',#4253,2.E-1);
#4255=CARTESIAN_POINT('',(-2.5E-2,1.380285007814E-2,-1.408269804274E1));
#4256=LINE('',#4255,#4254);
#4257=DIRECTION('',(0.E0,-8.910065241884E-1,-4.539904997396E-1));
#4258=VECTOR('',#4257,9.674132296661E-2);
#4259=CARTESIAN_POINT('',(2.75E-1,1.E-1,-1.403877840118E1));
#4260=LINE('',#4259,#4258);
#4261=CARTESIAN_POINT('',(2.75E-1,1.5E-1,-1.435E1));
#4262=DIRECTION('',(1.E0,0.E0,0.E0));
#4263=DIRECTION('',(0.E0,-4.539904997395E-1,8.910065241884E-1));
#4264=AXIS2_PLACEMENT_3D('',#4261,#4262,#4263);
#4266=DIRECTION('',(0.E0,0.E0,-1.E0));
#4267=VECTOR('',#4266,6.5E-1);
#4268=CARTESIAN_POINT('',(2.75E-1,-1.5E-1,-1.435E1));
#4269=LINE('',#4268,#4267);
#4270=DIRECTION('',(0.E0,1.E0,0.E0));
#4271=VECTOR('',#4270,1.5E-1);
#4272=CARTESIAN_POINT('',(2.75E-1,-1.5E-1,-1.5E1));
#4273=LINE('',#4272,#4271);
#4274=DIRECTION('',(0.E0,0.E0,1.E0));
#4275=VECTOR('',#4274,6.E-1);
#4276=CARTESIAN_POINT('',(2.75E-1,0.E0,-1.5E1));
#4277=LINE('',#4276,#4275);
#4278=DIRECTION('',(0.E0,1.E0,0.E0));
#4279=VECTOR('',#4278,1.E-1);
#4280=CARTESIAN_POINT('',(2.75E-1,0.E0,-1.44E1));
#4281=LINE('',#4280,#4279);
#4282=DIRECTION('',(0.E0,-8.910065241884E-1,-4.539904997396E-1));
#4283=VECTOR('',#4282,9.674132296661E-2);
#4284=CARTESIAN_POINT('',(4.75E-1,1.E-1,-1.403877840118E1));
#4285=LINE('',#4284,#4283);
#4286=DIRECTION('',(0.E0,1.E0,0.E0));
#4287=VECTOR('',#4286,1.E-1);
#4288=CARTESIAN_POINT('',(4.75E-1,0.E0,-1.44E1));
#4289=LINE('',#4288,#4287);
#4290=DIRECTION('',(0.E0,0.E0,1.E0));
#4291=VECTOR('',#4290,6.E-1);
#4292=CARTESIAN_POINT('',(4.75E-1,0.E0,-1.5E1));
#4293=LINE('',#4292,#4291);
#4294=DIRECTION('',(0.E0,1.E0,0.E0));
#4295=VECTOR('',#4294,1.5E-1);
#4296=CARTESIAN_POINT('',(4.75E-1,-1.5E-1,-1.5E1));
#4297=LINE('',#4296,#4295);
#4298=DIRECTION('',(0.E0,0.E0,-1.E0));
#4299=VECTOR('',#4298,6.5E-1);
#4300=CARTESIAN_POINT('',(4.75E-1,-1.5E-1,-1.435E1));
#4301=LINE('',#4300,#4299);
#4302=CARTESIAN_POINT('',(4.75E-1,1.5E-1,-1.435E1));
#4303=DIRECTION('',(1.E0,0.E0,0.E0));
#4304=DIRECTION('',(0.E0,-4.539904997395E-1,8.910065241884E-1));
#4305=AXIS2_PLACEMENT_3D('',#4302,#4303,#4304);
#4307=DIRECTION('',(-1.E0,0.E0,0.E0));
#4308=VECTOR('',#4307,2.E-1);
#4309=CARTESIAN_POINT('',(4.75E-1,0.E0,-1.5E1));
#4310=LINE('',#4309,#4308);
#4311=DIRECTION('',(-1.E0,0.E0,0.E0));
#4312=VECTOR('',#4311,2.E-1);
#4313=CARTESIAN_POINT('',(4.75E-1,-1.5E-1,-1.5E1));
#4314=LINE('',#4313,#4312);
#4315=DIRECTION('',(-1.E0,0.E0,0.E0));
#4316=VECTOR('',#4315,2.E-1);
#4317=CARTESIAN_POINT('',(4.75E-1,-1.5E-1,-1.435E1));
#4318=LINE('',#4317,#4316);
#4319=DIRECTION('',(-1.E0,0.E0,0.E0));
#4320=VECTOR('',#4319,2.E-1);
#4321=CARTESIAN_POINT('',(4.75E-1,1.380285007814E-2,-1.408269804274E1));
#4322=LINE('',#4321,#4320);
#4323=DIRECTION('',(0.E0,-8.910065241884E-1,-4.539904997396E-1));
#4324=VECTOR('',#4323,9.674132296661E-2);
#4325=CARTESIAN_POINT('',(7.75E-1,1.E-1,-1.403877840118E1));
#4326=LINE('',#4325,#4324);
#4327=CARTESIAN_POINT('',(7.75E-1,1.5E-1,-1.435E1));
#4328=DIRECTION('',(1.E0,0.E0,0.E0));
#4329=DIRECTION('',(0.E0,-4.539904997395E-1,8.910065241884E-1));
#4330=AXIS2_PLACEMENT_3D('',#4327,#4328,#4329);
#4332=DIRECTION('',(0.E0,0.E0,-1.E0));
#4333=VECTOR('',#4332,6.5E-1);
#4334=CARTESIAN_POINT('',(7.75E-1,-1.5E-1,-1.435E1));
#4335=LINE('',#4334,#4333);
#4336=DIRECTION('',(0.E0,1.E0,0.E0));
#4337=VECTOR('',#4336,1.5E-1);
#4338=CARTESIAN_POINT('',(7.75E-1,-1.5E-1,-1.5E1));
#4339=LINE('',#4338,#4337);
#4340=DIRECTION('',(0.E0,0.E0,1.E0));
#4341=VECTOR('',#4340,6.E-1);
#4342=CARTESIAN_POINT('',(7.75E-1,0.E0,-1.5E1));
#4343=LINE('',#4342,#4341);
#4344=DIRECTION('',(0.E0,1.E0,0.E0));
#4345=VECTOR('',#4344,1.E-1);
#4346=CARTESIAN_POINT('',(7.75E-1,0.E0,-1.44E1));
#4347=LINE('',#4346,#4345);
#4348=DIRECTION('',(0.E0,-8.910065241884E-1,-4.539904997396E-1));
#4349=VECTOR('',#4348,9.674132296661E-2);
#4350=CARTESIAN_POINT('',(9.75E-1,1.E-1,-1.403877840118E1));
#4351=LINE('',#4350,#4349);
#4352=DIRECTION('',(0.E0,1.E0,0.E0));
#4353=VECTOR('',#4352,1.E-1);
#4354=CARTESIAN_POINT('',(9.75E-1,0.E0,-1.44E1));
#4355=LINE('',#4354,#4353);
#4356=DIRECTION('',(0.E0,0.E0,1.E0));
#4357=VECTOR('',#4356,6.E-1);
#4358=CARTESIAN_POINT('',(9.75E-1,0.E0,-1.5E1));
#4359=LINE('',#4358,#4357);
#4360=DIRECTION('',(0.E0,1.E0,0.E0));
#4361=VECTOR('',#4360,1.5E-1);
#4362=CARTESIAN_POINT('',(9.75E-1,-1.5E-1,-1.5E1));
#4363=LINE('',#4362,#4361);
#4364=DIRECTION('',(0.E0,0.E0,-1.E0));
#4365=VECTOR('',#4364,6.5E-1);
#4366=CARTESIAN_POINT('',(9.75E-1,-1.5E-1,-1.435E1));
#4367=LINE('',#4366,#4365);
#4368=CARTESIAN_POINT('',(9.75E-1,1.5E-1,-1.435E1));
#4369=DIRECTION('',(1.E0,0.E0,0.E0));
#4370=DIRECTION('',(0.E0,-4.539904997395E-1,8.910065241884E-1));
#4371=AXIS2_PLACEMENT_3D('',#4368,#4369,#4370);
#4373=DIRECTION('',(-1.E0,0.E0,0.E0));
#4374=VECTOR('',#4373,2.E-1);
#4375=CARTESIAN_POINT('',(9.75E-1,0.E0,-1.5E1));
#4376=LINE('',#4375,#4374);
#4377=DIRECTION('',(-1.E0,0.E0,0.E0));
#4378=VECTOR('',#4377,2.E-1);
#4379=CARTESIAN_POINT('',(9.75E-1,-1.5E-1,-1.5E1));
#4380=LINE('',#4379,#4378);
#4381=DIRECTION('',(-1.E0,0.E0,0.E0));
#4382=VECTOR('',#4381,2.E-1);
#4383=CARTESIAN_POINT('',(9.75E-1,-1.5E-1,-1.435E1));
#4384=LINE('',#4383,#4382);
#4385=DIRECTION('',(-1.E0,0.E0,0.E0));
#4386=VECTOR('',#4385,2.E-1);
#4387=CARTESIAN_POINT('',(9.75E-1,1.380285007814E-2,-1.408269804274E1));
#4388=LINE('',#4387,#4386);
#4389=DIRECTION('',(0.E0,-8.910065241884E-1,-4.539904997396E-1));
#4390=VECTOR('',#4389,9.674132296661E-2);
#4391=CARTESIAN_POINT('',(1.275E0,1.E-1,-1.403877840118E1));
#4392=LINE('',#4391,#4390);
#4393=CARTESIAN_POINT('',(1.275E0,1.5E-1,-1.435E1));
#4394=DIRECTION('',(1.E0,0.E0,0.E0));
#4395=DIRECTION('',(0.E0,-4.539904997395E-1,8.910065241884E-1));
#4396=AXIS2_PLACEMENT_3D('',#4393,#4394,#4395);
#4398=DIRECTION('',(0.E0,0.E0,-1.E0));
#4399=VECTOR('',#4398,6.5E-1);
#4400=CARTESIAN_POINT('',(1.275E0,-1.5E-1,-1.435E1));
#4401=LINE('',#4400,#4399);
#4402=DIRECTION('',(0.E0,1.E0,0.E0));
#4403=VECTOR('',#4402,1.5E-1);
#4404=CARTESIAN_POINT('',(1.275E0,-1.5E-1,-1.5E1));
#4405=LINE('',#4404,#4403);
#4406=DIRECTION('',(0.E0,0.E0,1.E0));
#4407=VECTOR('',#4406,6.E-1);
#4408=CARTESIAN_POINT('',(1.275E0,0.E0,-1.5E1));
#4409=LINE('',#4408,#4407);
#4410=DIRECTION('',(0.E0,1.E0,0.E0));
#4411=VECTOR('',#4410,1.E-1);
#4412=CARTESIAN_POINT('',(1.275E0,0.E0,-1.44E1));
#4413=LINE('',#4412,#4411);
#4414=DIRECTION('',(0.E0,-8.910065241884E-1,-4.539904997396E-1));
#4415=VECTOR('',#4414,9.674132296661E-2);
#4416=CARTESIAN_POINT('',(1.475E0,1.E-1,-1.403877840118E1));
#4417=LINE('',#4416,#4415);
#4418=DIRECTION('',(0.E0,1.E0,0.E0));
#4419=VECTOR('',#4418,1.E-1);
#4420=CARTESIAN_POINT('',(1.475E0,0.E0,-1.44E1));
#4421=LINE('',#4420,#4419);
#4422=DIRECTION('',(0.E0,0.E0,1.E0));
#4423=VECTOR('',#4422,6.E-1);
#4424=CARTESIAN_POINT('',(1.475E0,0.E0,-1.5E1));
#4425=LINE('',#4424,#4423);
#4426=DIRECTION('',(0.E0,1.E0,0.E0));
#4427=VECTOR('',#4426,1.5E-1);
#4428=CARTESIAN_POINT('',(1.475E0,-1.5E-1,-1.5E1));
#4429=LINE('',#4428,#4427);
#4430=DIRECTION('',(0.E0,0.E0,-1.E0));
#4431=VECTOR('',#4430,6.5E-1);
#4432=CARTESIAN_POINT('',(1.475E0,-1.5E-1,-1.435E1));
#4433=LINE('',#4432,#4431);
#4434=CARTESIAN_POINT('',(1.475E0,1.5E-1,-1.435E1));
#4435=DIRECTION('',(1.E0,0.E0,0.E0));
#4436=DIRECTION('',(0.E0,-4.539904997395E-1,8.910065241884E-1));
#4437=AXIS2_PLACEMENT_3D('',#4434,#4435,#4436);
#4439=DIRECTION('',(-1.E0,0.E0,0.E0));
#4440=VECTOR('',#4439,2.E-1);
#4441=CARTESIAN_POINT('',(1.475E0,0.E0,-1.5E1));
#4442=LINE('',#4441,#4440);
#4443=DIRECTION('',(-1.E0,0.E0,0.E0));
#4444=VECTOR('',#4443,2.E-1);
#4445=CARTESIAN_POINT('',(1.475E0,-1.5E-1,-1.5E1));
#4446=LINE('',#4445,#4444);
#4447=DIRECTION('',(-1.E0,0.E0,0.E0));
#4448=VECTOR('',#4447,2.E-1);
#4449=CARTESIAN_POINT('',(1.475E0,-1.5E-1,-1.435E1));
#4450=LINE('',#4449,#4448);
#4451=DIRECTION('',(-1.E0,0.E0,0.E0));
#4452=VECTOR('',#4451,2.E-1);
#4453=CARTESIAN_POINT('',(1.475E0,1.380285007814E-2,-1.408269804274E1));
#4454=LINE('',#4453,#4452);
#4455=DIRECTION('',(0.E0,-8.910065241884E-1,-4.539904997396E-1));
#4456=VECTOR('',#4455,9.674132296661E-2);
#4457=CARTESIAN_POINT('',(1.775E0,1.E-1,-1.403877840118E1));
#4458=LINE('',#4457,#4456);
#4459=CARTESIAN_POINT('',(1.775E0,1.5E-1,-1.435E1));
#4460=DIRECTION('',(1.E0,0.E0,0.E0));
#4461=DIRECTION('',(0.E0,-4.539904997395E-1,8.910065241884E-1));
#4462=AXIS2_PLACEMENT_3D('',#4459,#4460,#4461);
#4464=DIRECTION('',(0.E0,0.E0,-1.E0));
#4465=VECTOR('',#4464,6.5E-1);
#4466=CARTESIAN_POINT('',(1.775E0,-1.5E-1,-1.435E1));
#4467=LINE('',#4466,#4465);
#4468=DIRECTION('',(0.E0,1.E0,0.E0));
#4469=VECTOR('',#4468,1.5E-1);
#4470=CARTESIAN_POINT('',(1.775E0,-1.5E-1,-1.5E1));
#4471=LINE('',#4470,#4469);
#4472=DIRECTION('',(0.E0,0.E0,1.E0));
#4473=VECTOR('',#4472,6.E-1);
#4474=CARTESIAN_POINT('',(1.775E0,0.E0,-1.5E1));
#4475=LINE('',#4474,#4473);
#4476=DIRECTION('',(0.E0,1.E0,0.E0));
#4477=VECTOR('',#4476,1.E-1);
#4478=CARTESIAN_POINT('',(1.775E0,0.E0,-1.44E1));
#4479=LINE('',#4478,#4477);
#4480=DIRECTION('',(0.E0,-8.910065241884E-1,-4.539904997396E-1));
#4481=VECTOR('',#4480,9.674132296661E-2);
#4482=CARTESIAN_POINT('',(1.975E0,1.E-1,-1.403877840118E1));
#4483=LINE('',#4482,#4481);
#4484=DIRECTION('',(0.E0,1.E0,0.E0));
#4485=VECTOR('',#4484,1.E-1);
#4486=CARTESIAN_POINT('',(1.975E0,0.E0,-1.44E1));
#4487=LINE('',#4486,#4485);
#4488=DIRECTION('',(0.E0,0.E0,1.E0));
#4489=VECTOR('',#4488,6.E-1);
#4490=CARTESIAN_POINT('',(1.975E0,0.E0,-1.5E1));
#4491=LINE('',#4490,#4489);
#4492=DIRECTION('',(0.E0,1.E0,0.E0));
#4493=VECTOR('',#4492,1.5E-1);
#4494=CARTESIAN_POINT('',(1.975E0,-1.5E-1,-1.5E1));
#4495=LINE('',#4494,#4493);
#4496=DIRECTION('',(0.E0,0.E0,-1.E0));
#4497=VECTOR('',#4496,6.5E-1);
#4498=CARTESIAN_POINT('',(1.975E0,-1.5E-1,-1.435E1));
#4499=LINE('',#4498,#4497);
#4500=CARTESIAN_POINT('',(1.975E0,1.5E-1,-1.435E1));
#4501=DIRECTION('',(1.E0,0.E0,0.E0));
#4502=DIRECTION('',(0.E0,-4.539904997395E-1,8.910065241884E-1));
#4503=AXIS2_PLACEMENT_3D('',#4500,#4501,#4502);
#4505=DIRECTION('',(-1.E0,0.E0,0.E0));
#4506=VECTOR('',#4505,2.E-1);
#4507=CARTESIAN_POINT('',(1.975E0,0.E0,-1.5E1));
#4508=LINE('',#4507,#4506);
#4509=DIRECTION('',(-1.E0,0.E0,0.E0));
#4510=VECTOR('',#4509,2.E-1);
#4511=CARTESIAN_POINT('',(1.975E0,-1.5E-1,-1.5E1));
#4512=LINE('',#4511,#4510);
#4513=DIRECTION('',(-1.E0,0.E0,0.E0));
#4514=VECTOR('',#4513,2.E-1);
#4515=CARTESIAN_POINT('',(1.975E0,-1.5E-1,-1.435E1));
#4516=LINE('',#4515,#4514);
#4517=DIRECTION('',(-1.E0,0.E0,0.E0));
#4518=VECTOR('',#4517,2.E-1);
#4519=CARTESIAN_POINT('',(1.975E0,1.380285007814E-2,-1.408269804274E1));
#4520=LINE('',#4519,#4518);
#4521=DIRECTION('',(0.E0,-8.910065241884E-1,-4.539904997396E-1));
#4522=VECTOR('',#4521,9.674132296661E-2);
#4523=CARTESIAN_POINT('',(2.275E0,1.E-1,-1.403877840118E1));
#4524=LINE('',#4523,#4522);
#4525=CARTESIAN_POINT('',(2.275E0,1.5E-1,-1.435E1));
#4526=DIRECTION('',(1.E0,0.E0,0.E0));
#4527=DIRECTION('',(0.E0,-4.539904997395E-1,8.910065241884E-1));
#4528=AXIS2_PLACEMENT_3D('',#4525,#4526,#4527);
#4530=DIRECTION('',(0.E0,0.E0,-1.E0));
#4531=VECTOR('',#4530,6.5E-1);
#4532=CARTESIAN_POINT('',(2.275E0,-1.5E-1,-1.435E1));
#4533=LINE('',#4532,#4531);
#4534=DIRECTION('',(0.E0,1.E0,0.E0));
#4535=VECTOR('',#4534,1.5E-1);
#4536=CARTESIAN_POINT('',(2.275E0,-1.5E-1,-1.5E1));
#4537=LINE('',#4536,#4535);
#4538=DIRECTION('',(0.E0,0.E0,1.E0));
#4539=VECTOR('',#4538,6.E-1);
#4540=CARTESIAN_POINT('',(2.275E0,0.E0,-1.5E1));
#4541=LINE('',#4540,#4539);
#4542=DIRECTION('',(0.E0,1.E0,0.E0));
#4543=VECTOR('',#4542,1.E-1);
#4544=CARTESIAN_POINT('',(2.275E0,0.E0,-1.44E1));
#4545=LINE('',#4544,#4543);
#4546=DIRECTION('',(0.E0,-8.910065241884E-1,-4.539904997396E-1));
#4547=VECTOR('',#4546,9.674132296661E-2);
#4548=CARTESIAN_POINT('',(2.475E0,1.E-1,-1.403877840118E1));
#4549=LINE('',#4548,#4547);
#4550=DIRECTION('',(0.E0,1.E0,0.E0));
#4551=VECTOR('',#4550,1.E-1);
#4552=CARTESIAN_POINT('',(2.475E0,0.E0,-1.44E1));
#4553=LINE('',#4552,#4551);
#4554=DIRECTION('',(0.E0,0.E0,1.E0));
#4555=VECTOR('',#4554,6.E-1);
#4556=CARTESIAN_POINT('',(2.475E0,0.E0,-1.5E1));
#4557=LINE('',#4556,#4555);
#4558=DIRECTION('',(0.E0,1.E0,0.E0));
#4559=VECTOR('',#4558,1.5E-1);
#4560=CARTESIAN_POINT('',(2.475E0,-1.5E-1,-1.5E1));
#4561=LINE('',#4560,#4559);
#4562=DIRECTION('',(0.E0,0.E0,-1.E0));
#4563=VECTOR('',#4562,6.5E-1);
#4564=CARTESIAN_POINT('',(2.475E0,-1.5E-1,-1.435E1));
#4565=LINE('',#4564,#4563);
#4566=CARTESIAN_POINT('',(2.475E0,1.5E-1,-1.435E1));
#4567=DIRECTION('',(1.E0,0.E0,0.E0));
#4568=DIRECTION('',(0.E0,-4.539904997395E-1,8.910065241884E-1));
#4569=AXIS2_PLACEMENT_3D('',#4566,#4567,#4568);
#4571=DIRECTION('',(-1.E0,0.E0,0.E0));
#4572=VECTOR('',#4571,2.E-1);
#4573=CARTESIAN_POINT('',(2.475E0,0.E0,-1.5E1));
#4574=LINE('',#4573,#4572);
#4575=DIRECTION('',(-1.E0,0.E0,0.E0));
#4576=VECTOR('',#4575,2.E-1);
#4577=CARTESIAN_POINT('',(2.475E0,-1.5E-1,-1.5E1));
#4578=LINE('',#4577,#4576);
#4579=DIRECTION('',(-1.E0,0.E0,0.E0));
#4580=VECTOR('',#4579,2.E-1);
#4581=CARTESIAN_POINT('',(2.475E0,-1.5E-1,-1.435E1));
#4582=LINE('',#4581,#4580);
#4583=DIRECTION('',(-1.E0,0.E0,0.E0));
#4584=VECTOR('',#4583,2.E-1);
#4585=CARTESIAN_POINT('',(2.475E0,1.380285007814E-2,-1.408269804274E1));
#4586=LINE('',#4585,#4584);
#4587=DIRECTION('',(0.E0,-8.910065241884E-1,-4.539904997396E-1));
#4588=VECTOR('',#4587,9.674132296661E-2);
#4589=CARTESIAN_POINT('',(2.775E0,1.E-1,-1.403877840118E1));
#4590=LINE('',#4589,#4588);
#4591=CARTESIAN_POINT('',(2.775E0,1.5E-1,-1.435E1));
#4592=DIRECTION('',(1.E0,0.E0,0.E0));
#4593=DIRECTION('',(0.E0,-4.539904997395E-1,8.910065241884E-1));
#4594=AXIS2_PLACEMENT_3D('',#4591,#4592,#4593);
#4596=DIRECTION('',(0.E0,0.E0,-1.E0));
#4597=VECTOR('',#4596,6.5E-1);
#4598=CARTESIAN_POINT('',(2.775E0,-1.5E-1,-1.435E1));
#4599=LINE('',#4598,#4597);
#4600=DIRECTION('',(0.E0,1.E0,0.E0));
#4601=VECTOR('',#4600,1.5E-1);
#4602=CARTESIAN_POINT('',(2.775E0,-1.5E-1,-1.5E1));
#4603=LINE('',#4602,#4601);
#4604=DIRECTION('',(0.E0,0.E0,1.E0));
#4605=VECTOR('',#4604,6.E-1);
#4606=CARTESIAN_POINT('',(2.775E0,0.E0,-1.5E1));
#4607=LINE('',#4606,#4605);
#4608=DIRECTION('',(0.E0,1.E0,0.E0));
#4609=VECTOR('',#4608,1.E-1);
#4610=CARTESIAN_POINT('',(2.775E0,0.E0,-1.44E1));
#4611=LINE('',#4610,#4609);
#4612=DIRECTION('',(0.E0,1.E0,0.E0));
#4613=VECTOR('',#4612,1.E-1);
#4614=CARTESIAN_POINT('',(2.975E0,0.E0,-1.44E1));
#4615=LINE('',#4614,#4613);
#4616=DIRECTION('',(0.E0,0.E0,1.E0));
#4617=VECTOR('',#4616,6.E-1);
#4618=CARTESIAN_POINT('',(2.975E0,0.E0,-1.5E1));
#4619=LINE('',#4618,#4617);
#4620=DIRECTION('',(0.E0,1.E0,0.E0));
#4621=VECTOR('',#4620,1.5E-1);
#4622=CARTESIAN_POINT('',(2.975E0,-1.5E-1,-1.5E1));
#4623=LINE('',#4622,#4621);
#4624=DIRECTION('',(0.E0,0.E0,-1.E0));
#4625=VECTOR('',#4624,6.5E-1);
#4626=CARTESIAN_POINT('',(2.975E0,-1.5E-1,-1.435E1));
#4627=LINE('',#4626,#4625);
#4628=CARTESIAN_POINT('',(2.975E0,1.5E-1,-1.435E1));
#4629=DIRECTION('',(1.E0,0.E0,0.E0));
#4630=DIRECTION('',(0.E0,-4.539904997395E-1,8.910065241884E-1));
#4631=AXIS2_PLACEMENT_3D('',#4628,#4629,#4630);
#4633=DIRECTION('',(0.E0,-8.910065241884E-1,-4.539904997396E-1));
#4634=VECTOR('',#4633,9.674132296661E-2);
#4635=CARTESIAN_POINT('',(2.975E0,1.E-1,-1.403877840118E1));
#4636=LINE('',#4635,#4634);
#4637=DIRECTION('',(-1.E0,0.E0,0.E0));
#4638=VECTOR('',#4637,2.E-1);
#4639=CARTESIAN_POINT('',(2.975E0,0.E0,-1.5E1));
#4640=LINE('',#4639,#4638);
#4641=DIRECTION('',(-1.E0,0.E0,0.E0));
#4642=VECTOR('',#4641,2.E-1);
#4643=CARTESIAN_POINT('',(2.975E0,-1.5E-1,-1.5E1));
#4644=LINE('',#4643,#4642);
#4645=DIRECTION('',(-1.E0,0.E0,0.E0));
#4646=VECTOR('',#4645,2.E-1);
#4647=CARTESIAN_POINT('',(2.975E0,-1.5E-1,-1.435E1));
#4648=LINE('',#4647,#4646);
#4649=DIRECTION('',(-1.E0,0.E0,0.E0));
#4650=VECTOR('',#4649,2.E-1);
#4651=CARTESIAN_POINT('',(2.975E0,1.380285007814E-2,-1.408269804274E1));
#4652=LINE('',#4651,#4650);
#4653=DIRECTION('',(0.E0,0.E0,-1.E0));
#4654=VECTOR('',#4653,1.9E0);
#4655=CARTESIAN_POINT('',(4.15E0,7.E-1,-1.25E1));
#4656=LINE('',#4655,#4654);
#4657=DIRECTION('',(0.E0,0.E0,-1.E0));
#4658=VECTOR('',#4657,1.9E0);
#4659=CARTESIAN_POINT('',(3.65E0,1.2E0,-1.25E1));
#4660=LINE('',#4659,#4658);
#4661=DIRECTION('',(0.E0,0.E0,-1.E0));
#4662=VECTOR('',#4661,1.9E0);
#4663=CARTESIAN_POINT('',(-3.65E0,1.2E0,-1.25E1));
#4664=LINE('',#4663,#4662);
#4665=DIRECTION('',(0.E0,0.E0,-1.E0));
#4666=VECTOR('',#4665,1.9E0);
#4667=CARTESIAN_POINT('',(-4.15E0,7.E-1,-1.25E1));
#4668=LINE('',#4667,#4666);
#4669=DIRECTION('',(0.E0,0.E0,-1.E0));
#4670=VECTOR('',#4669,9.E-1);
#4671=CARTESIAN_POINT('',(-4.15E0,1.E-1,-1.35E1));
#4672=LINE('',#4671,#4670);
#4673=DIRECTION('',(0.E0,0.E0,-1.E0));
#4674=VECTOR('',#4673,1.E0);
#4675=CARTESIAN_POINT('',(-4.15E0,-1.E-1,-1.25E1));
#4676=LINE('',#4675,#4674);
#4677=DIRECTION('',(0.E0,0.E0,1.E0));
#4678=VECTOR('',#4677,1.E0);
#4679=CARTESIAN_POINT('',(3.4E0,1.E-1,-1.35E1));
#4680=LINE('',#4679,#4678);
#4681=DIRECTION('',(0.E0,0.E0,-1.E0));
#4682=VECTOR('',#4681,1.E0);
#4683=CARTESIAN_POINT('',(2.725E0,0.E0,-1.25E1));
#4684=LINE('',#4683,#4682);
#4685=DIRECTION('',(0.E0,0.E0,-1.E0));
#4686=VECTOR('',#4685,1.E0);
#4687=CARTESIAN_POINT('',(2.525E0,0.E0,-1.25E1));
#4688=LINE('',#4687,#4686);
#4689=DIRECTION('',(0.E0,0.E0,-1.E0));
#4690=VECTOR('',#4689,1.E0);
#4691=CARTESIAN_POINT('',(2.525E0,-1.5E-1,-1.25E1));
#4692=LINE('',#4691,#4690);
#4693=DIRECTION('',(0.E0,0.E0,-1.E0));
#4694=VECTOR('',#4693,1.E0);
#4695=CARTESIAN_POINT('',(2.725E0,-1.5E-1,-1.25E1));
#4696=LINE('',#4695,#4694);
#4697=DIRECTION('',(0.E0,-1.E0,0.E0));
#4698=VECTOR('',#4697,1.5E-1);
#4699=CARTESIAN_POINT('',(2.725E0,0.E0,-1.35E1));
#4700=LINE('',#4699,#4698);
#4701=DIRECTION('',(1.E0,0.E0,0.E0));
#4702=VECTOR('',#4701,2.E-1);
#4703=CARTESIAN_POINT('',(2.525E0,0.E0,-1.35E1));
#4704=LINE('',#4703,#4702);
#4705=DIRECTION('',(0.E0,1.E0,0.E0));
#4706=VECTOR('',#4705,1.5E-1);
#4707=CARTESIAN_POINT('',(2.525E0,-1.5E-1,-1.35E1));
#4708=LINE('',#4707,#4706);
#4709=DIRECTION('',(-1.E0,0.E0,0.E0));
#4710=VECTOR('',#4709,2.E-1);
#4711=CARTESIAN_POINT('',(2.725E0,-1.5E-1,-1.35E1));
#4712=LINE('',#4711,#4710);
#4713=DIRECTION('',(0.E0,0.E0,-1.E0));
#4714=VECTOR('',#4713,1.E0);
#4715=CARTESIAN_POINT('',(2.225E0,0.E0,-1.25E1));
#4716=LINE('',#4715,#4714);
#4717=DIRECTION('',(0.E0,0.E0,-1.E0));
#4718=VECTOR('',#4717,1.E0);
#4719=CARTESIAN_POINT('',(2.025E0,0.E0,-1.25E1));
#4720=LINE('',#4719,#4718);
#4721=DIRECTION('',(0.E0,0.E0,-1.E0));
#4722=VECTOR('',#4721,1.E0);
#4723=CARTESIAN_POINT('',(2.025E0,-1.5E-1,-1.25E1));
#4724=LINE('',#4723,#4722);
#4725=DIRECTION('',(0.E0,0.E0,-1.E0));
#4726=VECTOR('',#4725,1.E0);
#4727=CARTESIAN_POINT('',(2.225E0,-1.5E-1,-1.25E1));
#4728=LINE('',#4727,#4726);
#4729=DIRECTION('',(0.E0,-1.E0,0.E0));
#4730=VECTOR('',#4729,1.5E-1);
#4731=CARTESIAN_POINT('',(2.225E0,0.E0,-1.35E1));
#4732=LINE('',#4731,#4730);
#4733=DIRECTION('',(1.E0,0.E0,0.E0));
#4734=VECTOR('',#4733,2.E-1);
#4735=CARTESIAN_POINT('',(2.025E0,0.E0,-1.35E1));
#4736=LINE('',#4735,#4734);
#4737=DIRECTION('',(0.E0,1.E0,0.E0));
#4738=VECTOR('',#4737,1.5E-1);
#4739=CARTESIAN_POINT('',(2.025E0,-1.5E-1,-1.35E1));
#4740=LINE('',#4739,#4738);
#4741=DIRECTION('',(-1.E0,0.E0,0.E0));
#4742=VECTOR('',#4741,2.E-1);
#4743=CARTESIAN_POINT('',(2.225E0,-1.5E-1,-1.35E1));
#4744=LINE('',#4743,#4742);
#4745=DIRECTION('',(0.E0,0.E0,-1.E0));
#4746=VECTOR('',#4745,1.E0);
#4747=CARTESIAN_POINT('',(1.725E0,0.E0,-1.25E1));
#4748=LINE('',#4747,#4746);
#4749=DIRECTION('',(0.E0,0.E0,-1.E0));
#4750=VECTOR('',#4749,1.E0);
#4751=CARTESIAN_POINT('',(1.525E0,0.E0,-1.25E1));
#4752=LINE('',#4751,#4750);
#4753=DIRECTION('',(0.E0,0.E0,-1.E0));
#4754=VECTOR('',#4753,1.E0);
#4755=CARTESIAN_POINT('',(1.525E0,-1.5E-1,-1.25E1));
#4756=LINE('',#4755,#4754);
#4757=DIRECTION('',(0.E0,0.E0,-1.E0));
#4758=VECTOR('',#4757,1.E0);
#4759=CARTESIAN_POINT('',(1.725E0,-1.5E-1,-1.25E1));
#4760=LINE('',#4759,#4758);
#4761=DIRECTION('',(0.E0,-1.E0,0.E0));
#4762=VECTOR('',#4761,1.5E-1);
#4763=CARTESIAN_POINT('',(1.725E0,0.E0,-1.35E1));
#4764=LINE('',#4763,#4762);
#4765=DIRECTION('',(1.E0,0.E0,0.E0));
#4766=VECTOR('',#4765,2.E-1);
#4767=CARTESIAN_POINT('',(1.525E0,0.E0,-1.35E1));
#4768=LINE('',#4767,#4766);
#4769=DIRECTION('',(0.E0,1.E0,0.E0));
#4770=VECTOR('',#4769,1.5E-1);
#4771=CARTESIAN_POINT('',(1.525E0,-1.5E-1,-1.35E1));
#4772=LINE('',#4771,#4770);
#4773=DIRECTION('',(-1.E0,0.E0,0.E0));
#4774=VECTOR('',#4773,2.E-1);
#4775=CARTESIAN_POINT('',(1.725E0,-1.5E-1,-1.35E1));
#4776=LINE('',#4775,#4774);
#4777=DIRECTION('',(0.E0,0.E0,-1.E0));
#4778=VECTOR('',#4777,1.E0);
#4779=CARTESIAN_POINT('',(1.225E0,0.E0,-1.25E1));
#4780=LINE('',#4779,#4778);
#4781=DIRECTION('',(0.E0,0.E0,-1.E0));
#4782=VECTOR('',#4781,1.E0);
#4783=CARTESIAN_POINT('',(1.025E0,0.E0,-1.25E1));
#4784=LINE('',#4783,#4782);
#4785=DIRECTION('',(0.E0,0.E0,-1.E0));
#4786=VECTOR('',#4785,1.E0);
#4787=CARTESIAN_POINT('',(1.025E0,-1.5E-1,-1.25E1));
#4788=LINE('',#4787,#4786);
#4789=DIRECTION('',(0.E0,0.E0,-1.E0));
#4790=VECTOR('',#4789,1.E0);
#4791=CARTESIAN_POINT('',(1.225E0,-1.5E-1,-1.25E1));
#4792=LINE('',#4791,#4790);
#4793=DIRECTION('',(0.E0,-1.E0,0.E0));
#4794=VECTOR('',#4793,1.5E-1);
#4795=CARTESIAN_POINT('',(1.225E0,0.E0,-1.35E1));
#4796=LINE('',#4795,#4794);
#4797=DIRECTION('',(1.E0,0.E0,0.E0));
#4798=VECTOR('',#4797,2.E-1);
#4799=CARTESIAN_POINT('',(1.025E0,0.E0,-1.35E1));
#4800=LINE('',#4799,#4798);
#4801=DIRECTION('',(0.E0,1.E0,0.E0));
#4802=VECTOR('',#4801,1.5E-1);
#4803=CARTESIAN_POINT('',(1.025E0,-1.5E-1,-1.35E1));
#4804=LINE('',#4803,#4802);
#4805=DIRECTION('',(-1.E0,0.E0,0.E0));
#4806=VECTOR('',#4805,2.E-1);
#4807=CARTESIAN_POINT('',(1.225E0,-1.5E-1,-1.35E1));
#4808=LINE('',#4807,#4806);
#4809=DIRECTION('',(0.E0,0.E0,-1.E0));
#4810=VECTOR('',#4809,1.E0);
#4811=CARTESIAN_POINT('',(7.25E-1,0.E0,-1.25E1));
#4812=LINE('',#4811,#4810);
#4813=DIRECTION('',(0.E0,0.E0,-1.E0));
#4814=VECTOR('',#4813,1.E0);
#4815=CARTESIAN_POINT('',(5.25E-1,0.E0,-1.25E1));
#4816=LINE('',#4815,#4814);
#4817=DIRECTION('',(0.E0,0.E0,-1.E0));
#4818=VECTOR('',#4817,1.E0);
#4819=CARTESIAN_POINT('',(5.25E-1,-1.5E-1,-1.25E1));
#4820=LINE('',#4819,#4818);
#4821=DIRECTION('',(0.E0,0.E0,-1.E0));
#4822=VECTOR('',#4821,1.E0);
#4823=CARTESIAN_POINT('',(7.25E-1,-1.5E-1,-1.25E1));
#4824=LINE('',#4823,#4822);
#4825=DIRECTION('',(0.E0,-1.E0,0.E0));
#4826=VECTOR('',#4825,1.5E-1);
#4827=CARTESIAN_POINT('',(7.25E-1,0.E0,-1.35E1));
#4828=LINE('',#4827,#4826);
#4829=DIRECTION('',(1.E0,0.E0,0.E0));
#4830=VECTOR('',#4829,2.E-1);
#4831=CARTESIAN_POINT('',(5.25E-1,0.E0,-1.35E1));
#4832=LINE('',#4831,#4830);
#4833=DIRECTION('',(0.E0,1.E0,0.E0));
#4834=VECTOR('',#4833,1.5E-1);
#4835=CARTESIAN_POINT('',(5.25E-1,-1.5E-1,-1.35E1));
#4836=LINE('',#4835,#4834);
#4837=DIRECTION('',(-1.E0,0.E0,0.E0));
#4838=VECTOR('',#4837,2.E-1);
#4839=CARTESIAN_POINT('',(7.25E-1,-1.5E-1,-1.35E1));
#4840=LINE('',#4839,#4838);
#4841=DIRECTION('',(0.E0,0.E0,-1.E0));
#4842=VECTOR('',#4841,1.E0);
#4843=CARTESIAN_POINT('',(2.25E-1,0.E0,-1.25E1));
#4844=LINE('',#4843,#4842);
#4845=DIRECTION('',(0.E0,0.E0,-1.E0));
#4846=VECTOR('',#4845,1.E0);
#4847=CARTESIAN_POINT('',(2.5E-2,0.E0,-1.25E1));
#4848=LINE('',#4847,#4846);
#4849=DIRECTION('',(0.E0,0.E0,-1.E0));
#4850=VECTOR('',#4849,1.E0);
#4851=CARTESIAN_POINT('',(2.5E-2,-1.5E-1,-1.25E1));
#4852=LINE('',#4851,#4850);
#4853=DIRECTION('',(0.E0,0.E0,-1.E0));
#4854=VECTOR('',#4853,1.E0);
#4855=CARTESIAN_POINT('',(2.25E-1,-1.5E-1,-1.25E1));
#4856=LINE('',#4855,#4854);
#4857=DIRECTION('',(0.E0,-1.E0,0.E0));
#4858=VECTOR('',#4857,1.5E-1);
#4859=CARTESIAN_POINT('',(2.25E-1,0.E0,-1.35E1));
#4860=LINE('',#4859,#4858);
#4861=DIRECTION('',(1.E0,0.E0,0.E0));
#4862=VECTOR('',#4861,2.E-1);
#4863=CARTESIAN_POINT('',(2.5E-2,0.E0,-1.35E1));
#4864=LINE('',#4863,#4862);
#4865=DIRECTION('',(0.E0,1.E0,0.E0));
#4866=VECTOR('',#4865,1.5E-1);
#4867=CARTESIAN_POINT('',(2.5E-2,-1.5E-1,-1.35E1));
#4868=LINE('',#4867,#4866);
#4869=DIRECTION('',(-1.E0,0.E0,0.E0));
#4870=VECTOR('',#4869,2.E-1);
#4871=CARTESIAN_POINT('',(2.25E-1,-1.5E-1,-1.35E1));
#4872=LINE('',#4871,#4870);
#4873=DIRECTION('',(0.E0,0.E0,-1.E0));
#4874=VECTOR('',#4873,1.E0);
#4875=CARTESIAN_POINT('',(-2.75E-1,0.E0,-1.25E1));
#4876=LINE('',#4875,#4874);
#4877=DIRECTION('',(0.E0,0.E0,-1.E0));
#4878=VECTOR('',#4877,1.E0);
#4879=CARTESIAN_POINT('',(-4.75E-1,0.E0,-1.25E1));
#4880=LINE('',#4879,#4878);
#4881=DIRECTION('',(0.E0,0.E0,-1.E0));
#4882=VECTOR('',#4881,1.E0);
#4883=CARTESIAN_POINT('',(-4.75E-1,-1.5E-1,-1.25E1));
#4884=LINE('',#4883,#4882);
#4885=DIRECTION('',(0.E0,0.E0,-1.E0));
#4886=VECTOR('',#4885,1.E0);
#4887=CARTESIAN_POINT('',(-2.75E-1,-1.5E-1,-1.25E1));
#4888=LINE('',#4887,#4886);
#4889=DIRECTION('',(0.E0,-1.E0,0.E0));
#4890=VECTOR('',#4889,1.5E-1);
#4891=CARTESIAN_POINT('',(-2.75E-1,0.E0,-1.35E1));
#4892=LINE('',#4891,#4890);
#4893=DIRECTION('',(1.E0,0.E0,0.E0));
#4894=VECTOR('',#4893,2.E-1);
#4895=CARTESIAN_POINT('',(-4.75E-1,0.E0,-1.35E1));
#4896=LINE('',#4895,#4894);
#4897=DIRECTION('',(0.E0,1.E0,0.E0));
#4898=VECTOR('',#4897,1.5E-1);
#4899=CARTESIAN_POINT('',(-4.75E-1,-1.5E-1,-1.35E1));
#4900=LINE('',#4899,#4898);
#4901=DIRECTION('',(-1.E0,0.E0,0.E0));
#4902=VECTOR('',#4901,2.E-1);
#4903=CARTESIAN_POINT('',(-2.75E-1,-1.5E-1,-1.35E1));
#4904=LINE('',#4903,#4902);
#4905=DIRECTION('',(0.E0,0.E0,-1.E0));
#4906=VECTOR('',#4905,1.E0);
#4907=CARTESIAN_POINT('',(-7.75E-1,0.E0,-1.25E1));
#4908=LINE('',#4907,#4906);
#4909=DIRECTION('',(0.E0,0.E0,-1.E0));
#4910=VECTOR('',#4909,1.E0);
#4911=CARTESIAN_POINT('',(-9.75E-1,0.E0,-1.25E1));
#4912=LINE('',#4911,#4910);
#4913=DIRECTION('',(0.E0,0.E0,-1.E0));
#4914=VECTOR('',#4913,1.E0);
#4915=CARTESIAN_POINT('',(-9.75E-1,-1.5E-1,-1.25E1));
#4916=LINE('',#4915,#4914);
#4917=DIRECTION('',(0.E0,0.E0,-1.E0));
#4918=VECTOR('',#4917,1.E0);
#4919=CARTESIAN_POINT('',(-7.75E-1,-1.5E-1,-1.25E1));
#4920=LINE('',#4919,#4918);
#4921=DIRECTION('',(0.E0,-1.E0,0.E0));
#4922=VECTOR('',#4921,1.5E-1);
#4923=CARTESIAN_POINT('',(-7.75E-1,0.E0,-1.35E1));
#4924=LINE('',#4923,#4922);
#4925=DIRECTION('',(1.E0,0.E0,0.E0));
#4926=VECTOR('',#4925,2.E-1);
#4927=CARTESIAN_POINT('',(-9.75E-1,0.E0,-1.35E1));
#4928=LINE('',#4927,#4926);
#4929=DIRECTION('',(0.E0,1.E0,0.E0));
#4930=VECTOR('',#4929,1.5E-1);
#4931=CARTESIAN_POINT('',(-9.75E-1,-1.5E-1,-1.35E1));
#4932=LINE('',#4931,#4930);
#4933=DIRECTION('',(-1.E0,0.E0,0.E0));
#4934=VECTOR('',#4933,2.E-1);
#4935=CARTESIAN_POINT('',(-7.75E-1,-1.5E-1,-1.35E1));
#4936=LINE('',#4935,#4934);
#4937=DIRECTION('',(0.E0,0.E0,-1.E0));
#4938=VECTOR('',#4937,1.E0);
#4939=CARTESIAN_POINT('',(-1.275E0,0.E0,-1.25E1));
#4940=LINE('',#4939,#4938);
#4941=DIRECTION('',(0.E0,0.E0,-1.E0));
#4942=VECTOR('',#4941,1.E0);
#4943=CARTESIAN_POINT('',(-1.475E0,0.E0,-1.25E1));
#4944=LINE('',#4943,#4942);
#4945=DIRECTION('',(0.E0,0.E0,-1.E0));
#4946=VECTOR('',#4945,1.E0);
#4947=CARTESIAN_POINT('',(-1.475E0,-1.5E-1,-1.25E1));
#4948=LINE('',#4947,#4946);
#4949=DIRECTION('',(0.E0,0.E0,-1.E0));
#4950=VECTOR('',#4949,1.E0);
#4951=CARTESIAN_POINT('',(-1.275E0,-1.5E-1,-1.25E1));
#4952=LINE('',#4951,#4950);
#4953=DIRECTION('',(0.E0,-1.E0,0.E0));
#4954=VECTOR('',#4953,1.5E-1);
#4955=CARTESIAN_POINT('',(-1.275E0,0.E0,-1.35E1));
#4956=LINE('',#4955,#4954);
#4957=DIRECTION('',(1.E0,0.E0,0.E0));
#4958=VECTOR('',#4957,2.E-1);
#4959=CARTESIAN_POINT('',(-1.475E0,0.E0,-1.35E1));
#4960=LINE('',#4959,#4958);
#4961=DIRECTION('',(0.E0,1.E0,0.E0));
#4962=VECTOR('',#4961,1.5E-1);
#4963=CARTESIAN_POINT('',(-1.475E0,-1.5E-1,-1.35E1));
#4964=LINE('',#4963,#4962);
#4965=DIRECTION('',(-1.E0,0.E0,0.E0));
#4966=VECTOR('',#4965,2.E-1);
#4967=CARTESIAN_POINT('',(-1.275E0,-1.5E-1,-1.35E1));
#4968=LINE('',#4967,#4966);
#4969=DIRECTION('',(0.E0,0.E0,-1.E0));
#4970=VECTOR('',#4969,1.E0);
#4971=CARTESIAN_POINT('',(-1.775E0,0.E0,-1.25E1));
#4972=LINE('',#4971,#4970);
#4973=DIRECTION('',(0.E0,0.E0,-1.E0));
#4974=VECTOR('',#4973,1.E0);
#4975=CARTESIAN_POINT('',(-1.975E0,0.E0,-1.25E1));
#4976=LINE('',#4975,#4974);
#4977=DIRECTION('',(0.E0,0.E0,-1.E0));
#4978=VECTOR('',#4977,1.E0);
#4979=CARTESIAN_POINT('',(-1.975E0,-1.5E-1,-1.25E1));
#4980=LINE('',#4979,#4978);
#4981=DIRECTION('',(0.E0,0.E0,-1.E0));
#4982=VECTOR('',#4981,1.E0);
#4983=CARTESIAN_POINT('',(-1.775E0,-1.5E-1,-1.25E1));
#4984=LINE('',#4983,#4982);
#4985=DIRECTION('',(0.E0,-1.E0,0.E0));
#4986=VECTOR('',#4985,1.5E-1);
#4987=CARTESIAN_POINT('',(-1.775E0,0.E0,-1.35E1));
#4988=LINE('',#4987,#4986);
#4989=DIRECTION('',(1.E0,0.E0,0.E0));
#4990=VECTOR('',#4989,2.E-1);
#4991=CARTESIAN_POINT('',(-1.975E0,0.E0,-1.35E1));
#4992=LINE('',#4991,#4990);
#4993=DIRECTION('',(0.E0,1.E0,0.E0));
#4994=VECTOR('',#4993,1.5E-1);
#4995=CARTESIAN_POINT('',(-1.975E0,-1.5E-1,-1.35E1));
#4996=LINE('',#4995,#4994);
#4997=DIRECTION('',(-1.E0,0.E0,0.E0));
#4998=VECTOR('',#4997,2.E-1);
#4999=CARTESIAN_POINT('',(-1.775E0,-1.5E-1,-1.35E1));
#5000=LINE('',#4999,#4998);
#5001=DIRECTION('',(0.E0,0.E0,-1.E0));
#5002=VECTOR('',#5001,1.E0);
#5003=CARTESIAN_POINT('',(-2.275E0,0.E0,-1.25E1));
#5004=LINE('',#5003,#5002);
#5005=DIRECTION('',(0.E0,0.E0,-1.E0));
#5006=VECTOR('',#5005,1.E0);
#5007=CARTESIAN_POINT('',(-2.475E0,0.E0,-1.25E1));
#5008=LINE('',#5007,#5006);
#5009=DIRECTION('',(0.E0,0.E0,-1.E0));
#5010=VECTOR('',#5009,1.E0);
#5011=CARTESIAN_POINT('',(-2.475E0,-1.5E-1,-1.25E1));
#5012=LINE('',#5011,#5010);
#5013=DIRECTION('',(0.E0,0.E0,-1.E0));
#5014=VECTOR('',#5013,1.E0);
#5015=CARTESIAN_POINT('',(-2.275E0,-1.5E-1,-1.25E1));
#5016=LINE('',#5015,#5014);
#5017=DIRECTION('',(0.E0,-1.E0,0.E0));
#5018=VECTOR('',#5017,1.5E-1);
#5019=CARTESIAN_POINT('',(-2.275E0,0.E0,-1.35E1));
#5020=LINE('',#5019,#5018);
#5021=DIRECTION('',(1.E0,0.E0,0.E0));
#5022=VECTOR('',#5021,2.E-1);
#5023=CARTESIAN_POINT('',(-2.475E0,0.E0,-1.35E1));
#5024=LINE('',#5023,#5022);
#5025=DIRECTION('',(0.E0,1.E0,0.E0));
#5026=VECTOR('',#5025,1.5E-1);
#5027=CARTESIAN_POINT('',(-2.475E0,-1.5E-1,-1.35E1));
#5028=LINE('',#5027,#5026);
#5029=DIRECTION('',(-1.E0,0.E0,0.E0));
#5030=VECTOR('',#5029,2.E-1);
#5031=CARTESIAN_POINT('',(-2.275E0,-1.5E-1,-1.35E1));
#5032=LINE('',#5031,#5030);
#5033=DIRECTION('',(0.E0,0.E0,-1.E0));
#5034=VECTOR('',#5033,1.E0);
#5035=CARTESIAN_POINT('',(-2.775E0,0.E0,-1.25E1));
#5036=LINE('',#5035,#5034);
#5037=DIRECTION('',(0.E0,0.E0,-1.E0));
#5038=VECTOR('',#5037,1.E0);
#5039=CARTESIAN_POINT('',(-2.975E0,0.E0,-1.25E1));
#5040=LINE('',#5039,#5038);
#5041=DIRECTION('',(0.E0,0.E0,-1.E0));
#5042=VECTOR('',#5041,1.E0);
#5043=CARTESIAN_POINT('',(-2.975E0,-1.5E-1,-1.25E1));
#5044=LINE('',#5043,#5042);
#5045=DIRECTION('',(0.E0,0.E0,-1.E0));
#5046=VECTOR('',#5045,1.E0);
#5047=CARTESIAN_POINT('',(-2.775E0,-1.5E-1,-1.25E1));
#5048=LINE('',#5047,#5046);
#5049=DIRECTION('',(0.E0,-1.E0,0.E0));
#5050=VECTOR('',#5049,1.5E-1);
#5051=CARTESIAN_POINT('',(-2.775E0,0.E0,-1.35E1));
#5052=LINE('',#5051,#5050);
#5053=DIRECTION('',(1.E0,0.E0,0.E0));
#5054=VECTOR('',#5053,2.E-1);
#5055=CARTESIAN_POINT('',(-2.975E0,0.E0,-1.35E1));
#5056=LINE('',#5055,#5054);
#5057=DIRECTION('',(0.E0,1.E0,0.E0));
#5058=VECTOR('',#5057,1.5E-1);
#5059=CARTESIAN_POINT('',(-2.975E0,-1.5E-1,-1.35E1));
#5060=LINE('',#5059,#5058);
#5061=DIRECTION('',(-1.E0,0.E0,0.E0));
#5062=VECTOR('',#5061,2.E-1);
#5063=CARTESIAN_POINT('',(-2.775E0,-1.5E-1,-1.35E1));
#5064=LINE('',#5063,#5062);
#5065=CARTESIAN_POINT('',(-2.925E0,1.2E0,-8.E0));
#5066=CARTESIAN_POINT('',(-2.925E0,-1.2E0,-8.E0));
#5067=VERTEX_POINT('',#5065);
#5068=VERTEX_POINT('',#5066);
#5069=CARTESIAN_POINT('',(2.925E0,-1.2E0,-8.E0));
#5070=VERTEX_POINT('',#5069);
#5071=CARTESIAN_POINT('',(2.925E0,1.2E0,-8.E0));
#5072=VERTEX_POINT('',#5071);
#5073=CARTESIAN_POINT('',(-3.E0,1.45E0,-8.E0));
#5074=CARTESIAN_POINT('',(-4.378223494213E0,0.E0,-8.E0));
#5075=VERTEX_POINT('',#5073);
#5076=VERTEX_POINT('',#5074);
#5077=CARTESIAN_POINT('',(-3.E0,-1.45E0,-8.E0));
#5078=CARTESIAN_POINT('',(3.E0,-1.45E0,-8.E0));
#5079=VERTEX_POINT('',#5077);
#5080=VERTEX_POINT('',#5078);
#5081=CARTESIAN_POINT('',(4.378223494213E0,0.E0,-8.E0));
#5082=VERTEX_POINT('',#5081);
#5083=CARTESIAN_POINT('',(3.E0,1.45E0,-8.E0));
#5084=VERTEX_POINT('',#5083);
#5085=CARTESIAN_POINT('',(-3.E0,1.45E0,-9.5E0));
#5086=CARTESIAN_POINT('',(-4.378223494213E0,0.E0,-9.5E0));
#5087=VERTEX_POINT('',#5085);
#5088=VERTEX_POINT('',#5086);
#5089=CARTESIAN_POINT('',(-3.E0,-1.45E0,-9.5E0));
#5090=VERTEX_POINT('',#5089);
#5091=CARTESIAN_POINT('',(3.E0,-1.45E0,-9.5E0));
#5092=CARTESIAN_POINT('',(4.378223494213E0,0.E0,-9.5E0));
#5093=VERTEX_POINT('',#5091);
#5094=VERTEX_POINT('',#5092);
#5095=CARTESIAN_POINT('',(3.E0,1.45E0,-9.5E0));
#5096=VERTEX_POINT('',#5095);
#5097=CARTESIAN_POINT('',(3.8E0,1.45E0,-9.5E0));
#5098=CARTESIAN_POINT('',(4.4E0,8.5E-1,-9.5E0));
#5099=VERTEX_POINT('',#5097);
#5100=VERTEX_POINT('',#5098);
#5101=CARTESIAN_POINT('',(4.4E0,-1.05E0,-9.5E0));
#5102=VERTEX_POINT('',#5101);
#5103=CARTESIAN_POINT('',(4.E0,-1.45E0,-9.5E0));
#5104=VERTEX_POINT('',#5103);
#5105=CARTESIAN_POINT('',(-4.E0,-1.45E0,-9.5E0));
#5106=CARTESIAN_POINT('',(-4.4E0,-1.05E0,-9.5E0));
#5107=VERTEX_POINT('',#5105);
#5108=VERTEX_POINT('',#5106);
#5109=CARTESIAN_POINT('',(-4.4E0,8.5E-1,-9.5E0));
#5110=VERTEX_POINT('',#5109);
#5111=CARTESIAN_POINT('',(-3.8E0,1.45E0,-9.5E0));
#5112=VERTEX_POINT('',#5111);
#5113=CARTESIAN_POINT('',(4.4E0,-1.05E0,-1.25E1));
#5114=CARTESIAN_POINT('',(4.E0,-1.45E0,-1.25E1));
#5115=VERTEX_POINT('',#5113);
#5116=VERTEX_POINT('',#5114);
#5117=CARTESIAN_POINT('',(-4.E0,-1.45E0,-1.25E1));
#5118=VERTEX_POINT('',#5117);
#5119=CARTESIAN_POINT('',(-4.4E0,-1.05E0,-1.25E1));
#5120=VERTEX_POINT('',#5119);
#5121=CARTESIAN_POINT('',(3.8E0,1.45E0,-1.39E1));
#5122=CARTESIAN_POINT('',(4.4E0,8.5E-1,-1.39E1));
#5123=VERTEX_POINT('',#5121);
#5124=VERTEX_POINT('',#5122);
#5125=CARTESIAN_POINT('',(4.2E0,8.5E-1,-1.39E1));
#5126=CARTESIAN_POINT('',(3.8E0,1.25E0,-1.39E1));
#5127=VERTEX_POINT('',#5125);
#5128=VERTEX_POINT('',#5126);
#5129=CARTESIAN_POINT('',(-3.8E0,1.25E0,-1.39E1));
#5130=CARTESIAN_POINT('',(-4.2E0,8.5E-1,-1.39E1));
#5131=VERTEX_POINT('',#5129);
#5132=VERTEX_POINT('',#5130);
#5133=CARTESIAN_POINT('',(-4.4E0,8.5E-1,-1.39E1));
#5134=CARTESIAN_POINT('',(-3.8E0,1.45E0,-1.39E1));
#5135=VERTEX_POINT('',#5133);
#5136=VERTEX_POINT('',#5134);
#5137=CARTESIAN_POINT('',(3.8E0,1.25E0,-1.25E1));
#5138=CARTESIAN_POINT('',(4.2E0,8.5E-1,-1.25E1));
#5139=VERTEX_POINT('',#5137);
#5140=VERTEX_POINT('',#5138);
#5141=CARTESIAN_POINT('',(-3.8E0,1.25E0,-1.25E1));
#5142=VERTEX_POINT('',#5141);
#5143=CARTESIAN_POINT('',(-4.2E0,8.5E-1,-1.25E1));
#5144=VERTEX_POINT('',#5143);
#5145=CARTESIAN_POINT('',(4.4E0,-1.E-1,-1.25E1));
#5146=CARTESIAN_POINT('',(4.2E0,-1.E-1,-1.25E1));
#5147=VERTEX_POINT('',#5145);
#5148=VERTEX_POINT('',#5146);
#5149=CARTESIAN_POINT('',(4.4E0,5.E-2,-1.265E1));
#5150=CARTESIAN_POINT('',(4.2E0,5.E-2,-1.265E1));
#5151=VERTEX_POINT('',#5149);
#5152=VERTEX_POINT('',#5150);
#5153=CARTESIAN_POINT('',(-4.2E0,-1.E-1,-1.25E1));
#5154=CARTESIAN_POINT('',(-4.4E0,-1.E-1,-1.25E1));
#5155=VERTEX_POINT('',#5153);
#5156=VERTEX_POINT('',#5154);
#5157=CARTESIAN_POINT('',(-4.2E0,5.E-2,-1.265E1));
#5158=CARTESIAN_POINT('',(-4.4E0,5.E-2,-1.265E1));
#5159=VERTEX_POINT('',#5157);
#5160=VERTEX_POINT('',#5158);
#5161=CARTESIAN_POINT('',(4.2E0,2.E-1,-1.39E1));
#5162=CARTESIAN_POINT('',(4.2E0,5.E-2,-1.375E1));
#5163=VERTEX_POINT('',#5161);
#5164=VERTEX_POINT('',#5162);
#5165=CARTESIAN_POINT('',(4.4E0,5.E-2,-1.375E1));
#5166=VERTEX_POINT('',#5165);
#5167=CARTESIAN_POINT('',(4.4E0,2.E-1,-1.39E1));
#5168=VERTEX_POINT('',#5167);
#5169=CARTESIAN_POINT('',(-4.4E0,2.E-1,-1.39E1));
#5170=CARTESIAN_POINT('',(-4.4E0,5.E-2,-1.375E1));
#5171=VERTEX_POINT('',#5169);
#5172=VERTEX_POINT('',#5170);
#5173=CARTESIAN_POINT('',(-4.2E0,5.E-2,-1.375E1));
#5174=VERTEX_POINT('',#5173);
#5175=CARTESIAN_POINT('',(-4.2E0,2.E-1,-1.39E1));
#5176=VERTEX_POINT('',#5175);
#5177=CARTESIAN_POINT('',(3.6E0,1.05E0,-1.55E1));
#5178=CARTESIAN_POINT('',(3.4E0,1.25E0,-1.55E1));
#5179=VERTEX_POINT('',#5177);
#5180=VERTEX_POINT('',#5178);
#5181=CARTESIAN_POINT('',(-3.4E0,1.25E0,-1.55E1));
#5182=VERTEX_POINT('',#5181);
#5183=CARTESIAN_POINT('',(-3.6E0,1.05E0,-1.55E1));
#5184=VERTEX_POINT('',#5183);
#5185=CARTESIAN_POINT('',(-3.8E0,1.05E0,-1.55E1));
#5186=CARTESIAN_POINT('',(-3.4E0,1.45E0,-1.55E1));
#5187=VERTEX_POINT('',#5185);
#5188=VERTEX_POINT('',#5186);
#5189=CARTESIAN_POINT('',(3.4E0,1.45E0,-1.55E1));
#5190=VERTEX_POINT('',#5189);
#5191=CARTESIAN_POINT('',(3.8E0,1.05E0,-1.55E1));
#5192=VERTEX_POINT('',#5191);
#5193=CARTESIAN_POINT('',(-3.8E0,1.05E0,-1.45E1));
#5194=VERTEX_POINT('',#5193);
#5195=CARTESIAN_POINT('',(3.8E0,1.05E0,-1.45E1));
#5196=VERTEX_POINT('',#5195);
#5197=CARTESIAN_POINT('',(3.6E0,1.45E0,-1.39E1));
#5198=CARTESIAN_POINT('',(3.6E0,1.25E0,-1.39E1));
#5199=VERTEX_POINT('',#5197);
#5200=VERTEX_POINT('',#5198);
#5201=CARTESIAN_POINT('',(3.4E0,1.45E0,-1.41E1));
#5202=CARTESIAN_POINT('',(3.4E0,1.25E0,-1.41E1));
#5203=VERTEX_POINT('',#5201);
#5204=VERTEX_POINT('',#5202);
#5205=CARTESIAN_POINT('',(3.4E0,1.45E0,-1.43E1));
#5206=CARTESIAN_POINT('',(3.4E0,1.25E0,-1.43E1));
#5207=VERTEX_POINT('',#5205);
#5208=VERTEX_POINT('',#5206);
#5209=CARTESIAN_POINT('',(3.6E0,1.396410161514E0,-1.45E1));
#5210=CARTESIAN_POINT('',(3.6E0,1.05E0,-1.45E1));
#5211=VERTEX_POINT('',#5209);
#5212=VERTEX_POINT('',#5210);
#5213=CARTESIAN_POINT('',(-3.6E0,1.396410161514E0,-1.45E1));
#5214=CARTESIAN_POINT('',(-3.6E0,1.05E0,-1.45E1));
#5215=VERTEX_POINT('',#5213);
#5216=VERTEX_POINT('',#5214);
#5217=CARTESIAN_POINT('',(-3.4E0,1.45E0,-1.43E1));
#5218=CARTESIAN_POINT('',(-3.4E0,1.25E0,-1.43E1));
#5219=VERTEX_POINT('',#5217);
#5220=VERTEX_POINT('',#5218);
#5221=CARTESIAN_POINT('',(-3.4E0,1.45E0,-1.41E1));
#5222=CARTESIAN_POINT('',(-3.4E0,1.25E0,-1.41E1));
#5223=VERTEX_POINT('',#5221);
#5224=VERTEX_POINT('',#5222);
#5225=CARTESIAN_POINT('',(-3.6E0,1.45E0,-1.39E1));
#5226=CARTESIAN_POINT('',(-3.6E0,1.25E0,-1.39E1));
#5227=VERTEX_POINT('',#5225);
#5228=VERTEX_POINT('',#5226);
#5229=CARTESIAN_POINT('',(4.15E0,7.E-1,-1.25E1));
#5230=CARTESIAN_POINT('',(4.15E0,-1.E-1,-1.25E1));
#5231=VERTEX_POINT('',#5229);
#5232=VERTEX_POINT('',#5230);
#5233=CARTESIAN_POINT('',(-4.15E0,-1.E-1,-1.25E1));
#5234=CARTESIAN_POINT('',(-4.15E0,7.E-1,-1.25E1));
#5235=VERTEX_POINT('',#5233);
#5236=VERTEX_POINT('',#5234);
#5237=CARTESIAN_POINT('',(-3.65E0,1.2E0,-1.25E1));
#5238=VERTEX_POINT('',#5237);
#5239=CARTESIAN_POINT('',(3.65E0,1.2E0,-1.25E1));
#5240=VERTEX_POINT('',#5239);
#5241=CARTESIAN_POINT('',(4.15E0,-1.E-1,-1.35E1));
#5242=VERTEX_POINT('',#5241);
#5243=CARTESIAN_POINT('',(-4.15E0,-1.E-1,-1.35E1));
#5244=VERTEX_POINT('',#5243);
#5245=CARTESIAN_POINT('',(-3.4E0,1.E-1,-1.25E1));
#5246=CARTESIAN_POINT('',(3.4E0,1.E-1,-1.25E1));
#5247=VERTEX_POINT('',#5245);
#5248=VERTEX_POINT('',#5246);
#5249=CARTESIAN_POINT('',(-3.4E0,-1.E-1,-1.25E1));
#5250=CARTESIAN_POINT('',(-3.4E0,-1.E-1,-1.35E1));
#5251=VERTEX_POINT('',#5249);
#5252=VERTEX_POINT('',#5250);
#5253=CARTESIAN_POINT('',(3.4E0,-1.E-1,-1.25E1));
#5254=CARTESIAN_POINT('',(3.4E0,-1.E-1,-1.35E1));
#5255=VERTEX_POINT('',#5253);
#5256=VERTEX_POINT('',#5254);
#5257=CARTESIAN_POINT('',(-4.15E0,1.E-1,-1.44E1));
#5258=CARTESIAN_POINT('',(-4.15E0,7.E-1,-1.44E1));
#5259=VERTEX_POINT('',#5257);
#5260=VERTEX_POINT('',#5258);
#5261=CARTESIAN_POINT('',(-3.65E0,1.2E0,-1.44E1));
#5262=VERTEX_POINT('',#5261);
#5263=CARTESIAN_POINT('',(3.65E0,1.2E0,-1.44E1));
#5264=VERTEX_POINT('',#5263);
#5265=CARTESIAN_POINT('',(4.15E0,7.E-1,-1.44E1));
#5266=VERTEX_POINT('',#5265);
#5267=CARTESIAN_POINT('',(4.15E0,1.E-1,-1.44E1));
#5268=VERTEX_POINT('',#5267);
#5269=CARTESIAN_POINT('',(-4.15E0,1.E-1,-1.35E1));
#5270=CARTESIAN_POINT('',(-3.4E0,1.E-1,-1.35E1));
#5271=VERTEX_POINT('',#5269);
#5272=VERTEX_POINT('',#5270);
#5273=CARTESIAN_POINT('',(4.15E0,1.E-1,-1.35E1));
#5274=CARTESIAN_POINT('',(3.4E0,1.E-1,-1.35E1));
#5275=VERTEX_POINT('',#5273);
#5276=VERTEX_POINT('',#5274);
#5277=CARTESIAN_POINT('',(2.975E0,1.E-1,-1.44E1));
#5278=CARTESIAN_POINT('',(2.975E0,1.E-1,-1.403877840118E1));
#5279=VERTEX_POINT('',#5277);
#5280=VERTEX_POINT('',#5278);
#5281=CARTESIAN_POINT('',(2.775E0,1.E-1,-1.44E1));
#5282=CARTESIAN_POINT('',(2.775E0,1.E-1,-1.403877840118E1));
#5283=VERTEX_POINT('',#5281);
#5284=VERTEX_POINT('',#5282);
#5285=CARTESIAN_POINT('',(2.975E0,1.380285007814E-2,-1.408269804274E1));
#5286=CARTESIAN_POINT('',(2.975E0,-1.5E-1,-1.435E1));
#5287=VERTEX_POINT('',#5285);
#5288=VERTEX_POINT('',#5286);
#5289=CARTESIAN_POINT('',(2.975E0,-1.5E-1,-1.5E1));
#5290=VERTEX_POINT('',#5289);
#5291=CARTESIAN_POINT('',(2.975E0,0.E0,-1.5E1));
#5292=VERTEX_POINT('',#5291);
#5293=CARTESIAN_POINT('',(2.975E0,0.E0,-1.44E1));
#5294=VERTEX_POINT('',#5293);
#5295=CARTESIAN_POINT('',(2.775E0,1.380285007814E-2,-1.408269804274E1));
#5296=CARTESIAN_POINT('',(2.775E0,-1.5E-1,-1.435E1));
#5297=VERTEX_POINT('',#5295);
#5298=VERTEX_POINT('',#5296);
#5299=CARTESIAN_POINT('',(2.775E0,-1.5E-1,-1.5E1));
#5300=VERTEX_POINT('',#5299);
#5301=CARTESIAN_POINT('',(2.775E0,0.E0,-1.5E1));
#5302=VERTEX_POINT('',#5301);
#5303=CARTESIAN_POINT('',(2.775E0,0.E0,-1.44E1));
#5304=VERTEX_POINT('',#5303);
#5305=CARTESIAN_POINT('',(2.725E0,0.E0,-1.35E1));
#5306=CARTESIAN_POINT('',(2.725E0,-1.5E-1,-1.35E1));
#5307=VERTEX_POINT('',#5305);
#5308=VERTEX_POINT('',#5306);
#5309=CARTESIAN_POINT('',(2.525E0,-1.5E-1,-1.35E1));
#5310=VERTEX_POINT('',#5309);
#5311=CARTESIAN_POINT('',(2.525E0,0.E0,-1.35E1));
#5312=VERTEX_POINT('',#5311);
#5313=CARTESIAN_POINT('',(2.725E0,0.E0,-1.25E1));
#5314=CARTESIAN_POINT('',(2.725E0,-1.5E-1,-1.25E1));
#5315=VERTEX_POINT('',#5313);
#5316=VERTEX_POINT('',#5314);
#5317=CARTESIAN_POINT('',(2.525E0,-1.5E-1,-1.25E1));
#5318=VERTEX_POINT('',#5317);
#5319=CARTESIAN_POINT('',(2.525E0,0.E0,-1.25E1));
#5320=VERTEX_POINT('',#5319);
#5321=CARTESIAN_POINT('',(2.475E0,1.380285007814E-2,-1.408269804274E1));
#5322=CARTESIAN_POINT('',(2.475E0,-1.5E-1,-1.435E1));
#5323=VERTEX_POINT('',#5321);
#5324=VERTEX_POINT('',#5322);
#5325=CARTESIAN_POINT('',(2.475E0,-1.5E-1,-1.5E1));
#5326=VERTEX_POINT('',#5325);
#5327=CARTESIAN_POINT('',(2.475E0,0.E0,-1.5E1));
#5328=VERTEX_POINT('',#5327);
#5329=CARTESIAN_POINT('',(2.475E0,0.E0,-1.44E1));
#5330=VERTEX_POINT('',#5329);
#5331=CARTESIAN_POINT('',(2.275E0,1.380285007814E-2,-1.408269804274E1));
#5332=CARTESIAN_POINT('',(2.275E0,-1.5E-1,-1.435E1));
#5333=VERTEX_POINT('',#5331);
#5334=VERTEX_POINT('',#5332);
#5335=CARTESIAN_POINT('',(2.275E0,-1.5E-1,-1.5E1));
#5336=VERTEX_POINT('',#5335);
#5337=CARTESIAN_POINT('',(2.275E0,0.E0,-1.5E1));
#5338=VERTEX_POINT('',#5337);
#5339=CARTESIAN_POINT('',(2.275E0,0.E0,-1.44E1));
#5340=VERTEX_POINT('',#5339);
#5341=CARTESIAN_POINT('',(2.475E0,1.E-1,-1.403877840118E1));
#5342=VERTEX_POINT('',#5341);
#5343=CARTESIAN_POINT('',(2.475E0,1.E-1,-1.44E1));
#5344=VERTEX_POINT('',#5343);
#5345=CARTESIAN_POINT('',(2.275E0,1.E-1,-1.403877840118E1));
#5346=VERTEX_POINT('',#5345);
#5347=CARTESIAN_POINT('',(2.275E0,1.E-1,-1.44E1));
#5348=VERTEX_POINT('',#5347);
#5349=CARTESIAN_POINT('',(2.225E0,0.E0,-1.35E1));
#5350=CARTESIAN_POINT('',(2.225E0,-1.5E-1,-1.35E1));
#5351=VERTEX_POINT('',#5349);
#5352=VERTEX_POINT('',#5350);
#5353=CARTESIAN_POINT('',(2.025E0,-1.5E-1,-1.35E1));
#5354=VERTEX_POINT('',#5353);
#5355=CARTESIAN_POINT('',(2.025E0,0.E0,-1.35E1));
#5356=VERTEX_POINT('',#5355);
#5357=CARTESIAN_POINT('',(2.225E0,0.E0,-1.25E1));
#5358=VERTEX_POINT('',#5357);
#5359=CARTESIAN_POINT('',(2.225E0,-1.5E-1,-1.25E1));
#5360=VERTEX_POINT('',#5359);
#5361=CARTESIAN_POINT('',(2.025E0,-1.5E-1,-1.25E1));
#5362=VERTEX_POINT('',#5361);
#5363=CARTESIAN_POINT('',(2.025E0,0.E0,-1.25E1));
#5364=VERTEX_POINT('',#5363);
#5365=CARTESIAN_POINT('',(1.975E0,1.380285007814E-2,-1.408269804274E1));
#5366=CARTESIAN_POINT('',(1.975E0,-1.5E-1,-1.435E1));
#5367=VERTEX_POINT('',#5365);
#5368=VERTEX_POINT('',#5366);
#5369=CARTESIAN_POINT('',(1.975E0,-1.5E-1,-1.5E1));
#5370=VERTEX_POINT('',#5369);
#5371=CARTESIAN_POINT('',(1.975E0,0.E0,-1.5E1));
#5372=VERTEX_POINT('',#5371);
#5373=CARTESIAN_POINT('',(1.975E0,0.E0,-1.44E1));
#5374=VERTEX_POINT('',#5373);
#5375=CARTESIAN_POINT('',(1.775E0,1.380285007814E-2,-1.408269804274E1));
#5376=CARTESIAN_POINT('',(1.775E0,-1.5E-1,-1.435E1));
#5377=VERTEX_POINT('',#5375);
#5378=VERTEX_POINT('',#5376);
#5379=CARTESIAN_POINT('',(1.775E0,-1.5E-1,-1.5E1));
#5380=VERTEX_POINT('',#5379);
#5381=CARTESIAN_POINT('',(1.775E0,0.E0,-1.5E1));
#5382=VERTEX_POINT('',#5381);
#5383=CARTESIAN_POINT('',(1.775E0,0.E0,-1.44E1));
#5384=VERTEX_POINT('',#5383);
#5385=CARTESIAN_POINT('',(1.975E0,1.E-1,-1.403877840118E1));
#5386=VERTEX_POINT('',#5385);
#5387=CARTESIAN_POINT('',(1.975E0,1.E-1,-1.44E1));
#5388=VERTEX_POINT('',#5387);
#5389=CARTESIAN_POINT('',(1.775E0,1.E-1,-1.403877840118E1));
#5390=VERTEX_POINT('',#5389);
#5391=CARTESIAN_POINT('',(1.775E0,1.E-1,-1.44E1));
#5392=VERTEX_POINT('',#5391);
#5393=CARTESIAN_POINT('',(1.725E0,0.E0,-1.35E1));
#5394=CARTESIAN_POINT('',(1.725E0,-1.5E-1,-1.35E1));
#5395=VERTEX_POINT('',#5393);
#5396=VERTEX_POINT('',#5394);
#5397=CARTESIAN_POINT('',(1.525E0,-1.5E-1,-1.35E1));
#5398=VERTEX_POINT('',#5397);
#5399=CARTESIAN_POINT('',(1.525E0,0.E0,-1.35E1));
#5400=VERTEX_POINT('',#5399);
#5401=CARTESIAN_POINT('',(1.725E0,0.E0,-1.25E1));
#5402=VERTEX_POINT('',#5401);
#5403=CARTESIAN_POINT('',(1.725E0,-1.5E-1,-1.25E1));
#5404=VERTEX_POINT('',#5403);
#5405=CARTESIAN_POINT('',(1.525E0,-1.5E-1,-1.25E1));
#5406=VERTEX_POINT('',#5405);
#5407=CARTESIAN_POINT('',(1.525E0,0.E0,-1.25E1));
#5408=VERTEX_POINT('',#5407);
#5409=CARTESIAN_POINT('',(1.475E0,1.380285007814E-2,-1.408269804274E1));
#5410=CARTESIAN_POINT('',(1.475E0,-1.5E-1,-1.435E1));
#5411=VERTEX_POINT('',#5409);
#5412=VERTEX_POINT('',#5410);
#5413=CARTESIAN_POINT('',(1.475E0,-1.5E-1,-1.5E1));
#5414=VERTEX_POINT('',#5413);
#5415=CARTESIAN_POINT('',(1.475E0,0.E0,-1.5E1));
#5416=VERTEX_POINT('',#5415);
#5417=CARTESIAN_POINT('',(1.475E0,0.E0,-1.44E1));
#5418=VERTEX_POINT('',#5417);
#5419=CARTESIAN_POINT('',(1.275E0,1.380285007814E-2,-1.408269804274E1));
#5420=CARTESIAN_POINT('',(1.275E0,-1.5E-1,-1.435E1));
#5421=VERTEX_POINT('',#5419);
#5422=VERTEX_POINT('',#5420);
#5423=CARTESIAN_POINT('',(1.275E0,-1.5E-1,-1.5E1));
#5424=VERTEX_POINT('',#5423);
#5425=CARTESIAN_POINT('',(1.275E0,0.E0,-1.5E1));
#5426=VERTEX_POINT('',#5425);
#5427=CARTESIAN_POINT('',(1.275E0,0.E0,-1.44E1));
#5428=VERTEX_POINT('',#5427);
#5429=CARTESIAN_POINT('',(1.475E0,1.E-1,-1.403877840118E1));
#5430=VERTEX_POINT('',#5429);
#5431=CARTESIAN_POINT('',(1.475E0,1.E-1,-1.44E1));
#5432=VERTEX_POINT('',#5431);
#5433=CARTESIAN_POINT('',(1.275E0,1.E-1,-1.403877840118E1));
#5434=VERTEX_POINT('',#5433);
#5435=CARTESIAN_POINT('',(1.275E0,1.E-1,-1.44E1));
#5436=VERTEX_POINT('',#5435);
#5437=CARTESIAN_POINT('',(1.225E0,0.E0,-1.35E1));
#5438=CARTESIAN_POINT('',(1.225E0,-1.5E-1,-1.35E1));
#5439=VERTEX_POINT('',#5437);
#5440=VERTEX_POINT('',#5438);
#5441=CARTESIAN_POINT('',(1.025E0,-1.5E-1,-1.35E1));
#5442=VERTEX_POINT('',#5441);
#5443=CARTESIAN_POINT('',(1.025E0,0.E0,-1.35E1));
#5444=VERTEX_POINT('',#5443);
#5445=CARTESIAN_POINT('',(1.225E0,0.E0,-1.25E1));
#5446=VERTEX_POINT('',#5445);
#5447=CARTESIAN_POINT('',(1.225E0,-1.5E-1,-1.25E1));
#5448=VERTEX_POINT('',#5447);
#5449=CARTESIAN_POINT('',(1.025E0,-1.5E-1,-1.25E1));
#5450=VERTEX_POINT('',#5449);
#5451=CARTESIAN_POINT('',(1.025E0,0.E0,-1.25E1));
#5452=VERTEX_POINT('',#5451);
#5453=CARTESIAN_POINT('',(9.75E-1,1.380285007814E-2,-1.408269804274E1));
#5454=CARTESIAN_POINT('',(9.75E-1,-1.5E-1,-1.435E1));
#5455=VERTEX_POINT('',#5453);
#5456=VERTEX_POINT('',#5454);
#5457=CARTESIAN_POINT('',(9.75E-1,-1.5E-1,-1.5E1));
#5458=VERTEX_POINT('',#5457);
#5459=CARTESIAN_POINT('',(9.75E-1,0.E0,-1.5E1));
#5460=VERTEX_POINT('',#5459);
#5461=CARTESIAN_POINT('',(9.75E-1,0.E0,-1.44E1));
#5462=VERTEX_POINT('',#5461);
#5463=CARTESIAN_POINT('',(7.75E-1,1.380285007814E-2,-1.408269804274E1));
#5464=CARTESIAN_POINT('',(7.75E-1,-1.5E-1,-1.435E1));
#5465=VERTEX_POINT('',#5463);
#5466=VERTEX_POINT('',#5464);
#5467=CARTESIAN_POINT('',(7.75E-1,-1.5E-1,-1.5E1));
#5468=VERTEX_POINT('',#5467);
#5469=CARTESIAN_POINT('',(7.75E-1,0.E0,-1.5E1));
#5470=VERTEX_POINT('',#5469);
#5471=CARTESIAN_POINT('',(7.75E-1,0.E0,-1.44E1));
#5472=VERTEX_POINT('',#5471);
#5473=CARTESIAN_POINT('',(9.75E-1,1.E-1,-1.403877840118E1));
#5474=VERTEX_POINT('',#5473);
#5475=CARTESIAN_POINT('',(9.75E-1,1.E-1,-1.44E1));
#5476=VERTEX_POINT('',#5475);
#5477=CARTESIAN_POINT('',(7.75E-1,1.E-1,-1.403877840118E1));
#5478=VERTEX_POINT('',#5477);
#5479=CARTESIAN_POINT('',(7.75E-1,1.E-1,-1.44E1));
#5480=VERTEX_POINT('',#5479);
#5481=CARTESIAN_POINT('',(7.25E-1,0.E0,-1.35E1));
#5482=CARTESIAN_POINT('',(7.25E-1,-1.5E-1,-1.35E1));
#5483=VERTEX_POINT('',#5481);
#5484=VERTEX_POINT('',#5482);
#5485=CARTESIAN_POINT('',(5.25E-1,-1.5E-1,-1.35E1));
#5486=VERTEX_POINT('',#5485);
#5487=CARTESIAN_POINT('',(5.25E-1,0.E0,-1.35E1));
#5488=VERTEX_POINT('',#5487);
#5489=CARTESIAN_POINT('',(7.25E-1,0.E0,-1.25E1));
#5490=VERTEX_POINT('',#5489);
#5491=CARTESIAN_POINT('',(7.25E-1,-1.5E-1,-1.25E1));
#5492=VERTEX_POINT('',#5491);
#5493=CARTESIAN_POINT('',(5.25E-1,-1.5E-1,-1.25E1));
#5494=VERTEX_POINT('',#5493);
#5495=CARTESIAN_POINT('',(5.25E-1,0.E0,-1.25E1));
#5496=VERTEX_POINT('',#5495);
#5497=CARTESIAN_POINT('',(4.75E-1,1.380285007814E-2,-1.408269804274E1));
#5498=CARTESIAN_POINT('',(4.75E-1,-1.5E-1,-1.435E1));
#5499=VERTEX_POINT('',#5497);
#5500=VERTEX_POINT('',#5498);
#5501=CARTESIAN_POINT('',(4.75E-1,-1.5E-1,-1.5E1));
#5502=VERTEX_POINT('',#5501);
#5503=CARTESIAN_POINT('',(4.75E-1,0.E0,-1.5E1));
#5504=VERTEX_POINT('',#5503);
#5505=CARTESIAN_POINT('',(4.75E-1,0.E0,-1.44E1));
#5506=VERTEX_POINT('',#5505);
#5507=CARTESIAN_POINT('',(2.75E-1,1.380285007814E-2,-1.408269804274E1));
#5508=CARTESIAN_POINT('',(2.75E-1,-1.5E-1,-1.435E1));
#5509=VERTEX_POINT('',#5507);
#5510=VERTEX_POINT('',#5508);
#5511=CARTESIAN_POINT('',(2.75E-1,-1.5E-1,-1.5E1));
#5512=VERTEX_POINT('',#5511);
#5513=CARTESIAN_POINT('',(2.75E-1,0.E0,-1.5E1));
#5514=VERTEX_POINT('',#5513);
#5515=CARTESIAN_POINT('',(2.75E-1,0.E0,-1.44E1));
#5516=VERTEX_POINT('',#5515);
#5517=CARTESIAN_POINT('',(4.75E-1,1.E-1,-1.403877840118E1));
#5518=VERTEX_POINT('',#5517);
#5519=CARTESIAN_POINT('',(4.75E-1,1.E-1,-1.44E1));
#5520=VERTEX_POINT('',#5519);
#5521=CARTESIAN_POINT('',(2.75E-1,1.E-1,-1.403877840118E1));
#5522=VERTEX_POINT('',#5521);
#5523=CARTESIAN_POINT('',(2.75E-1,1.E-1,-1.44E1));
#5524=VERTEX_POINT('',#5523);
#5525=CARTESIAN_POINT('',(2.25E-1,0.E0,-1.35E1));
#5526=CARTESIAN_POINT('',(2.25E-1,-1.5E-1,-1.35E1));
#5527=VERTEX_POINT('',#5525);
#5528=VERTEX_POINT('',#5526);
#5529=CARTESIAN_POINT('',(2.5E-2,-1.5E-1,-1.35E1));
#5530=VERTEX_POINT('',#5529);
#5531=CARTESIAN_POINT('',(2.5E-2,0.E0,-1.35E1));
#5532=VERTEX_POINT('',#5531);
#5533=CARTESIAN_POINT('',(2.25E-1,0.E0,-1.25E1));
#5534=VERTEX_POINT('',#5533);
#5535=CARTESIAN_POINT('',(2.25E-1,-1.5E-1,-1.25E1));
#5536=VERTEX_POINT('',#5535);
#5537=CARTESIAN_POINT('',(2.5E-2,-1.5E-1,-1.25E1));
#5538=VERTEX_POINT('',#5537);
#5539=CARTESIAN_POINT('',(2.5E-2,0.E0,-1.25E1));
#5540=VERTEX_POINT('',#5539);
#5541=CARTESIAN_POINT('',(-2.5E-2,1.380285007814E-2,-1.408269804274E1));
#5542=CARTESIAN_POINT('',(-2.5E-2,-1.5E-1,-1.435E1));
#5543=VERTEX_POINT('',#5541);
#5544=VERTEX_POINT('',#5542);
#5545=CARTESIAN_POINT('',(-2.5E-2,-1.5E-1,-1.5E1));
#5546=VERTEX_POINT('',#5545);
#5547=CARTESIAN_POINT('',(-2.5E-2,0.E0,-1.5E1));
#5548=VERTEX_POINT('',#5547);
#5549=CARTESIAN_POINT('',(-2.5E-2,0.E0,-1.44E1));
#5550=VERTEX_POINT('',#5549);
#5551=CARTESIAN_POINT('',(-2.25E-1,1.380285007814E-2,-1.408269804274E1));
#5552=CARTESIAN_POINT('',(-2.25E-1,-1.5E-1,-1.435E1));
#5553=VERTEX_POINT('',#5551);
#5554=VERTEX_POINT('',#5552);
#5555=CARTESIAN_POINT('',(-2.25E-1,-1.5E-1,-1.5E1));
#5556=VERTEX_POINT('',#5555);
#5557=CARTESIAN_POINT('',(-2.25E-1,0.E0,-1.5E1));
#5558=VERTEX_POINT('',#5557);
#5559=CARTESIAN_POINT('',(-2.25E-1,0.E0,-1.44E1));
#5560=VERTEX_POINT('',#5559);
#5561=CARTESIAN_POINT('',(-2.5E-2,1.E-1,-1.403877840118E1));
#5562=VERTEX_POINT('',#5561);
#5563=CARTESIAN_POINT('',(-2.5E-2,1.E-1,-1.44E1));
#5564=VERTEX_POINT('',#5563);
#5565=CARTESIAN_POINT('',(-2.25E-1,1.E-1,-1.403877840118E1));
#5566=VERTEX_POINT('',#5565);
#5567=CARTESIAN_POINT('',(-2.25E-1,1.E-1,-1.44E1));
#5568=VERTEX_POINT('',#5567);
#5569=CARTESIAN_POINT('',(-2.75E-1,0.E0,-1.35E1));
#5570=CARTESIAN_POINT('',(-2.75E-1,-1.5E-1,-1.35E1));
#5571=VERTEX_POINT('',#5569);
#5572=VERTEX_POINT('',#5570);
#5573=CARTESIAN_POINT('',(-4.75E-1,-1.5E-1,-1.35E1));
#5574=VERTEX_POINT('',#5573);
#5575=CARTESIAN_POINT('',(-4.75E-1,0.E0,-1.35E1));
#5576=VERTEX_POINT('',#5575);
#5577=CARTESIAN_POINT('',(-2.75E-1,0.E0,-1.25E1));
#5578=VERTEX_POINT('',#5577);
#5579=CARTESIAN_POINT('',(-2.75E-1,-1.5E-1,-1.25E1));
#5580=VERTEX_POINT('',#5579);
#5581=CARTESIAN_POINT('',(-4.75E-1,-1.5E-1,-1.25E1));
#5582=VERTEX_POINT('',#5581);
#5583=CARTESIAN_POINT('',(-4.75E-1,0.E0,-1.25E1));
#5584=VERTEX_POINT('',#5583);
#5585=CARTESIAN_POINT('',(-5.25E-1,1.380285007814E-2,-1.408269804274E1));
#5586=CARTESIAN_POINT('',(-5.25E-1,-1.5E-1,-1.435E1));
#5587=VERTEX_POINT('',#5585);
#5588=VERTEX_POINT('',#5586);
#5589=CARTESIAN_POINT('',(-5.25E-1,-1.5E-1,-1.5E1));
#5590=VERTEX_POINT('',#5589);
#5591=CARTESIAN_POINT('',(-5.25E-1,0.E0,-1.5E1));
#5592=VERTEX_POINT('',#5591);
#5593=CARTESIAN_POINT('',(-5.25E-1,0.E0,-1.44E1));
#5594=VERTEX_POINT('',#5593);
#5595=CARTESIAN_POINT('',(-7.25E-1,1.380285007814E-2,-1.408269804274E1));
#5596=CARTESIAN_POINT('',(-7.25E-1,-1.5E-1,-1.435E1));
#5597=VERTEX_POINT('',#5595);
#5598=VERTEX_POINT('',#5596);
#5599=CARTESIAN_POINT('',(-7.25E-1,-1.5E-1,-1.5E1));
#5600=VERTEX_POINT('',#5599);
#5601=CARTESIAN_POINT('',(-7.25E-1,0.E0,-1.5E1));
#5602=VERTEX_POINT('',#5601);
#5603=CARTESIAN_POINT('',(-7.25E-1,0.E0,-1.44E1));
#5604=VERTEX_POINT('',#5603);
#5605=CARTESIAN_POINT('',(-5.25E-1,1.E-1,-1.403877840118E1));
#5606=VERTEX_POINT('',#5605);
#5607=CARTESIAN_POINT('',(-5.25E-1,1.E-1,-1.44E1));
#5608=VERTEX_POINT('',#5607);
#5609=CARTESIAN_POINT('',(-7.25E-1,1.E-1,-1.403877840118E1));
#5610=VERTEX_POINT('',#5609);
#5611=CARTESIAN_POINT('',(-7.25E-1,1.E-1,-1.44E1));
#5612=VERTEX_POINT('',#5611);
#5613=CARTESIAN_POINT('',(-7.75E-1,0.E0,-1.35E1));
#5614=CARTESIAN_POINT('',(-7.75E-1,-1.5E-1,-1.35E1));
#5615=VERTEX_POINT('',#5613);
#5616=VERTEX_POINT('',#5614);
#5617=CARTESIAN_POINT('',(-9.75E-1,-1.5E-1,-1.35E1));
#5618=VERTEX_POINT('',#5617);
#5619=CARTESIAN_POINT('',(-9.75E-1,0.E0,-1.35E1));
#5620=VERTEX_POINT('',#5619);
#5621=CARTESIAN_POINT('',(-7.75E-1,0.E0,-1.25E1));
#5622=VERTEX_POINT('',#5621);
#5623=CARTESIAN_POINT('',(-7.75E-1,-1.5E-1,-1.25E1));
#5624=VERTEX_POINT('',#5623);
#5625=CARTESIAN_POINT('',(-9.75E-1,-1.5E-1,-1.25E1));
#5626=VERTEX_POINT('',#5625);
#5627=CARTESIAN_POINT('',(-9.75E-1,0.E0,-1.25E1));
#5628=VERTEX_POINT('',#5627);
#5629=CARTESIAN_POINT('',(-1.025E0,1.380285007814E-2,-1.408269804274E1));
#5630=CARTESIAN_POINT('',(-1.025E0,-1.5E-1,-1.435E1));
#5631=VERTEX_POINT('',#5629);
#5632=VERTEX_POINT('',#5630);
#5633=CARTESIAN_POINT('',(-1.025E0,-1.5E-1,-1.5E1));
#5634=VERTEX_POINT('',#5633);
#5635=CARTESIAN_POINT('',(-1.025E0,0.E0,-1.5E1));
#5636=VERTEX_POINT('',#5635);
#5637=CARTESIAN_POINT('',(-1.025E0,0.E0,-1.44E1));
#5638=VERTEX_POINT('',#5637);
#5639=CARTESIAN_POINT('',(-1.225E0,1.380285007814E-2,-1.408269804274E1));
#5640=CARTESIAN_POINT('',(-1.225E0,-1.5E-1,-1.435E1));
#5641=VERTEX_POINT('',#5639);
#5642=VERTEX_POINT('',#5640);
#5643=CARTESIAN_POINT('',(-1.225E0,-1.5E-1,-1.5E1));
#5644=VERTEX_POINT('',#5643);
#5645=CARTESIAN_POINT('',(-1.225E0,0.E0,-1.5E1));
#5646=VERTEX_POINT('',#5645);
#5647=CARTESIAN_POINT('',(-1.225E0,0.E0,-1.44E1));
#5648=VERTEX_POINT('',#5647);
#5649=CARTESIAN_POINT('',(-1.025E0,1.E-1,-1.403877840118E1));
#5650=VERTEX_POINT('',#5649);
#5651=CARTESIAN_POINT('',(-1.025E0,1.E-1,-1.44E1));
#5652=VERTEX_POINT('',#5651);
#5653=CARTESIAN_POINT('',(-1.225E0,1.E-1,-1.403877840118E1));
#5654=VERTEX_POINT('',#5653);
#5655=CARTESIAN_POINT('',(-1.225E0,1.E-1,-1.44E1));
#5656=VERTEX_POINT('',#5655);
#5657=CARTESIAN_POINT('',(-1.275E0,0.E0,-1.35E1));
#5658=CARTESIAN_POINT('',(-1.275E0,-1.5E-1,-1.35E1));
#5659=VERTEX_POINT('',#5657);
#5660=VERTEX_POINT('',#5658);
#5661=CARTESIAN_POINT('',(-1.475E0,-1.5E-1,-1.35E1));
#5662=VERTEX_POINT('',#5661);
#5663=CARTESIAN_POINT('',(-1.475E0,0.E0,-1.35E1));
#5664=VERTEX_POINT('',#5663);
#5665=CARTESIAN_POINT('',(-1.275E0,0.E0,-1.25E1));
#5666=VERTEX_POINT('',#5665);
#5667=CARTESIAN_POINT('',(-1.275E0,-1.5E-1,-1.25E1));
#5668=VERTEX_POINT('',#5667);
#5669=CARTESIAN_POINT('',(-1.475E0,-1.5E-1,-1.25E1));
#5670=VERTEX_POINT('',#5669);
#5671=CARTESIAN_POINT('',(-1.475E0,0.E0,-1.25E1));
#5672=VERTEX_POINT('',#5671);
#5673=CARTESIAN_POINT('',(-1.525E0,1.380285007814E-2,-1.408269804274E1));
#5674=CARTESIAN_POINT('',(-1.525E0,-1.5E-1,-1.435E1));
#5675=VERTEX_POINT('',#5673);
#5676=VERTEX_POINT('',#5674);
#5677=CARTESIAN_POINT('',(-1.525E0,-1.5E-1,-1.5E1));
#5678=VERTEX_POINT('',#5677);
#5679=CARTESIAN_POINT('',(-1.525E0,0.E0,-1.5E1));
#5680=VERTEX_POINT('',#5679);
#5681=CARTESIAN_POINT('',(-1.525E0,0.E0,-1.44E1));
#5682=VERTEX_POINT('',#5681);
#5683=CARTESIAN_POINT('',(-1.725E0,1.380285007814E-2,-1.408269804274E1));
#5684=CARTESIAN_POINT('',(-1.725E0,-1.5E-1,-1.435E1));
#5685=VERTEX_POINT('',#5683);
#5686=VERTEX_POINT('',#5684);
#5687=CARTESIAN_POINT('',(-1.725E0,-1.5E-1,-1.5E1));
#5688=VERTEX_POINT('',#5687);
#5689=CARTESIAN_POINT('',(-1.725E0,0.E0,-1.5E1));
#5690=VERTEX_POINT('',#5689);
#5691=CARTESIAN_POINT('',(-1.725E0,0.E0,-1.44E1));
#5692=VERTEX_POINT('',#5691);
#5693=CARTESIAN_POINT('',(-1.525E0,1.E-1,-1.403877840118E1));
#5694=VERTEX_POINT('',#5693);
#5695=CARTESIAN_POINT('',(-1.525E0,1.E-1,-1.44E1));
#5696=VERTEX_POINT('',#5695);
#5697=CARTESIAN_POINT('',(-1.725E0,1.E-1,-1.403877840118E1));
#5698=VERTEX_POINT('',#5697);
#5699=CARTESIAN_POINT('',(-1.725E0,1.E-1,-1.44E1));
#5700=VERTEX_POINT('',#5699);
#5701=CARTESIAN_POINT('',(-1.775E0,0.E0,-1.35E1));
#5702=CARTESIAN_POINT('',(-1.775E0,-1.5E-1,-1.35E1));
#5703=VERTEX_POINT('',#5701);
#5704=VERTEX_POINT('',#5702);
#5705=CARTESIAN_POINT('',(-1.975E0,-1.5E-1,-1.35E1));
#5706=VERTEX_POINT('',#5705);
#5707=CARTESIAN_POINT('',(-1.975E0,0.E0,-1.35E1));
#5708=VERTEX_POINT('',#5707);
#5709=CARTESIAN_POINT('',(-1.775E0,0.E0,-1.25E1));
#5710=VERTEX_POINT('',#5709);
#5711=CARTESIAN_POINT('',(-1.775E0,-1.5E-1,-1.25E1));
#5712=VERTEX_POINT('',#5711);
#5713=CARTESIAN_POINT('',(-1.975E0,-1.5E-1,-1.25E1));
#5714=VERTEX_POINT('',#5713);
#5715=CARTESIAN_POINT('',(-1.975E0,0.E0,-1.25E1));
#5716=VERTEX_POINT('',#5715);
#5717=CARTESIAN_POINT('',(-2.025E0,1.380285007814E-2,-1.408269804274E1));
#5718=CARTESIAN_POINT('',(-2.025E0,-1.5E-1,-1.435E1));
#5719=VERTEX_POINT('',#5717);
#5720=VERTEX_POINT('',#5718);
#5721=CARTESIAN_POINT('',(-2.025E0,-1.5E-1,-1.5E1));
#5722=VERTEX_POINT('',#5721);
#5723=CARTESIAN_POINT('',(-2.025E0,0.E0,-1.5E1));
#5724=VERTEX_POINT('',#5723);
#5725=CARTESIAN_POINT('',(-2.025E0,0.E0,-1.44E1));
#5726=VERTEX_POINT('',#5725);
#5727=CARTESIAN_POINT('',(-2.225E0,1.380285007814E-2,-1.408269804274E1));
#5728=CARTESIAN_POINT('',(-2.225E0,-1.5E-1,-1.435E1));
#5729=VERTEX_POINT('',#5727);
#5730=VERTEX_POINT('',#5728);
#5731=CARTESIAN_POINT('',(-2.225E0,-1.5E-1,-1.5E1));
#5732=VERTEX_POINT('',#5731);
#5733=CARTESIAN_POINT('',(-2.225E0,0.E0,-1.5E1));
#5734=VERTEX_POINT('',#5733);
#5735=CARTESIAN_POINT('',(-2.225E0,0.E0,-1.44E1));
#5736=VERTEX_POINT('',#5735);
#5737=CARTESIAN_POINT('',(-2.025E0,1.E-1,-1.403877840118E1));
#5738=VERTEX_POINT('',#5737);
#5739=CARTESIAN_POINT('',(-2.025E0,1.E-1,-1.44E1));
#5740=VERTEX_POINT('',#5739);
#5741=CARTESIAN_POINT('',(-2.225E0,1.E-1,-1.403877840118E1));
#5742=VERTEX_POINT('',#5741);
#5743=CARTESIAN_POINT('',(-2.225E0,1.E-1,-1.44E1));
#5744=VERTEX_POINT('',#5743);
#5745=CARTESIAN_POINT('',(-2.275E0,0.E0,-1.35E1));
#5746=CARTESIAN_POINT('',(-2.275E0,-1.5E-1,-1.35E1));
#5747=VERTEX_POINT('',#5745);
#5748=VERTEX_POINT('',#5746);
#5749=CARTESIAN_POINT('',(-2.475E0,-1.5E-1,-1.35E1));
#5750=VERTEX_POINT('',#5749);
#5751=CARTESIAN_POINT('',(-2.475E0,0.E0,-1.35E1));
#5752=VERTEX_POINT('',#5751);
#5753=CARTESIAN_POINT('',(-2.275E0,0.E0,-1.25E1));
#5754=VERTEX_POINT('',#5753);
#5755=CARTESIAN_POINT('',(-2.275E0,-1.5E-1,-1.25E1));
#5756=VERTEX_POINT('',#5755);
#5757=CARTESIAN_POINT('',(-2.475E0,-1.5E-1,-1.25E1));
#5758=VERTEX_POINT('',#5757);
#5759=CARTESIAN_POINT('',(-2.475E0,0.E0,-1.25E1));
#5760=VERTEX_POINT('',#5759);
#5761=CARTESIAN_POINT('',(-2.525E0,1.380285007814E-2,-1.408269804274E1));
#5762=CARTESIAN_POINT('',(-2.525E0,-1.5E-1,-1.435E1));
#5763=VERTEX_POINT('',#5761);
#5764=VERTEX_POINT('',#5762);
#5765=CARTESIAN_POINT('',(-2.525E0,-1.5E-1,-1.5E1));
#5766=VERTEX_POINT('',#5765);
#5767=CARTESIAN_POINT('',(-2.525E0,0.E0,-1.5E1));
#5768=VERTEX_POINT('',#5767);
#5769=CARTESIAN_POINT('',(-2.525E0,0.E0,-1.44E1));
#5770=VERTEX_POINT('',#5769);
#5771=CARTESIAN_POINT('',(-2.725E0,1.380285007814E-2,-1.408269804274E1));
#5772=CARTESIAN_POINT('',(-2.725E0,-1.5E-1,-1.435E1));
#5773=VERTEX_POINT('',#5771);
#5774=VERTEX_POINT('',#5772);
#5775=CARTESIAN_POINT('',(-2.725E0,-1.5E-1,-1.5E1));
#5776=VERTEX_POINT('',#5775);
#5777=CARTESIAN_POINT('',(-2.725E0,0.E0,-1.5E1));
#5778=VERTEX_POINT('',#5777);
#5779=CARTESIAN_POINT('',(-2.725E0,0.E0,-1.44E1));
#5780=VERTEX_POINT('',#5779);
#5781=CARTESIAN_POINT('',(-2.525E0,1.E-1,-1.403877840118E1));
#5782=VERTEX_POINT('',#5781);
#5783=CARTESIAN_POINT('',(-2.525E0,1.E-1,-1.44E1));
#5784=VERTEX_POINT('',#5783);
#5785=CARTESIAN_POINT('',(-2.725E0,1.E-1,-1.403877840118E1));
#5786=VERTEX_POINT('',#5785);
#5787=CARTESIAN_POINT('',(-2.725E0,1.E-1,-1.44E1));
#5788=VERTEX_POINT('',#5787);
#5789=CARTESIAN_POINT('',(-2.775E0,0.E0,-1.35E1));
#5790=CARTESIAN_POINT('',(-2.775E0,-1.5E-1,-1.35E1));
#5791=VERTEX_POINT('',#5789);
#5792=VERTEX_POINT('',#5790);
#5793=CARTESIAN_POINT('',(-2.975E0,-1.5E-1,-1.35E1));
#5794=VERTEX_POINT('',#5793);
#5795=CARTESIAN_POINT('',(-2.975E0,0.E0,-1.35E1));
#5796=VERTEX_POINT('',#5795);
#5797=CARTESIAN_POINT('',(-2.775E0,0.E0,-1.25E1));
#5798=VERTEX_POINT('',#5797);
#5799=CARTESIAN_POINT('',(-2.775E0,-1.5E-1,-1.25E1));
#5800=VERTEX_POINT('',#5799);
#5801=CARTESIAN_POINT('',(-2.975E0,-1.5E-1,-1.25E1));
#5802=VERTEX_POINT('',#5801);
#5803=CARTESIAN_POINT('',(-2.975E0,0.E0,-1.25E1));
#5804=VERTEX_POINT('',#5803);
#5805=CARTESIAN_POINT('',(3.6E0,-1.05E0,-1.45E1));
#5806=CARTESIAN_POINT('',(3.8E0,-1.05E0,-1.45E1));
#5807=VERTEX_POINT('',#5805);
#5808=VERTEX_POINT('',#5806);
#5809=CARTESIAN_POINT('',(-3.8E0,-1.05E0,-1.45E1));
#5810=CARTESIAN_POINT('',(-3.6E0,-1.05E0,-1.45E1));
#5811=VERTEX_POINT('',#5809);
#5812=VERTEX_POINT('',#5810);
#5813=CARTESIAN_POINT('',(3.6E0,-1.05E0,-1.55E1));
#5814=CARTESIAN_POINT('',(3.8E0,-1.05E0,-1.55E1));
#5815=VERTEX_POINT('',#5813);
#5816=VERTEX_POINT('',#5814);
#5817=CARTESIAN_POINT('',(-3.8E0,-1.05E0,-1.55E1));
#5818=CARTESIAN_POINT('',(-3.6E0,-1.05E0,-1.55E1));
#5819=VERTEX_POINT('',#5817);
#5820=VERTEX_POINT('',#5818);
#5821=VERTEX_POINT('',#1030);
#5822=VERTEX_POINT('',#1049);
#5823=CARTESIAN_POINT('',(2.932E0,-9.E-1,-1.5E-1));
#5824=VERTEX_POINT('',#5823);
#5825=VERTEX_POINT('',#1074);
#5826=CARTESIAN_POINT('',(2.925E0,-1.2E0,-3.E-1));
#5827=CARTESIAN_POINT('',(4.124999602777E0,-9.763887392599E-4,-3.E-1));
#5828=VERTEX_POINT('',#5826);
#5829=VERTEX_POINT('',#5827);
#5830=CARTESIAN_POINT('',(-2.925E0,-9.E-1,0.E0));
#5831=CARTESIAN_POINT('',(2.925E0,-9.E-1,0.E0));
#5832=VERTEX_POINT('',#5830);
#5833=VERTEX_POINT('',#5831);
#5834=CARTESIAN_POINT('',(-2.924999999982E0,-1.199999999971E0,-3.E-1));
#5835=VERTEX_POINT('',#5834);
#5836=VERTEX_POINT('',#935);
#5837=CARTESIAN_POINT('',(-4.124999602792E0,9.763698404326E-4,-3.E-1));
#5838=VERTEX_POINT('',#5837);
#5839=VERTEX_POINT('',#970);
#5840=VERTEX_POINT('',#975);
#5841=CARTESIAN_POINT('',(2.925E0,1.2E0,-3.E-1));
#5842=VERTEX_POINT('',#5841);
#5843=CARTESIAN_POINT('',(-2.925E0,9.E-1,0.E0));
#5844=VERTEX_POINT('',#5843);
#5845=CARTESIAN_POINT('',(-2.924999999992E0,1.199999999978E0,-3.E-1));
#5846=VERTEX_POINT('',#5845);
#5847=VERTEX_POINT('',#919);
#5848=VERTEX_POINT('',#1006);
#5849=VERTEX_POINT('',#981);
#5850=VERTEX_POINT('',#1129);
#5851=CARTESIAN_POINT('',(3.515410622540E0,-4.136570037967E-1,-1.5E-1));
#5852=CARTESIAN_POINT('',(3.078709807171E0,-7.499995790177E-1,-1.5E-1));
#5853=VERTEX_POINT('',#5851);
#5854=VERTEX_POINT('',#5852);
#5855=CARTESIAN_POINT('',(3.415410622540E0,-4.E-1,-2.5E-1));
#5856=CARTESIAN_POINT('',(3.079E0,-6.5E-1,-2.5E-1));
#5857=VERTEX_POINT('',#5855);
#5858=VERTEX_POINT('',#5856);
#5859=CARTESIAN_POINT('',(-3.079999996557E0,-7.500066843101E-1,
-1.499933156899E-1));
#5860=VERTEX_POINT('',#5859);
#5861=CARTESIAN_POINT('',(-3.079990684383E0,-6.500038974639E-1,
-2.499961020402E-1));
#5862=VERTEX_POINT('',#5861);
#5863=CARTESIAN_POINT('',(-3.415E0,-4.013656746636E-1,-2.5E-1));
#5864=VERTEX_POINT('',#5863);
#5865=CARTESIAN_POINT('',(-3.515E0,-4.152171862180E-1,-1.5E-1));
#5866=VERTEX_POINT('',#5865);
#5867=CARTESIAN_POINT('',(-3.515E0,4.152171862180E-1,-1.5E-1));
#5868=VERTEX_POINT('',#5867);
#5869=CARTESIAN_POINT('',(-3.414999896865E0,4.013656584583E-1,
-2.500001034085E-1));
#5870=VERTEX_POINT('',#5869);
#5871=CARTESIAN_POINT('',(3.079E0,6.5E-1,-2.5E-1));
#5872=CARTESIAN_POINT('',(3.415410622540E0,4.E-1,-2.5E-1));
#5873=VERTEX_POINT('',#5871);
#5874=VERTEX_POINT('',#5872);
#5875=CARTESIAN_POINT('',(3.078709808545E0,7.499995790217E-1,-1.5E-1));
#5876=CARTESIAN_POINT('',(3.515410622540E0,4.136570037967E-1,-1.5E-1));
#5877=VERTEX_POINT('',#5875);
#5878=VERTEX_POINT('',#5876);
#5879=CARTESIAN_POINT('',(-3.079999988374E0,7.500059255471E-1,
-1.499940744529E-1));
#5880=VERTEX_POINT('',#5879);
#5881=CARTESIAN_POINT('',(-3.079999997932E0,6.499999998973E-1,
-2.500000001027E-1));
#5882=VERTEX_POINT('',#5881);
#5883=CARTESIAN_POINT('',(-3.415E0,-4.E-1,-4.65E0));
#5884=CARTESIAN_POINT('',(3.415410622540E0,-4.E-1,-4.65E0));
#5885=VERTEX_POINT('',#5883);
#5886=VERTEX_POINT('',#5884);
#5887=CARTESIAN_POINT('',(-3.415E0,4.E-1,-4.65E0));
#5888=CARTESIAN_POINT('',(3.415410622540E0,4.E-1,-4.65E0));
#5889=VERTEX_POINT('',#5887);
#5890=VERTEX_POINT('',#5888);
#5891=CARTESIAN_POINT('',(-3.08E0,-6.5E-1,-1.57E0));
#5892=CARTESIAN_POINT('',(3.079E0,-6.5E-1,-1.57E0));
#5893=VERTEX_POINT('',#5891);
#5894=VERTEX_POINT('',#5892);
#5895=CARTESIAN_POINT('',(3.079E0,6.5E-1,-1.57E0));
#5896=CARTESIAN_POINT('',(-3.08E0,6.5E-1,-1.57E0));
#5897=VERTEX_POINT('',#5895);
#5898=VERTEX_POINT('',#5896);
#5899=CARTESIAN_POINT('',(3.415410622540E0,-4.E-1,-1.7E0));
#5900=CARTESIAN_POINT('',(-3.415E0,-4.E-1,-1.7E0));
#5901=VERTEX_POINT('',#5899);
#5902=VERTEX_POINT('',#5900);
#5903=CARTESIAN_POINT('',(3.343819364608E0,-5.3E-1,-1.57E0));
#5904=CARTESIAN_POINT('',(-3.343818119165E0,-5.3E-1,-1.57E0));
#5905=VERTEX_POINT('',#5903);
#5906=VERTEX_POINT('',#5904);
#5907=CARTESIAN_POINT('',(-3.415E0,4.E-1,-1.7E0));
#5908=CARTESIAN_POINT('',(3.415410622540E0,4.E-1,-1.7E0));
#5909=VERTEX_POINT('',#5907);
#5910=VERTEX_POINT('',#5908);
#5911=CARTESIAN_POINT('',(-3.343818119165E0,5.3E-1,-1.57E0));
#5912=CARTESIAN_POINT('',(3.343819364608E0,5.3E-1,-1.57E0));
#5913=VERTEX_POINT('',#5911);
#5914=VERTEX_POINT('',#5912);
#5915=VERTEX_POINT('',#1712);
#5916=CARTESIAN_POINT('',(-3.415E0,4.013656746636E-1,-1.698634325336E0));
#5917=VERTEX_POINT('',#5916);
#5918=CARTESIAN_POINT('',(-3.285734543520E0,-2.E-1,-3.070609252282E0));
#5919=CARTESIAN_POINT('',(-3.306697962032E0,-2.E-1,-3.078678191590E0));
#5920=VERTEX_POINT('',#5918);
#5921=VERTEX_POINT('',#5919);
#5922=CARTESIAN_POINT('',(-3.39E0,-2.E-1,-3.200001315281E0));
#5923=VERTEX_POINT('',#5922);
#5924=CARTESIAN_POINT('',(-3.39E0,-2.E-1,-3.860001315281E0));
#5925=VERTEX_POINT('',#5924);
#5926=CARTESIAN_POINT('',(-3.3E0,-2.E-1,-4.36E0));
#5927=VERTEX_POINT('',#5926);
#5928=CARTESIAN_POINT('',(-3.285734543520E0,2.E-1,-3.070609252282E0));
#5929=CARTESIAN_POINT('',(-3.306697962032E0,2.E-1,-3.078678191590E0));
#5930=VERTEX_POINT('',#5928);
#5931=VERTEX_POINT('',#5929);
#5932=CARTESIAN_POINT('',(-3.39E0,2.E-1,-3.200001315281E0));
#5933=VERTEX_POINT('',#5932);
#5934=CARTESIAN_POINT('',(-3.39E0,2.E-1,-3.860001315281E0));
#5935=VERTEX_POINT('',#5934);
#5936=CARTESIAN_POINT('',(-3.3E0,2.E-1,-4.36E0));
#5937=VERTEX_POINT('',#5936);
#5938=CARTESIAN_POINT('',(-3.149265481463E0,-2.E-1,-2.638126867761E0));
#5939=CARTESIAN_POINT('',(-3.149265481463E0,2.E-1,-2.638126867761E0));
#5940=VERTEX_POINT('',#5938);
#5941=VERTEX_POINT('',#5939);
#5942=CARTESIAN_POINT('',(-3.415E0,-2.E-1,-4.65E0));
#5943=CARTESIAN_POINT('',(-3.3E0,-2.E-1,-4.65E0));
#5944=VERTEX_POINT('',#5942);
#5945=VERTEX_POINT('',#5943);
#5946=CARTESIAN_POINT('',(-3.415E0,2.E-1,-4.65E0));
#5947=CARTESIAN_POINT('',(-3.3E0,2.E-1,-4.65E0));
#5948=VERTEX_POINT('',#5946);
#5949=VERTEX_POINT('',#5947);
#5950=CARTESIAN_POINT('',(-3.415E0,-2.E-1,-2.243E0));
#5951=VERTEX_POINT('',#5950);
#5952=CARTESIAN_POINT('',(-3.415E0,2.E-1,-2.243E0));
#5953=VERTEX_POINT('',#5952);
#5954=CARTESIAN_POINT('',(3.3E0,-2.E-1,-4.36E0));
#5955=CARTESIAN_POINT('',(3.39E0,-2.E-1,-3.860001315281E0));
#5956=VERTEX_POINT('',#5954);
#5957=VERTEX_POINT('',#5955);
#5958=CARTESIAN_POINT('',(3.39E0,-2.E-1,-3.200001315281E0));
#5959=VERTEX_POINT('',#5958);
#5960=CARTESIAN_POINT('',(3.306697962032E0,-2.E-1,-3.078678191590E0));
#5961=VERTEX_POINT('',#5960);
#5962=CARTESIAN_POINT('',(3.285734543520E0,-2.E-1,-3.070609252282E0));
#5963=VERTEX_POINT('',#5962);
#5964=CARTESIAN_POINT('',(3.3E0,2.E-1,-4.36E0));
#5965=CARTESIAN_POINT('',(3.39E0,2.E-1,-3.860001315281E0));
#5966=VERTEX_POINT('',#5964);
#5967=VERTEX_POINT('',#5965);
#5968=CARTESIAN_POINT('',(3.39E0,2.E-1,-3.200001315281E0));
#5969=VERTEX_POINT('',#5968);
#5970=CARTESIAN_POINT('',(3.306697962032E0,2.E-1,-3.078678191590E0));
#5971=VERTEX_POINT('',#5970);
#5972=CARTESIAN_POINT('',(3.285734543520E0,2.E-1,-3.070609252282E0));
#5973=VERTEX_POINT('',#5972);
#5974=CARTESIAN_POINT('',(3.149265481463E0,-2.E-1,-2.638126867761E0));
#5975=CARTESIAN_POINT('',(3.149265481463E0,2.E-1,-2.638126867761E0));
#5976=VERTEX_POINT('',#5974);
#5977=VERTEX_POINT('',#5975);
#5978=CARTESIAN_POINT('',(3.3E0,-2.E-1,-4.65E0));
#5979=CARTESIAN_POINT('',(3.415410622540E0,-2.E-1,-4.65E0));
#5980=VERTEX_POINT('',#5978);
#5981=VERTEX_POINT('',#5979);
#5982=CARTESIAN_POINT('',(3.3E0,2.E-1,-4.65E0));
#5983=CARTESIAN_POINT('',(3.415410622540E0,2.E-1,-4.65E0));
#5984=VERTEX_POINT('',#5982);
#5985=VERTEX_POINT('',#5983);
#5986=CARTESIAN_POINT('',(3.415410622540E0,-2.E-1,-2.242389435746E0));
#5987=VERTEX_POINT('',#5986);
#5988=CARTESIAN_POINT('',(3.415410622540E0,2.E-1,-2.242389435746E0));
#5989=VERTEX_POINT('',#5988);
#5990=CARTESIAN_POINT('',(-2.65E0,-6.5E-1,-6.469459057150E-1));
#5991=CARTESIAN_POINT('',(-2.65E0,-6.5E-1,-8.804040840745E-1));
#5992=VERTEX_POINT('',#5990);
#5993=VERTEX_POINT('',#5991);
#5994=CARTESIAN_POINT('',(2.65E0,-6.5E-1,-6.469459057150E-1));
#5995=CARTESIAN_POINT('',(2.65E0,-6.5E-1,-8.804040840745E-1));
#5996=VERTEX_POINT('',#5994);
#5997=VERTEX_POINT('',#5995);
#5998=CARTESIAN_POINT('',(-2.65E0,-5.817113577471E-1,-6.805421619178E-1));
#5999=VERTEX_POINT('',#5998);
#6000=CARTESIAN_POINT('',(-2.65E0,-5.300000099733E-1,-1.002828578347E0));
#6001=VERTEX_POINT('',#6000);
#6002=CARTESIAN_POINT('',(2.65E0,-5.817113577471E-1,-6.805421619178E-1));
#6003=VERTEX_POINT('',#6002);
#6004=CARTESIAN_POINT('',(2.65E0,-5.300000099733E-1,-1.002828578347E0));
#6005=VERTEX_POINT('',#6004);
#6006=CARTESIAN_POINT('',(-2.65E0,6.5E-1,-6.469459057150E-1));
#6007=CARTESIAN_POINT('',(-2.65E0,6.5E-1,-8.804040840745E-1));
#6008=VERTEX_POINT('',#6006);
#6009=VERTEX_POINT('',#6007);
#6010=CARTESIAN_POINT('',(2.65E0,6.5E-1,-6.469459057150E-1));
#6011=CARTESIAN_POINT('',(2.65E0,6.5E-1,-8.804040840745E-1));
#6012=VERTEX_POINT('',#6010);
#6013=VERTEX_POINT('',#6011);
#6014=CARTESIAN_POINT('',(-2.65E0,5.300000099733E-1,-1.002828578347E0));
#6015=VERTEX_POINT('',#6014);
#6016=CARTESIAN_POINT('',(-2.65E0,5.817113577471E-1,-6.805421619178E-1));
#6017=VERTEX_POINT('',#6016);
#6018=CARTESIAN_POINT('',(2.65E0,5.300000099733E-1,-1.002828578347E0));
#6019=VERTEX_POINT('',#6018);
#6020=CARTESIAN_POINT('',(2.65E0,5.817113577471E-1,-6.805421619178E-1));
#6021=VERTEX_POINT('',#6020);
#6022=CARTESIAN_POINT('',(-1.75E0,5.817113577471E-1,-6.805421619178E-1));
#6023=VERTEX_POINT('',#6022);
#6024=CARTESIAN_POINT('',(-2.65E-1,5.817113577471E-1,-6.805421619178E-1));
#6025=CARTESIAN_POINT('',(2.65E-1,5.817113577471E-1,-6.805421619178E-1));
#6026=VERTEX_POINT('',#6024);
#6027=VERTEX_POINT('',#6025);
#6028=CARTESIAN_POINT('',(-1.75E0,5.300000099733E-1,-1.002828578347E0));
#6029=VERTEX_POINT('',#6028);
#6030=CARTESIAN_POINT('',(-2.65E-1,5.300000099733E-1,-1.002828578347E0));
#6031=CARTESIAN_POINT('',(2.65E-1,5.300000099733E-1,-1.002828578347E0));
#6032=VERTEX_POINT('',#6030);
#6033=VERTEX_POINT('',#6031);
#6034=CARTESIAN_POINT('',(-1.75E0,6.5E-1,-8.804040840745E-1));
#6035=VERTEX_POINT('',#6034);
#6036=CARTESIAN_POINT('',(-2.65E-1,6.5E-1,-8.804040840745E-1));
#6037=CARTESIAN_POINT('',(2.65E-1,6.5E-1,-8.804040840745E-1));
#6038=VERTEX_POINT('',#6036);
#6039=VERTEX_POINT('',#6037);
#6040=CARTESIAN_POINT('',(-1.75E0,6.5E-1,-6.469459057150E-1));
#6041=VERTEX_POINT('',#6040);
#6042=CARTESIAN_POINT('',(-2.65E-1,6.5E-1,-6.469459057150E-1));
#6043=CARTESIAN_POINT('',(2.65E-1,6.5E-1,-6.469459057150E-1));
#6044=VERTEX_POINT('',#6042);
#6045=VERTEX_POINT('',#6043);
#6046=CARTESIAN_POINT('',(1.75E0,5.300000099733E-1,-1.002828578347E0));
#6047=CARTESIAN_POINT('',(1.75E0,5.817113577471E-1,-6.805421619178E-1));
#6048=VERTEX_POINT('',#6046);
#6049=VERTEX_POINT('',#6047);
#6050=CARTESIAN_POINT('',(1.75E0,6.5E-1,-8.804040840745E-1));
#6051=VERTEX_POINT('',#6050);
#6052=CARTESIAN_POINT('',(1.75E0,6.5E-1,-6.469459057150E-1));
#6053=VERTEX_POINT('',#6052);
#6054=CARTESIAN_POINT('',(-2.65E-1,-5.817113577471E-1,-6.805421619178E-1));
#6055=CARTESIAN_POINT('',(-2.65E-1,-5.300000099733E-1,-1.002828578347E0));
#6056=VERTEX_POINT('',#6054);
#6057=VERTEX_POINT('',#6055);
#6058=CARTESIAN_POINT('',(-1.75E0,-5.300000099733E-1,-1.002828578347E0));
#6059=CARTESIAN_POINT('',(-1.75E0,-5.817113577471E-1,-6.805421619178E-1));
#6060=VERTEX_POINT('',#6058);
#6061=VERTEX_POINT('',#6059);
#6062=CARTESIAN_POINT('',(1.75E0,-5.817113577471E-1,-6.805421619178E-1));
#6063=CARTESIAN_POINT('',(1.75E0,-5.300000099733E-1,-1.002828578347E0));
#6064=VERTEX_POINT('',#6062);
#6065=VERTEX_POINT('',#6063);
#6066=CARTESIAN_POINT('',(2.65E-1,-5.300000099733E-1,-1.002828578347E0));
#6067=CARTESIAN_POINT('',(2.65E-1,-5.817113577471E-1,-6.805421619178E-1));
#6068=VERTEX_POINT('',#6066);
#6069=VERTEX_POINT('',#6067);
#6070=CARTESIAN_POINT('',(-2.65E-1,-6.5E-1,-6.469459057150E-1));
#6071=VERTEX_POINT('',#6070);
#6072=CARTESIAN_POINT('',(-1.75E0,-6.5E-1,-6.469459057150E-1));
#6073=VERTEX_POINT('',#6072);
#6074=CARTESIAN_POINT('',(1.75E0,-6.5E-1,-6.469459057150E-1));
#6075=VERTEX_POINT('',#6074);
#6076=CARTESIAN_POINT('',(2.65E-1,-6.5E-1,-6.469459057150E-1));
#6077=VERTEX_POINT('',#6076);
#6078=CARTESIAN_POINT('',(-2.65E-1,-6.5E-1,-8.804040840745E-1));
#6079=VERTEX_POINT('',#6078);
#6080=CARTESIAN_POINT('',(-1.75E0,-6.5E-1,-8.804040840745E-1));
#6081=VERTEX_POINT('',#6080);
#6082=CARTESIAN_POINT('',(1.75E0,-6.5E-1,-8.804040840745E-1));
#6083=VERTEX_POINT('',#6082);
#6084=CARTESIAN_POINT('',(2.65E-1,-6.5E-1,-8.804040840745E-1));
#6085=VERTEX_POINT('',#6084);
#6086=CARTESIAN_POINT('',(-2.85E0,-4.E-1,-2.235617674039E0));
#6087=CARTESIAN_POINT('',(-2.85E0,-4.E-1,-4.049617674039E0));
#6088=VERTEX_POINT('',#6086);
#6089=VERTEX_POINT('',#6087);
#6090=CARTESIAN_POINT('',(-2.65E0,-4.E-1,-2.235617674039E0));
#6091=CARTESIAN_POINT('',(-2.65E0,-4.E-1,-4.049617674039E0));
#6092=VERTEX_POINT('',#6090);
#6093=VERTEX_POINT('',#6091);
#6094=CARTESIAN_POINT('',(-2.85E0,-2.662929522987E-1,-2.960661157698E0));
#6095=CARTESIAN_POINT('',(-2.85E0,-2.082483808991E-1,-2.858675324459E0));
#6096=VERTEX_POINT('',#6094);
#6097=VERTEX_POINT('',#6095);
#6098=CARTESIAN_POINT('',(-2.85E0,-1.849518244714E-1,-2.441237098587E0));
#6099=VERTEX_POINT('',#6098);
#6100=CARTESIAN_POINT('',(-2.85E0,1.883438934135E-1,-2.438048278359E0));
#6101=CARTESIAN_POINT('',(-2.85E0,2.082630863338E-1,-2.858686537357E0));
#6102=VERTEX_POINT('',#6100);
#6103=VERTEX_POINT('',#6101);
#6104=CARTESIAN_POINT('',(-2.85E0,2.661976016257E-1,-2.959689701677E0));
#6105=VERTEX_POINT('',#6104);
#6106=CARTESIAN_POINT('',(-2.65E0,-2.662929522987E-1,-2.960661157698E0));
#6107=CARTESIAN_POINT('',(-2.65E0,-2.082483808991E-1,-2.858675324459E0));
#6108=VERTEX_POINT('',#6106);
#6109=VERTEX_POINT('',#6107);
#6110=CARTESIAN_POINT('',(-2.65E0,-1.849518244714E-1,-2.441237098587E0));
#6111=VERTEX_POINT('',#6110);
#6112=CARTESIAN_POINT('',(-2.65E0,1.883438934135E-1,-2.438048278359E0));
#6113=CARTESIAN_POINT('',(-2.65E0,2.082630863338E-1,-2.858686537357E0));
#6114=VERTEX_POINT('',#6112);
#6115=VERTEX_POINT('',#6113);
#6116=CARTESIAN_POINT('',(-2.65E0,2.661976016257E-1,-2.959689701677E0));
#6117=VERTEX_POINT('',#6116);
#6118=CARTESIAN_POINT('',(-2.85E0,4.E-1,-2.242422786931E0));
#6119=CARTESIAN_POINT('',(-2.85E0,4.E-1,-4.049422786931E0));
#6120=VERTEX_POINT('',#6118);
#6121=VERTEX_POINT('',#6119);
#6122=CARTESIAN_POINT('',(-2.65E0,4.E-1,-2.242422786931E0));
#6123=CARTESIAN_POINT('',(-2.65E0,4.E-1,-4.049422786931E0));
#6124=VERTEX_POINT('',#6122);
#6125=VERTEX_POINT('',#6123);
#6126=CARTESIAN_POINT('',(-2.35E0,-2.662929522987E-1,-2.960661157698E0));
#6127=CARTESIAN_POINT('',(-2.35E0,-2.082483808991E-1,-2.858675324459E0));
#6128=VERTEX_POINT('',#6126);
#6129=VERTEX_POINT('',#6127);
#6130=CARTESIAN_POINT('',(-2.35E0,-1.849518244714E-1,-2.441237098587E0));
#6131=VERTEX_POINT('',#6130);
#6132=CARTESIAN_POINT('',(-2.35E0,1.883438934135E-1,-2.438048278359E0));
#6133=CARTESIAN_POINT('',(-2.35E0,2.082630863338E-1,-2.858686537357E0));
#6134=VERTEX_POINT('',#6132);
#6135=VERTEX_POINT('',#6133);
#6136=CARTESIAN_POINT('',(-2.35E0,2.661976016257E-1,-2.959689701677E0));
#6137=VERTEX_POINT('',#6136);
#6138=CARTESIAN_POINT('',(-2.15E0,-2.662929522987E-1,-2.960661157698E0));
#6139=CARTESIAN_POINT('',(-2.15E0,-2.082483808991E-1,-2.858675324459E0));
#6140=VERTEX_POINT('',#6138);
#6141=VERTEX_POINT('',#6139);
#6142=CARTESIAN_POINT('',(-2.15E0,-1.849518244714E-1,-2.441237098587E0));
#6143=VERTEX_POINT('',#6142);
#6144=CARTESIAN_POINT('',(-2.15E0,1.883438934135E-1,-2.438048278359E0));
#6145=CARTESIAN_POINT('',(-2.15E0,2.082630863338E-1,-2.858686537357E0));
#6146=VERTEX_POINT('',#6144);
#6147=VERTEX_POINT('',#6145);
#6148=CARTESIAN_POINT('',(-2.15E0,2.661976016257E-1,-2.959689701677E0));
#6149=VERTEX_POINT('',#6148);
#6150=CARTESIAN_POINT('',(-2.35E0,-4.E-1,-2.235617674039E0));
#6151=CARTESIAN_POINT('',(-2.35E0,-4.E-1,-4.049617674039E0));
#6152=VERTEX_POINT('',#6150);
#6153=VERTEX_POINT('',#6151);
#6154=CARTESIAN_POINT('',(-2.15E0,-4.E-1,-2.235617674039E0));
#6155=CARTESIAN_POINT('',(-2.15E0,-4.E-1,-4.049617674039E0));
#6156=VERTEX_POINT('',#6154);
#6157=VERTEX_POINT('',#6155);
#6158=CARTESIAN_POINT('',(-2.35E0,4.E-1,-2.242422786931E0));
#6159=CARTESIAN_POINT('',(-2.35E0,4.E-1,-4.049422786931E0));
#6160=VERTEX_POINT('',#6158);
#6161=VERTEX_POINT('',#6159);
#6162=CARTESIAN_POINT('',(-2.15E0,4.E-1,-2.242422786931E0));
#6163=CARTESIAN_POINT('',(-2.15E0,4.E-1,-4.049422786931E0));
#6164=VERTEX_POINT('',#6162);
#6165=VERTEX_POINT('',#6163);
#6166=CARTESIAN_POINT('',(-1.85E0,-2.662929522987E-1,-2.960661157698E0));
#6167=CARTESIAN_POINT('',(-1.85E0,-2.082483808991E-1,-2.858675324459E0));
#6168=VERTEX_POINT('',#6166);
#6169=VERTEX_POINT('',#6167);
#6170=CARTESIAN_POINT('',(-1.85E0,-1.849518244714E-1,-2.441237098587E0));
#6171=VERTEX_POINT('',#6170);
#6172=CARTESIAN_POINT('',(-1.85E0,1.883438934135E-1,-2.438048278359E0));
#6173=CARTESIAN_POINT('',(-1.85E0,2.082630863338E-1,-2.858686537357E0));
#6174=VERTEX_POINT('',#6172);
#6175=VERTEX_POINT('',#6173);
#6176=CARTESIAN_POINT('',(-1.85E0,2.661976016257E-1,-2.959689701677E0));
#6177=VERTEX_POINT('',#6176);
#6178=CARTESIAN_POINT('',(-1.65E0,-2.662929522987E-1,-2.960661157698E0));
#6179=CARTESIAN_POINT('',(-1.65E0,-2.082483808991E-1,-2.858675324459E0));
#6180=VERTEX_POINT('',#6178);
#6181=VERTEX_POINT('',#6179);
#6182=CARTESIAN_POINT('',(-1.65E0,-1.849518244714E-1,-2.441237098587E0));
#6183=VERTEX_POINT('',#6182);
#6184=CARTESIAN_POINT('',(-1.65E0,1.883438934135E-1,-2.438048278359E0));
#6185=CARTESIAN_POINT('',(-1.65E0,2.082630863338E-1,-2.858686537357E0));
#6186=VERTEX_POINT('',#6184);
#6187=VERTEX_POINT('',#6185);
#6188=CARTESIAN_POINT('',(-1.65E0,2.661976016257E-1,-2.959689701677E0));
#6189=VERTEX_POINT('',#6188);
#6190=CARTESIAN_POINT('',(-1.85E0,-4.E-1,-2.235617674039E0));
#6191=CARTESIAN_POINT('',(-1.85E0,-4.E-1,-4.049617674039E0));
#6192=VERTEX_POINT('',#6190);
#6193=VERTEX_POINT('',#6191);
#6194=CARTESIAN_POINT('',(-1.65E0,-4.E-1,-2.235617674039E0));
#6195=CARTESIAN_POINT('',(-1.65E0,-4.E-1,-4.049617674039E0));
#6196=VERTEX_POINT('',#6194);
#6197=VERTEX_POINT('',#6195);
#6198=CARTESIAN_POINT('',(-1.85E0,4.E-1,-2.242422786931E0));
#6199=CARTESIAN_POINT('',(-1.85E0,4.E-1,-4.049422786931E0));
#6200=VERTEX_POINT('',#6198);
#6201=VERTEX_POINT('',#6199);
#6202=CARTESIAN_POINT('',(-1.65E0,4.E-1,-2.242422786931E0));
#6203=CARTESIAN_POINT('',(-1.65E0,4.E-1,-4.049422786931E0));
#6204=VERTEX_POINT('',#6202);
#6205=VERTEX_POINT('',#6203);
#6206=CARTESIAN_POINT('',(-1.35E0,-2.662929522987E-1,-2.960661157698E0));
#6207=CARTESIAN_POINT('',(-1.35E0,-2.082483808991E-1,-2.858675324459E0));
#6208=VERTEX_POINT('',#6206);
#6209=VERTEX_POINT('',#6207);
#6210=CARTESIAN_POINT('',(-1.35E0,-1.849518244714E-1,-2.441237098587E0));
#6211=VERTEX_POINT('',#6210);
#6212=CARTESIAN_POINT('',(-1.35E0,1.883438934135E-1,-2.438048278359E0));
#6213=CARTESIAN_POINT('',(-1.35E0,2.082630863338E-1,-2.858686537357E0));
#6214=VERTEX_POINT('',#6212);
#6215=VERTEX_POINT('',#6213);
#6216=CARTESIAN_POINT('',(-1.35E0,2.661976016257E-1,-2.959689701677E0));
#6217=VERTEX_POINT('',#6216);
#6218=CARTESIAN_POINT('',(-1.15E0,-2.662929522987E-1,-2.960661157698E0));
#6219=CARTESIAN_POINT('',(-1.15E0,-2.082483808991E-1,-2.858675324459E0));
#6220=VERTEX_POINT('',#6218);
#6221=VERTEX_POINT('',#6219);
#6222=CARTESIAN_POINT('',(-1.15E0,-1.849518244714E-1,-2.441237098587E0));
#6223=VERTEX_POINT('',#6222);
#6224=CARTESIAN_POINT('',(-1.15E0,1.883438934135E-1,-2.438048278359E0));
#6225=CARTESIAN_POINT('',(-1.15E0,2.082630863338E-1,-2.858686537357E0));
#6226=VERTEX_POINT('',#6224);
#6227=VERTEX_POINT('',#6225);
#6228=CARTESIAN_POINT('',(-1.15E0,2.661976016257E-1,-2.959689701677E0));
#6229=VERTEX_POINT('',#6228);
#6230=CARTESIAN_POINT('',(-1.35E0,-4.E-1,-2.235617674039E0));
#6231=CARTESIAN_POINT('',(-1.35E0,-4.E-1,-4.049617674039E0));
#6232=VERTEX_POINT('',#6230);
#6233=VERTEX_POINT('',#6231);
#6234=CARTESIAN_POINT('',(-1.15E0,-4.E-1,-2.235617674039E0));
#6235=CARTESIAN_POINT('',(-1.15E0,-4.E-1,-4.049617674039E0));
#6236=VERTEX_POINT('',#6234);
#6237=VERTEX_POINT('',#6235);
#6238=CARTESIAN_POINT('',(-1.35E0,4.E-1,-2.242422786931E0));
#6239=CARTESIAN_POINT('',(-1.35E0,4.E-1,-4.049422786931E0));
#6240=VERTEX_POINT('',#6238);
#6241=VERTEX_POINT('',#6239);
#6242=CARTESIAN_POINT('',(-1.15E0,4.E-1,-2.242422786931E0));
#6243=CARTESIAN_POINT('',(-1.15E0,4.E-1,-4.049422786931E0));
#6244=VERTEX_POINT('',#6242);
#6245=VERTEX_POINT('',#6243);
#6246=CARTESIAN_POINT('',(-8.5E-1,-2.662929522987E-1,-2.960661157698E0));
#6247=CARTESIAN_POINT('',(-8.5E-1,-2.082483808991E-1,-2.858675324459E0));
#6248=VERTEX_POINT('',#6246);
#6249=VERTEX_POINT('',#6247);
#6250=CARTESIAN_POINT('',(-8.5E-1,-1.849518244714E-1,-2.441237098587E0));
#6251=VERTEX_POINT('',#6250);
#6252=CARTESIAN_POINT('',(-8.5E-1,1.883438934135E-1,-2.438048278359E0));
#6253=CARTESIAN_POINT('',(-8.5E-1,2.082630863338E-1,-2.858686537357E0));
#6254=VERTEX_POINT('',#6252);
#6255=VERTEX_POINT('',#6253);
#6256=CARTESIAN_POINT('',(-8.5E-1,2.661976016257E-1,-2.959689701677E0));
#6257=VERTEX_POINT('',#6256);
#6258=CARTESIAN_POINT('',(-6.5E-1,-2.662929522987E-1,-2.960661157698E0));
#6259=CARTESIAN_POINT('',(-6.5E-1,-2.082483808991E-1,-2.858675324459E0));
#6260=VERTEX_POINT('',#6258);
#6261=VERTEX_POINT('',#6259);
#6262=CARTESIAN_POINT('',(-6.5E-1,-1.849518244714E-1,-2.441237098587E0));
#6263=VERTEX_POINT('',#6262);
#6264=CARTESIAN_POINT('',(-6.5E-1,1.883438934135E-1,-2.438048278359E0));
#6265=CARTESIAN_POINT('',(-6.5E-1,2.082630863338E-1,-2.858686537357E0));
#6266=VERTEX_POINT('',#6264);
#6267=VERTEX_POINT('',#6265);
#6268=CARTESIAN_POINT('',(-6.5E-1,2.661976016257E-1,-2.959689701677E0));
#6269=VERTEX_POINT('',#6268);
#6270=CARTESIAN_POINT('',(-8.5E-1,-4.E-1,-2.235617674039E0));
#6271=CARTESIAN_POINT('',(-8.5E-1,-4.E-1,-4.049617674039E0));
#6272=VERTEX_POINT('',#6270);
#6273=VERTEX_POINT('',#6271);
#6274=CARTESIAN_POINT('',(-6.5E-1,-4.E-1,-2.235617674039E0));
#6275=CARTESIAN_POINT('',(-6.5E-1,-4.E-1,-4.049617674039E0));
#6276=VERTEX_POINT('',#6274);
#6277=VERTEX_POINT('',#6275);
#6278=CARTESIAN_POINT('',(-8.5E-1,4.E-1,-2.242422786931E0));
#6279=CARTESIAN_POINT('',(-8.5E-1,4.E-1,-4.049422786931E0));
#6280=VERTEX_POINT('',#6278);
#6281=VERTEX_POINT('',#6279);
#6282=CARTESIAN_POINT('',(-6.5E-1,4.E-1,-2.242422786931E0));
#6283=CARTESIAN_POINT('',(-6.5E-1,4.E-1,-4.049422786931E0));
#6284=VERTEX_POINT('',#6282);
#6285=VERTEX_POINT('',#6283);
#6286=CARTESIAN_POINT('',(-3.5E-1,-2.662929522987E-1,-2.960661157698E0));
#6287=CARTESIAN_POINT('',(-3.5E-1,-2.082483808991E-1,-2.858675324459E0));
#6288=VERTEX_POINT('',#6286);
#6289=VERTEX_POINT('',#6287);
#6290=CARTESIAN_POINT('',(-3.5E-1,-1.849518244714E-1,-2.441237098587E0));
#6291=VERTEX_POINT('',#6290);
#6292=CARTESIAN_POINT('',(-3.5E-1,1.883438934135E-1,-2.438048278359E0));
#6293=CARTESIAN_POINT('',(-3.5E-1,2.082630863338E-1,-2.858686537357E0));
#6294=VERTEX_POINT('',#6292);
#6295=VERTEX_POINT('',#6293);
#6296=CARTESIAN_POINT('',(-3.5E-1,2.661976016257E-1,-2.959689701677E0));
#6297=VERTEX_POINT('',#6296);
#6298=CARTESIAN_POINT('',(-1.5E-1,-2.662929522987E-1,-2.960661157698E0));
#6299=CARTESIAN_POINT('',(-1.5E-1,-2.082483808991E-1,-2.858675324459E0));
#6300=VERTEX_POINT('',#6298);
#6301=VERTEX_POINT('',#6299);
#6302=CARTESIAN_POINT('',(-1.5E-1,-1.849518244714E-1,-2.441237098587E0));
#6303=VERTEX_POINT('',#6302);
#6304=CARTESIAN_POINT('',(-1.5E-1,1.883438934135E-1,-2.438048278359E0));
#6305=CARTESIAN_POINT('',(-1.5E-1,2.082630863338E-1,-2.858686537357E0));
#6306=VERTEX_POINT('',#6304);
#6307=VERTEX_POINT('',#6305);
#6308=CARTESIAN_POINT('',(-1.5E-1,2.661976016257E-1,-2.959689701677E0));
#6309=VERTEX_POINT('',#6308);
#6310=CARTESIAN_POINT('',(-3.5E-1,-4.E-1,-2.235617674039E0));
#6311=CARTESIAN_POINT('',(-3.5E-1,-4.E-1,-4.049617674039E0));
#6312=VERTEX_POINT('',#6310);
#6313=VERTEX_POINT('',#6311);
#6314=CARTESIAN_POINT('',(-1.5E-1,-4.E-1,-2.235617674039E0));
#6315=CARTESIAN_POINT('',(-1.5E-1,-4.E-1,-4.049617674039E0));
#6316=VERTEX_POINT('',#6314);
#6317=VERTEX_POINT('',#6315);
#6318=CARTESIAN_POINT('',(-3.5E-1,4.E-1,-2.242422786931E0));
#6319=CARTESIAN_POINT('',(-3.5E-1,4.E-1,-4.049422786931E0));
#6320=VERTEX_POINT('',#6318);
#6321=VERTEX_POINT('',#6319);
#6322=CARTESIAN_POINT('',(-1.5E-1,4.E-1,-2.242422786931E0));
#6323=CARTESIAN_POINT('',(-1.5E-1,4.E-1,-4.049422786931E0));
#6324=VERTEX_POINT('',#6322);
#6325=VERTEX_POINT('',#6323);
#6326=CARTESIAN_POINT('',(1.5E-1,-2.662929522987E-1,-2.960661157698E0));
#6327=CARTESIAN_POINT('',(1.5E-1,-2.082483808991E-1,-2.858675324459E0));
#6328=VERTEX_POINT('',#6326);
#6329=VERTEX_POINT('',#6327);
#6330=CARTESIAN_POINT('',(1.5E-1,-1.849518244714E-1,-2.441237098587E0));
#6331=VERTEX_POINT('',#6330);
#6332=CARTESIAN_POINT('',(1.5E-1,1.883438934135E-1,-2.438048278359E0));
#6333=CARTESIAN_POINT('',(1.5E-1,2.082630863338E-1,-2.858686537357E0));
#6334=VERTEX_POINT('',#6332);
#6335=VERTEX_POINT('',#6333);
#6336=CARTESIAN_POINT('',(1.5E-1,2.661976016257E-1,-2.959689701677E0));
#6337=VERTEX_POINT('',#6336);
#6338=CARTESIAN_POINT('',(3.5E-1,-2.662929522987E-1,-2.960661157698E0));
#6339=CARTESIAN_POINT('',(3.5E-1,-2.082483808991E-1,-2.858675324459E0));
#6340=VERTEX_POINT('',#6338);
#6341=VERTEX_POINT('',#6339);
#6342=CARTESIAN_POINT('',(3.5E-1,-1.849518244714E-1,-2.441237098587E0));
#6343=VERTEX_POINT('',#6342);
#6344=CARTESIAN_POINT('',(3.5E-1,1.883438934135E-1,-2.438048278359E0));
#6345=CARTESIAN_POINT('',(3.5E-1,2.082630863338E-1,-2.858686537357E0));
#6346=VERTEX_POINT('',#6344);
#6347=VERTEX_POINT('',#6345);
#6348=CARTESIAN_POINT('',(3.5E-1,2.661976016257E-1,-2.959689701677E0));
#6349=VERTEX_POINT('',#6348);
#6350=CARTESIAN_POINT('',(1.5E-1,-4.E-1,-2.235617674039E0));
#6351=CARTESIAN_POINT('',(1.5E-1,-4.E-1,-4.049617674039E0));
#6352=VERTEX_POINT('',#6350);
#6353=VERTEX_POINT('',#6351);
#6354=CARTESIAN_POINT('',(3.5E-1,-4.E-1,-2.235617674039E0));
#6355=CARTESIAN_POINT('',(3.5E-1,-4.E-1,-4.049617674039E0));
#6356=VERTEX_POINT('',#6354);
#6357=VERTEX_POINT('',#6355);
#6358=CARTESIAN_POINT('',(1.5E-1,4.E-1,-2.242422786931E0));
#6359=CARTESIAN_POINT('',(1.5E-1,4.E-1,-4.049422786931E0));
#6360=VERTEX_POINT('',#6358);
#6361=VERTEX_POINT('',#6359);
#6362=CARTESIAN_POINT('',(3.5E-1,4.E-1,-2.242422786931E0));
#6363=CARTESIAN_POINT('',(3.5E-1,4.E-1,-4.049422786931E0));
#6364=VERTEX_POINT('',#6362);
#6365=VERTEX_POINT('',#6363);
#6366=CARTESIAN_POINT('',(6.5E-1,-2.662929522987E-1,-2.960661157698E0));
#6367=CARTESIAN_POINT('',(6.5E-1,-2.082483808991E-1,-2.858675324459E0));
#6368=VERTEX_POINT('',#6366);
#6369=VERTEX_POINT('',#6367);
#6370=CARTESIAN_POINT('',(6.5E-1,-1.849518244714E-1,-2.441237098587E0));
#6371=VERTEX_POINT('',#6370);
#6372=CARTESIAN_POINT('',(6.5E-1,1.883438934135E-1,-2.438048278359E0));
#6373=CARTESIAN_POINT('',(6.5E-1,2.082630863338E-1,-2.858686537357E0));
#6374=VERTEX_POINT('',#6372);
#6375=VERTEX_POINT('',#6373);
#6376=CARTESIAN_POINT('',(6.5E-1,2.661976016257E-1,-2.959689701677E0));
#6377=VERTEX_POINT('',#6376);
#6378=CARTESIAN_POINT('',(8.5E-1,-2.662929522987E-1,-2.960661157698E0));
#6379=CARTESIAN_POINT('',(8.5E-1,-2.082483808991E-1,-2.858675324459E0));
#6380=VERTEX_POINT('',#6378);
#6381=VERTEX_POINT('',#6379);
#6382=CARTESIAN_POINT('',(8.5E-1,-1.849518244714E-1,-2.441237098587E0));
#6383=VERTEX_POINT('',#6382);
#6384=CARTESIAN_POINT('',(8.5E-1,1.883438934135E-1,-2.438048278359E0));
#6385=CARTESIAN_POINT('',(8.5E-1,2.082630863338E-1,-2.858686537357E0));
#6386=VERTEX_POINT('',#6384);
#6387=VERTEX_POINT('',#6385);
#6388=CARTESIAN_POINT('',(8.5E-1,2.661976016257E-1,-2.959689701677E0));
#6389=VERTEX_POINT('',#6388);
#6390=CARTESIAN_POINT('',(6.5E-1,-4.E-1,-2.235617674039E0));
#6391=CARTESIAN_POINT('',(6.5E-1,-4.E-1,-4.049617674039E0));
#6392=VERTEX_POINT('',#6390);
#6393=VERTEX_POINT('',#6391);
#6394=CARTESIAN_POINT('',(8.5E-1,-4.E-1,-2.235617674039E0));
#6395=CARTESIAN_POINT('',(8.5E-1,-4.E-1,-4.049617674039E0));
#6396=VERTEX_POINT('',#6394);
#6397=VERTEX_POINT('',#6395);
#6398=CARTESIAN_POINT('',(6.5E-1,4.E-1,-2.242422786931E0));
#6399=CARTESIAN_POINT('',(6.5E-1,4.E-1,-4.049422786931E0));
#6400=VERTEX_POINT('',#6398);
#6401=VERTEX_POINT('',#6399);
#6402=CARTESIAN_POINT('',(8.5E-1,4.E-1,-2.242422786931E0));
#6403=CARTESIAN_POINT('',(8.5E-1,4.E-1,-4.049422786931E0));
#6404=VERTEX_POINT('',#6402);
#6405=VERTEX_POINT('',#6403);
#6406=CARTESIAN_POINT('',(1.15E0,-2.662929522987E-1,-2.960661157698E0));
#6407=CARTESIAN_POINT('',(1.15E0,-2.082483808991E-1,-2.858675324459E0));
#6408=VERTEX_POINT('',#6406);
#6409=VERTEX_POINT('',#6407);
#6410=CARTESIAN_POINT('',(1.15E0,-1.849518244714E-1,-2.441237098587E0));
#6411=VERTEX_POINT('',#6410);
#6412=CARTESIAN_POINT('',(1.15E0,1.883438934135E-1,-2.438048278359E0));
#6413=CARTESIAN_POINT('',(1.15E0,2.082630863338E-1,-2.858686537357E0));
#6414=VERTEX_POINT('',#6412);
#6415=VERTEX_POINT('',#6413);
#6416=CARTESIAN_POINT('',(1.15E0,2.661976016257E-1,-2.959689701677E0));
#6417=VERTEX_POINT('',#6416);
#6418=CARTESIAN_POINT('',(1.35E0,-2.662929522987E-1,-2.960661157698E0));
#6419=CARTESIAN_POINT('',(1.35E0,-2.082483808991E-1,-2.858675324459E0));
#6420=VERTEX_POINT('',#6418);
#6421=VERTEX_POINT('',#6419);
#6422=CARTESIAN_POINT('',(1.35E0,-1.849518244714E-1,-2.441237098587E0));
#6423=VERTEX_POINT('',#6422);
#6424=CARTESIAN_POINT('',(1.35E0,1.883438934135E-1,-2.438048278359E0));
#6425=CARTESIAN_POINT('',(1.35E0,2.082630863338E-1,-2.858686537357E0));
#6426=VERTEX_POINT('',#6424);
#6427=VERTEX_POINT('',#6425);
#6428=CARTESIAN_POINT('',(1.35E0,2.661976016257E-1,-2.959689701677E0));
#6429=VERTEX_POINT('',#6428);
#6430=CARTESIAN_POINT('',(1.15E0,-4.E-1,-2.235617674039E0));
#6431=CARTESIAN_POINT('',(1.15E0,-4.E-1,-4.049617674039E0));
#6432=VERTEX_POINT('',#6430);
#6433=VERTEX_POINT('',#6431);
#6434=CARTESIAN_POINT('',(1.35E0,-4.E-1,-2.235617674039E0));
#6435=CARTESIAN_POINT('',(1.35E0,-4.E-1,-4.049617674039E0));
#6436=VERTEX_POINT('',#6434);
#6437=VERTEX_POINT('',#6435);
#6438=CARTESIAN_POINT('',(1.15E0,4.E-1,-2.242422786931E0));
#6439=CARTESIAN_POINT('',(1.15E0,4.E-1,-4.049422786931E0));
#6440=VERTEX_POINT('',#6438);
#6441=VERTEX_POINT('',#6439);
#6442=CARTESIAN_POINT('',(1.35E0,4.E-1,-2.242422786931E0));
#6443=CARTESIAN_POINT('',(1.35E0,4.E-1,-4.049422786931E0));
#6444=VERTEX_POINT('',#6442);
#6445=VERTEX_POINT('',#6443);
#6446=CARTESIAN_POINT('',(1.65E0,-2.662929522987E-1,-2.960661157698E0));
#6447=CARTESIAN_POINT('',(1.65E0,-2.082483808991E-1,-2.858675324459E0));
#6448=VERTEX_POINT('',#6446);
#6449=VERTEX_POINT('',#6447);
#6450=CARTESIAN_POINT('',(1.65E0,-1.849518244714E-1,-2.441237098587E0));
#6451=VERTEX_POINT('',#6450);
#6452=CARTESIAN_POINT('',(1.65E0,1.883438934135E-1,-2.438048278359E0));
#6453=CARTESIAN_POINT('',(1.65E0,2.082630863338E-1,-2.858686537357E0));
#6454=VERTEX_POINT('',#6452);
#6455=VERTEX_POINT('',#6453);
#6456=CARTESIAN_POINT('',(1.65E0,2.661976016257E-1,-2.959689701677E0));
#6457=VERTEX_POINT('',#6456);
#6458=CARTESIAN_POINT('',(1.85E0,-2.662929522987E-1,-2.960661157698E0));
#6459=CARTESIAN_POINT('',(1.85E0,-2.082483808991E-1,-2.858675324459E0));
#6460=VERTEX_POINT('',#6458);
#6461=VERTEX_POINT('',#6459);
#6462=CARTESIAN_POINT('',(1.85E0,-1.849518244714E-1,-2.441237098587E0));
#6463=VERTEX_POINT('',#6462);
#6464=CARTESIAN_POINT('',(1.85E0,1.883438934135E-1,-2.438048278359E0));
#6465=CARTESIAN_POINT('',(1.85E0,2.082630863338E-1,-2.858686537357E0));
#6466=VERTEX_POINT('',#6464);
#6467=VERTEX_POINT('',#6465);
#6468=CARTESIAN_POINT('',(1.85E0,2.661976016257E-1,-2.959689701677E0));
#6469=VERTEX_POINT('',#6468);
#6470=CARTESIAN_POINT('',(1.65E0,-4.E-1,-2.235617674039E0));
#6471=CARTESIAN_POINT('',(1.65E0,-4.E-1,-4.049617674039E0));
#6472=VERTEX_POINT('',#6470);
#6473=VERTEX_POINT('',#6471);
#6474=CARTESIAN_POINT('',(1.85E0,-4.E-1,-2.235617674039E0));
#6475=CARTESIAN_POINT('',(1.85E0,-4.E-1,-4.049617674039E0));
#6476=VERTEX_POINT('',#6474);
#6477=VERTEX_POINT('',#6475);
#6478=CARTESIAN_POINT('',(1.65E0,4.E-1,-2.242422786931E0));
#6479=CARTESIAN_POINT('',(1.65E0,4.E-1,-4.049422786931E0));
#6480=VERTEX_POINT('',#6478);
#6481=VERTEX_POINT('',#6479);
#6482=CARTESIAN_POINT('',(1.85E0,4.E-1,-2.242422786931E0));
#6483=CARTESIAN_POINT('',(1.85E0,4.E-1,-4.049422786931E0));
#6484=VERTEX_POINT('',#6482);
#6485=VERTEX_POINT('',#6483);
#6486=CARTESIAN_POINT('',(2.15E0,-2.662929522987E-1,-2.960661157698E0));
#6487=CARTESIAN_POINT('',(2.15E0,-2.082483808991E-1,-2.858675324459E0));
#6488=VERTEX_POINT('',#6486);
#6489=VERTEX_POINT('',#6487);
#6490=CARTESIAN_POINT('',(2.15E0,-1.849518244714E-1,-2.441237098587E0));
#6491=VERTEX_POINT('',#6490);
#6492=CARTESIAN_POINT('',(2.15E0,1.883438934135E-1,-2.438048278359E0));
#6493=CARTESIAN_POINT('',(2.15E0,2.082630863338E-1,-2.858686537357E0));
#6494=VERTEX_POINT('',#6492);
#6495=VERTEX_POINT('',#6493);
#6496=CARTESIAN_POINT('',(2.15E0,2.661976016257E-1,-2.959689701677E0));
#6497=VERTEX_POINT('',#6496);
#6498=CARTESIAN_POINT('',(2.35E0,-2.662929522987E-1,-2.960661157698E0));
#6499=CARTESIAN_POINT('',(2.35E0,-2.082483808991E-1,-2.858675324459E0));
#6500=VERTEX_POINT('',#6498);
#6501=VERTEX_POINT('',#6499);
#6502=CARTESIAN_POINT('',(2.35E0,-1.849518244714E-1,-2.441237098587E0));
#6503=VERTEX_POINT('',#6502);
#6504=CARTESIAN_POINT('',(2.35E0,1.883438934135E-1,-2.438048278359E0));
#6505=CARTESIAN_POINT('',(2.35E0,2.082630863338E-1,-2.858686537357E0));
#6506=VERTEX_POINT('',#6504);
#6507=VERTEX_POINT('',#6505);
#6508=CARTESIAN_POINT('',(2.35E0,2.661976016257E-1,-2.959689701677E0));
#6509=VERTEX_POINT('',#6508);
#6510=CARTESIAN_POINT('',(2.15E0,-4.E-1,-2.235617674039E0));
#6511=CARTESIAN_POINT('',(2.15E0,-4.E-1,-4.049617674039E0));
#6512=VERTEX_POINT('',#6510);
#6513=VERTEX_POINT('',#6511);
#6514=CARTESIAN_POINT('',(2.35E0,-4.E-1,-2.235617674039E0));
#6515=CARTESIAN_POINT('',(2.35E0,-4.E-1,-4.049617674039E0));
#6516=VERTEX_POINT('',#6514);
#6517=VERTEX_POINT('',#6515);
#6518=CARTESIAN_POINT('',(2.15E0,4.E-1,-2.242422786931E0));
#6519=CARTESIAN_POINT('',(2.15E0,4.E-1,-4.049422786931E0));
#6520=VERTEX_POINT('',#6518);
#6521=VERTEX_POINT('',#6519);
#6522=CARTESIAN_POINT('',(2.35E0,4.E-1,-2.242422786931E0));
#6523=CARTESIAN_POINT('',(2.35E0,4.E-1,-4.049422786931E0));
#6524=VERTEX_POINT('',#6522);
#6525=VERTEX_POINT('',#6523);
#6526=CARTESIAN_POINT('',(2.65E0,-2.662929522987E-1,-2.960661157698E0));
#6527=CARTESIAN_POINT('',(2.65E0,-2.082483808991E-1,-2.858675324459E0));
#6528=VERTEX_POINT('',#6526);
#6529=VERTEX_POINT('',#6527);
#6530=CARTESIAN_POINT('',(2.65E0,-1.849518244714E-1,-2.441237098587E0));
#6531=VERTEX_POINT('',#6530);
#6532=CARTESIAN_POINT('',(2.65E0,1.883438934135E-1,-2.438048278359E0));
#6533=CARTESIAN_POINT('',(2.65E0,2.082630863338E-1,-2.858686537357E0));
#6534=VERTEX_POINT('',#6532);
#6535=VERTEX_POINT('',#6533);
#6536=CARTESIAN_POINT('',(2.65E0,2.661976016257E-1,-2.959689701677E0));
#6537=VERTEX_POINT('',#6536);
#6538=CARTESIAN_POINT('',(2.85E0,-2.662929522987E-1,-2.960661157698E0));
#6539=CARTESIAN_POINT('',(2.85E0,-2.082483808991E-1,-2.858675324459E0));
#6540=VERTEX_POINT('',#6538);
#6541=VERTEX_POINT('',#6539);
#6542=CARTESIAN_POINT('',(2.85E0,-1.849518244714E-1,-2.441237098587E0));
#6543=VERTEX_POINT('',#6542);
#6544=CARTESIAN_POINT('',(2.85E0,1.883438934135E-1,-2.438048278359E0));
#6545=CARTESIAN_POINT('',(2.85E0,2.082630863338E-1,-2.858686537357E0));
#6546=VERTEX_POINT('',#6544);
#6547=VERTEX_POINT('',#6545);
#6548=CARTESIAN_POINT('',(2.85E0,2.661976016257E-1,-2.959689701677E0));
#6549=VERTEX_POINT('',#6548);
#6550=CARTESIAN_POINT('',(2.65E0,-4.E-1,-2.235617674039E0));
#6551=CARTESIAN_POINT('',(2.65E0,-4.E-1,-4.049617674039E0));
#6552=VERTEX_POINT('',#6550);
#6553=VERTEX_POINT('',#6551);
#6554=CARTESIAN_POINT('',(2.85E0,-4.E-1,-2.235617674039E0));
#6555=CARTESIAN_POINT('',(2.85E0,-4.E-1,-4.049617674039E0));
#6556=VERTEX_POINT('',#6554);
#6557=VERTEX_POINT('',#6555);
#6558=CARTESIAN_POINT('',(2.65E0,4.E-1,-2.242422786931E0));
#6559=CARTESIAN_POINT('',(2.65E0,4.E-1,-4.049422786931E0));
#6560=VERTEX_POINT('',#6558);
#6561=VERTEX_POINT('',#6559);
#6562=CARTESIAN_POINT('',(2.85E0,4.E-1,-2.242422786931E0));
#6563=CARTESIAN_POINT('',(2.85E0,4.E-1,-4.049422786931E0));
#6564=VERTEX_POINT('',#6562);
#6565=VERTEX_POINT('',#6563);
#6566=CARTESIAN_POINT('',(0.E0,0.E0,-1.25E1));
#6567=DIRECTION('',(0.E0,0.E0,1.E0));
#6568=DIRECTION('',(1.E0,0.E0,0.E0));
#6569=AXIS2_PLACEMENT_3D('',#6566,#6567,#6568);
#6570=PLANE('',#6569);
#6572=ORIENTED_EDGE('',*,*,#6571,.T.);
#6574=ORIENTED_EDGE('',*,*,#6573,.F.);
#6576=ORIENTED_EDGE('',*,*,#6575,.F.);
#6578=ORIENTED_EDGE('',*,*,#6577,.T.);
#6580=ORIENTED_EDGE('',*,*,#6579,.F.);
#6582=ORIENTED_EDGE('',*,*,#6581,.F.);
#6584=ORIENTED_EDGE('',*,*,#6583,.T.);
#6586=ORIENTED_EDGE('',*,*,#6585,.F.);
#6588=ORIENTED_EDGE('',*,*,#6587,.F.);
#6590=ORIENTED_EDGE('',*,*,#6589,.F.);
#6592=ORIENTED_EDGE('',*,*,#6591,.F.);
#6594=ORIENTED_EDGE('',*,*,#6593,.F.);
#6595=EDGE_LOOP('',(#6572,#6574,#6576,#6578,#6580,#6582,#6584,#6586,#6588,#6590,
#6592,#6594));
#6596=FACE_OUTER_BOUND('',#6595,.F.);
#6598=ORIENTED_EDGE('',*,*,#6597,.T.);
#6600=ORIENTED_EDGE('',*,*,#6599,.F.);
#6602=ORIENTED_EDGE('',*,*,#6601,.F.);
#6604=ORIENTED_EDGE('',*,*,#6603,.F.);
#6606=ORIENTED_EDGE('',*,*,#6605,.T.);
#6608=ORIENTED_EDGE('',*,*,#6607,.T.);
#6610=ORIENTED_EDGE('',*,*,#6609,.T.);
#6612=ORIENTED_EDGE('',*,*,#6611,.T.);
#6614=ORIENTED_EDGE('',*,*,#6613,.T.);
#6616=ORIENTED_EDGE('',*,*,#6615,.T.);
#6617=EDGE_LOOP('',(#6598,#6600,#6602,#6604,#6606,#6608,#6610,#6612,#6614,
#6616));
#6618=FACE_BOUND('',#6617,.F.);
#6620=ORIENTED_EDGE('',*,*,#6619,.T.);
#6622=ORIENTED_EDGE('',*,*,#6621,.T.);
#6624=ORIENTED_EDGE('',*,*,#6623,.T.);
#6626=ORIENTED_EDGE('',*,*,#6625,.T.);
#6627=EDGE_LOOP('',(#6620,#6622,#6624,#6626));
#6628=FACE_BOUND('',#6627,.F.);
#6630=ORIENTED_EDGE('',*,*,#6629,.T.);
#6632=ORIENTED_EDGE('',*,*,#6631,.T.);
#6634=ORIENTED_EDGE('',*,*,#6633,.T.);
#6636=ORIENTED_EDGE('',*,*,#6635,.T.);
#6637=EDGE_LOOP('',(#6630,#6632,#6634,#6636));
#6638=FACE_BOUND('',#6637,.F.);
#6640=ORIENTED_EDGE('',*,*,#6639,.T.);
#6642=ORIENTED_EDGE('',*,*,#6641,.T.);
#6644=ORIENTED_EDGE('',*,*,#6643,.T.);
#6646=ORIENTED_EDGE('',*,*,#6645,.T.);
#6647=EDGE_LOOP('',(#6640,#6642,#6644,#6646));
#6648=FACE_BOUND('',#6647,.F.);
#6650=ORIENTED_EDGE('',*,*,#6649,.T.);
#6652=ORIENTED_EDGE('',*,*,#6651,.T.);
#6654=ORIENTED_EDGE('',*,*,#6653,.T.);
#6656=ORIENTED_EDGE('',*,*,#6655,.T.);
#6657=EDGE_LOOP('',(#6650,#6652,#6654,#6656));
#6658=FACE_BOUND('',#6657,.F.);
#6660=ORIENTED_EDGE('',*,*,#6659,.T.);
#6662=ORIENTED_EDGE('',*,*,#6661,.T.);
#6664=ORIENTED_EDGE('',*,*,#6663,.T.);
#6666=ORIENTED_EDGE('',*,*,#6665,.T.);
#6667=EDGE_LOOP('',(#6660,#6662,#6664,#6666));
#6668=FACE_BOUND('',#6667,.F.);
#6670=ORIENTED_EDGE('',*,*,#6669,.T.);
#6672=ORIENTED_EDGE('',*,*,#6671,.T.);
#6674=ORIENTED_EDGE('',*,*,#6673,.T.);
#6676=ORIENTED_EDGE('',*,*,#6675,.T.);
#6677=EDGE_LOOP('',(#6670,#6672,#6674,#6676));
#6678=FACE_BOUND('',#6677,.F.);
#6680=ORIENTED_EDGE('',*,*,#6679,.T.);
#6682=ORIENTED_EDGE('',*,*,#6681,.T.);
#6684=ORIENTED_EDGE('',*,*,#6683,.T.);
#6686=ORIENTED_EDGE('',*,*,#6685,.T.);
#6687=EDGE_LOOP('',(#6680,#6682,#6684,#6686));
#6688=FACE_BOUND('',#6687,.F.);
#6690=ORIENTED_EDGE('',*,*,#6689,.T.);
#6692=ORIENTED_EDGE('',*,*,#6691,.T.);
#6694=ORIENTED_EDGE('',*,*,#6693,.T.);
#6696=ORIENTED_EDGE('',*,*,#6695,.T.);
#6697=EDGE_LOOP('',(#6690,#6692,#6694,#6696));
#6698=FACE_BOUND('',#6697,.F.);
#6700=ORIENTED_EDGE('',*,*,#6699,.T.);
#6702=ORIENTED_EDGE('',*,*,#6701,.T.);
#6704=ORIENTED_EDGE('',*,*,#6703,.T.);
#6706=ORIENTED_EDGE('',*,*,#6705,.T.);
#6707=EDGE_LOOP('',(#6700,#6702,#6704,#6706));
#6708=FACE_BOUND('',#6707,.F.);
#6710=ORIENTED_EDGE('',*,*,#6709,.T.);
#6712=ORIENTED_EDGE('',*,*,#6711,.T.);
#6714=ORIENTED_EDGE('',*,*,#6713,.T.);
#6716=ORIENTED_EDGE('',*,*,#6715,.T.);
#6717=EDGE_LOOP('',(#6710,#6712,#6714,#6716));
#6718=FACE_BOUND('',#6717,.F.);
#6720=ORIENTED_EDGE('',*,*,#6719,.T.);
#6722=ORIENTED_EDGE('',*,*,#6721,.T.);
#6724=ORIENTED_EDGE('',*,*,#6723,.T.);
#6726=ORIENTED_EDGE('',*,*,#6725,.T.);
#6727=EDGE_LOOP('',(#6720,#6722,#6724,#6726));
#6728=FACE_BOUND('',#6727,.F.);
#6730=ORIENTED_EDGE('',*,*,#6729,.T.);
#6732=ORIENTED_EDGE('',*,*,#6731,.T.);
#6734=ORIENTED_EDGE('',*,*,#6733,.T.);
#6736=ORIENTED_EDGE('',*,*,#6735,.T.);
#6737=EDGE_LOOP('',(#6730,#6732,#6734,#6736));
#6738=FACE_BOUND('',#6737,.F.);
#6740=CARTESIAN_POINT('',(1.587168E1,-1.E-1,-1.265E1));
#6741=DIRECTION('',(-1.E0,0.E0,0.E0));
#6742=DIRECTION('',(0.E0,0.E0,1.E0));
#6743=AXIS2_PLACEMENT_3D('',#6740,#6741,#6742);
#6744=CYLINDRICAL_SURFACE('',#6743,1.5E-1);
#6745=ORIENTED_EDGE('',*,*,#6571,.F.);
#6747=ORIENTED_EDGE('',*,*,#6746,.T.);
#6749=ORIENTED_EDGE('',*,*,#6748,.T.);
#6751=ORIENTED_EDGE('',*,*,#6750,.T.);
#6752=EDGE_LOOP('',(#6745,#6747,#6749,#6751));
#6753=FACE_OUTER_BOUND('',#6752,.F.);
#6755=CARTESIAN_POINT('',(4.4E0,8.5E-1,-9.5E0));
#6756=DIRECTION('',(1.E0,0.E0,0.E0));
#6757=DIRECTION('',(0.E0,-1.E0,0.E0));
#6758=AXIS2_PLACEMENT_3D('',#6755,#6756,#6757);
#6759=PLANE('',#6758);
#6761=ORIENTED_EDGE('',*,*,#6760,.F.);
#6763=ORIENTED_EDGE('',*,*,#6762,.F.);
#6764=ORIENTED_EDGE('',*,*,#6746,.F.);
#6765=ORIENTED_EDGE('',*,*,#6593,.T.);
#6767=ORIENTED_EDGE('',*,*,#6766,.F.);
#6769=ORIENTED_EDGE('',*,*,#6768,.F.);
#6771=ORIENTED_EDGE('',*,*,#6770,.T.);
#6773=ORIENTED_EDGE('',*,*,#6772,.T.);
#6774=EDGE_LOOP('',(#6761,#6763,#6764,#6765,#6767,#6769,#6771,#6773));
#6775=FACE_OUTER_BOUND('',#6774,.F.);
#6777=CARTESIAN_POINT('',(1.587168E1,2.E-1,-1.375E1));
#6778=DIRECTION('',(-1.E0,0.E0,0.E0));
#6779=DIRECTION('',(0.E0,0.E0,-1.E0));
#6780=AXIS2_PLACEMENT_3D('',#6777,#6778,#6779);
#6781=CYLINDRICAL_SURFACE('',#6780,1.5E-1);
#6783=ORIENTED_EDGE('',*,*,#6782,.T.);
#6785=ORIENTED_EDGE('',*,*,#6784,.F.);
#6786=ORIENTED_EDGE('',*,*,#6760,.T.);
#6788=ORIENTED_EDGE('',*,*,#6787,.T.);
#6789=EDGE_LOOP('',(#6783,#6785,#6786,#6788));
#6790=FACE_OUTER_BOUND('',#6789,.F.);
#6792=CARTESIAN_POINT('',(4.2E0,5.E-2,-1.25E1));
#6793=DIRECTION('',(-1.E0,0.E0,0.E0));
#6794=DIRECTION('',(0.E0,1.E0,0.E0));
#6795=AXIS2_PLACEMENT_3D('',#6792,#6793,#6794);
#6796=PLANE('',#6795);
#6797=ORIENTED_EDGE('',*,*,#6782,.F.);
#6799=ORIENTED_EDGE('',*,*,#6798,.T.);
#6801=ORIENTED_EDGE('',*,*,#6800,.F.);
#6802=ORIENTED_EDGE('',*,*,#6573,.T.);
#6803=ORIENTED_EDGE('',*,*,#6750,.F.);
#6805=ORIENTED_EDGE('',*,*,#6804,.T.);
#6806=EDGE_LOOP('',(#6797,#6799,#6801,#6802,#6803,#6805));
#6807=FACE_OUTER_BOUND('',#6806,.F.);
#6809=CARTESIAN_POINT('',(0.E0,0.E0,-1.39E1));
#6810=DIRECTION('',(0.E0,0.E0,-1.E0));
#6811=DIRECTION('',(-1.E0,0.E0,0.E0));
#6812=AXIS2_PLACEMENT_3D('',#6809,#6810,#6811);
#6813=PLANE('',#6812);
#6815=ORIENTED_EDGE('',*,*,#6814,.T.);
#6817=ORIENTED_EDGE('',*,*,#6816,.T.);
#6819=ORIENTED_EDGE('',*,*,#6818,.F.);
#6820=ORIENTED_EDGE('',*,*,#6798,.F.);
#6821=ORIENTED_EDGE('',*,*,#6787,.F.);
#6822=ORIENTED_EDGE('',*,*,#6772,.F.);
#6824=ORIENTED_EDGE('',*,*,#6823,.F.);
#6826=ORIENTED_EDGE('',*,*,#6825,.F.);
#6827=EDGE_LOOP('',(#6815,#6817,#6819,#6820,#6821,#6822,#6824,#6826));
#6828=FACE_OUTER_BOUND('',#6827,.F.);
#6830=CARTESIAN_POINT('',(0.E0,0.E0,-1.39E1));
#6831=DIRECTION('',(0.E0,0.E0,-1.E0));
#6832=DIRECTION('',(-1.E0,0.E0,0.E0));
#6833=AXIS2_PLACEMENT_3D('',#6830,#6831,#6832);
#6834=PLANE('',#6833);
#6836=ORIENTED_EDGE('',*,*,#6835,.F.);
#6838=ORIENTED_EDGE('',*,*,#6837,.F.);
#6840=ORIENTED_EDGE('',*,*,#6839,.F.);
#6842=ORIENTED_EDGE('',*,*,#6841,.F.);
#6844=ORIENTED_EDGE('',*,*,#6843,.F.);
#6846=ORIENTED_EDGE('',*,*,#6845,.F.);
#6848=ORIENTED_EDGE('',*,*,#6847,.F.);
#6850=ORIENTED_EDGE('',*,*,#6849,.T.);
#6851=EDGE_LOOP('',(#6836,#6838,#6840,#6842,#6844,#6846,#6848,#6850));
#6852=FACE_OUTER_BOUND('',#6851,.F.);
#6854=CARTESIAN_POINT('',(3.6E0,5.23044E0,-1.41E1));
#6855=DIRECTION('',(0.E0,-1.E0,0.E0));
#6856=DIRECTION('',(0.E0,0.E0,1.E0));
#6857=AXIS2_PLACEMENT_3D('',#6854,#6855,#6856);
#6858=CYLINDRICAL_SURFACE('',#6857,2.E-1);
#6859=ORIENTED_EDGE('',*,*,#6814,.F.);
#6861=ORIENTED_EDGE('',*,*,#6860,.T.);
#6863=ORIENTED_EDGE('',*,*,#6862,.T.);
#6865=ORIENTED_EDGE('',*,*,#6864,.T.);
#6866=EDGE_LOOP('',(#6859,#6861,#6863,#6865));
#6867=FACE_OUTER_BOUND('',#6866,.F.);
#6869=CARTESIAN_POINT('',(3.E0,1.45E0,-8.E0));
#6870=DIRECTION('',(0.E0,1.E0,0.E0));
#6871=DIRECTION('',(-1.E0,0.E0,0.E0));
#6872=AXIS2_PLACEMENT_3D('',#6869,#6870,#6871);
#6873=PLANE('',#6872);
#6874=ORIENTED_EDGE('',*,*,#6837,.T.);
#6876=ORIENTED_EDGE('',*,*,#6875,.F.);
#6878=ORIENTED_EDGE('',*,*,#6877,.T.);
#6880=ORIENTED_EDGE('',*,*,#6879,.F.);
#6882=ORIENTED_EDGE('',*,*,#6881,.T.);
#6884=ORIENTED_EDGE('',*,*,#6883,.F.);
#6886=ORIENTED_EDGE('',*,*,#6885,.T.);
#6887=ORIENTED_EDGE('',*,*,#6860,.F.);
#6888=ORIENTED_EDGE('',*,*,#6825,.T.);
#6890=ORIENTED_EDGE('',*,*,#6889,.T.);
#6892=ORIENTED_EDGE('',*,*,#6891,.F.);
#6894=ORIENTED_EDGE('',*,*,#6893,.F.);
#6896=ORIENTED_EDGE('',*,*,#6895,.T.);
#6898=ORIENTED_EDGE('',*,*,#6897,.T.);
#6900=ORIENTED_EDGE('',*,*,#6899,.F.);
#6902=ORIENTED_EDGE('',*,*,#6901,.T.);
#6903=EDGE_LOOP('',(#6874,#6876,#6878,#6880,#6882,#6884,#6886,#6887,#6888,#6890,
#6892,#6894,#6896,#6898,#6900,#6902));
#6904=FACE_OUTER_BOUND('',#6903,.F.);
#6906=CARTESIAN_POINT('',(-3.6E0,5.23044E0,-1.41E1));
#6907=DIRECTION('',(0.E0,-1.E0,0.E0));
#6908=DIRECTION('',(1.E0,0.E0,0.E0));
#6909=AXIS2_PLACEMENT_3D('',#6906,#6907,#6908);
#6910=CYLINDRICAL_SURFACE('',#6909,2.E-1);
#6912=ORIENTED_EDGE('',*,*,#6911,.F.);
#6913=ORIENTED_EDGE('',*,*,#6875,.T.);
#6914=ORIENTED_EDGE('',*,*,#6835,.T.);
#6916=ORIENTED_EDGE('',*,*,#6915,.T.);
#6917=EDGE_LOOP('',(#6912,#6913,#6914,#6916));
#6918=FACE_OUTER_BOUND('',#6917,.F.);
#6920=CARTESIAN_POINT('',(-3.4E0,1.45E0,-1.39E1));
#6921=DIRECTION('',(1.E0,0.E0,0.E0));
#6922=DIRECTION('',(0.E0,0.E0,-1.E0));
#6923=AXIS2_PLACEMENT_3D('',#6920,#6921,#6922);
#6924=PLANE('',#6923);
#6926=ORIENTED_EDGE('',*,*,#6925,.F.);
#6927=ORIENTED_EDGE('',*,*,#6877,.F.);
#6928=ORIENTED_EDGE('',*,*,#6911,.T.);
#6930=ORIENTED_EDGE('',*,*,#6929,.T.);
#6931=EDGE_LOOP('',(#6926,#6927,#6928,#6930));
#6932=FACE_OUTER_BOUND('',#6931,.F.);
#6934=CARTESIAN_POINT('',(-3.6E0,5.23044E0,-1.43E1));
#6935=DIRECTION('',(0.E0,-1.E0,0.E0));
#6936=DIRECTION('',(0.E0,0.E0,-1.E0));
#6937=AXIS2_PLACEMENT_3D('',#6934,#6935,#6936);
#6938=CYLINDRICAL_SURFACE('',#6937,2.E-1);
#6940=ORIENTED_EDGE('',*,*,#6939,.F.);
#6942=ORIENTED_EDGE('',*,*,#6941,.T.);
#6943=ORIENTED_EDGE('',*,*,#6925,.T.);
#6945=ORIENTED_EDGE('',*,*,#6944,.T.);
#6946=EDGE_LOOP('',(#6940,#6942,#6943,#6945));
#6947=FACE_OUTER_BOUND('',#6946,.F.);
#6949=CARTESIAN_POINT('',(-3.4E0,1.45E0,-1.45E1));
#6950=DIRECTION('',(0.E0,0.E0,-1.E0));
#6951=DIRECTION('',(-1.E0,0.E0,0.E0));
#6952=AXIS2_PLACEMENT_3D('',#6949,#6950,#6951);
#6953=PLANE('',#6952);
#6955=ORIENTED_EDGE('',*,*,#6954,.F.);
#6957=ORIENTED_EDGE('',*,*,#6956,.F.);
#6959=ORIENTED_EDGE('',*,*,#6958,.F.);
#6961=ORIENTED_EDGE('',*,*,#6960,.T.);
#6962=ORIENTED_EDGE('',*,*,#6939,.T.);
#6963=EDGE_LOOP('',(#6955,#6957,#6959,#6961,#6962));
#6964=FACE_OUTER_BOUND('',#6963,.F.);
#6966=CARTESIAN_POINT('',(-3.6E0,1.05E0,-1.39E1));
#6967=DIRECTION('',(1.E0,0.E0,0.E0));
#6968=DIRECTION('',(0.E0,-1.E0,0.E0));
#6969=AXIS2_PLACEMENT_3D('',#6966,#6967,#6968);
#6970=PLANE('',#6969);
#6972=ORIENTED_EDGE('',*,*,#6971,.T.);
#6973=ORIENTED_EDGE('',*,*,#6954,.T.);
#6975=ORIENTED_EDGE('',*,*,#6974,.T.);
#6977=ORIENTED_EDGE('',*,*,#6976,.T.);
#6978=EDGE_LOOP('',(#6972,#6973,#6975,#6977));
#6979=FACE_OUTER_BOUND('',#6978,.F.);
#6981=CARTESIAN_POINT('',(-3.6E0,-1.05E0,-1.39E1));
#6982=DIRECTION('',(0.E0,-1.E0,0.E0));
#6983=DIRECTION('',(-1.E0,0.E0,0.E0));
#6984=AXIS2_PLACEMENT_3D('',#6981,#6982,#6983);
#6985=PLANE('',#6984);
#6986=ORIENTED_EDGE('',*,*,#6971,.F.);
#6988=ORIENTED_EDGE('',*,*,#6987,.F.);
#6990=ORIENTED_EDGE('',*,*,#6989,.F.);
#6991=ORIENTED_EDGE('',*,*,#6956,.T.);
#6992=EDGE_LOOP('',(#6986,#6988,#6990,#6991));
#6993=FACE_OUTER_BOUND('',#6992,.F.);
#6995=CARTESIAN_POINT('',(0.E0,0.E0,-1.55E1));
#6996=DIRECTION('',(0.E0,0.E0,-1.E0));
#6997=DIRECTION('',(-1.E0,0.E0,0.E0));
#6998=AXIS2_PLACEMENT_3D('',#6995,#6996,#6997);
#6999=PLANE('',#6998);
#7001=ORIENTED_EDGE('',*,*,#7000,.T.);
#7003=ORIENTED_EDGE('',*,*,#7002,.T.);
#7005=ORIENTED_EDGE('',*,*,#7004,.T.);
#7007=ORIENTED_EDGE('',*,*,#7006,.F.);
#7008=ORIENTED_EDGE('',*,*,#6881,.F.);
#7010=ORIENTED_EDGE('',*,*,#7009,.F.);
#7012=ORIENTED_EDGE('',*,*,#7011,.F.);
#7013=ORIENTED_EDGE('',*,*,#6987,.T.);
#7014=ORIENTED_EDGE('',*,*,#6976,.F.);
#7016=ORIENTED_EDGE('',*,*,#7015,.F.);
#7018=ORIENTED_EDGE('',*,*,#7017,.F.);
#7020=ORIENTED_EDGE('',*,*,#7019,.F.);
#7021=EDGE_LOOP('',(#7001,#7003,#7005,#7007,#7008,#7010,#7012,#7013,#7014,#7016,
#7018,#7020));
#7022=FACE_OUTER_BOUND('',#7021,.F.);
#7024=CARTESIAN_POINT('',(3.6E0,-1.05E0,-1.39E1));
#7025=DIRECTION('',(-1.E0,0.E0,0.E0));
#7026=DIRECTION('',(0.E0,1.E0,0.E0));
#7027=AXIS2_PLACEMENT_3D('',#7024,#7025,#7026);
#7028=PLANE('',#7027);
#7030=ORIENTED_EDGE('',*,*,#7029,.F.);
#7032=ORIENTED_EDGE('',*,*,#7031,.F.);
#7033=ORIENTED_EDGE('',*,*,#7000,.F.);
#7035=ORIENTED_EDGE('',*,*,#7034,.F.);
#7036=EDGE_LOOP('',(#7030,#7032,#7033,#7035));
#7037=FACE_OUTER_BOUND('',#7036,.F.);
#7039=CARTESIAN_POINT('',(3.8E0,1.45E0,-1.45E1));
#7040=DIRECTION('',(0.E0,0.E0,-1.E0));
#7041=DIRECTION('',(-1.E0,0.E0,0.E0));
#7042=AXIS2_PLACEMENT_3D('',#7039,#7040,#7041);
#7043=PLANE('',#7042);
#7045=ORIENTED_EDGE('',*,*,#7044,.T.);
#7047=ORIENTED_EDGE('',*,*,#7046,.F.);
#7048=ORIENTED_EDGE('',*,*,#7029,.T.);
#7050=ORIENTED_EDGE('',*,*,#7049,.F.);
#7052=ORIENTED_EDGE('',*,*,#7051,.T.);
#7053=EDGE_LOOP('',(#7045,#7047,#7048,#7050,#7052));
#7054=FACE_OUTER_BOUND('',#7053,.F.);
#7056=CARTESIAN_POINT('',(3.8E0,1.05E0,-1.39E1));
#7057=DIRECTION('',(1.E0,0.E0,0.E0));
#7058=DIRECTION('',(0.E0,-1.E0,0.E0));
#7059=AXIS2_PLACEMENT_3D('',#7056,#7057,#7058);
#7060=PLANE('',#7059);
#7062=ORIENTED_EDGE('',*,*,#7061,.F.);
#7063=ORIENTED_EDGE('',*,*,#7044,.F.);
#7065=ORIENTED_EDGE('',*,*,#7064,.T.);
#7066=ORIENTED_EDGE('',*,*,#7004,.F.);
#7067=EDGE_LOOP('',(#7062,#7063,#7065,#7066));
#7068=FACE_OUTER_BOUND('',#7067,.F.);
#7070=CARTESIAN_POINT('',(3.8E0,-1.05E0,-1.39E1));
#7071=DIRECTION('',(0.E0,-1.E0,0.E0));
#7072=DIRECTION('',(-1.E0,0.E0,0.E0));
#7073=AXIS2_PLACEMENT_3D('',#7070,#7071,#7072);
#7074=PLANE('',#7073);
#7075=ORIENTED_EDGE('',*,*,#7061,.T.);
#7076=ORIENTED_EDGE('',*,*,#7002,.F.);
#7077=ORIENTED_EDGE('',*,*,#7031,.T.);
#7078=ORIENTED_EDGE('',*,*,#7046,.T.);
#7079=EDGE_LOOP('',(#7075,#7076,#7077,#7078));
#7080=FACE_OUTER_BOUND('',#7079,.F.);
#7082=CARTESIAN_POINT('',(3.4E0,1.05E0,-1.39E1));
#7083=DIRECTION('',(0.E0,0.E0,-1.E0));
#7084=DIRECTION('',(-1.E0,0.E0,0.E0));
#7085=AXIS2_PLACEMENT_3D('',#7082,#7083,#7084);
#7086=CYLINDRICAL_SURFACE('',#7085,4.E-1);
#7087=ORIENTED_EDGE('',*,*,#7051,.F.);
#7089=ORIENTED_EDGE('',*,*,#7088,.F.);
#7090=ORIENTED_EDGE('',*,*,#6883,.T.);
#7091=ORIENTED_EDGE('',*,*,#7006,.T.);
#7092=ORIENTED_EDGE('',*,*,#7064,.F.);
#7093=EDGE_LOOP('',(#7087,#7089,#7090,#7091,#7092));
#7094=FACE_OUTER_BOUND('',#7093,.F.);
#7096=CARTESIAN_POINT('',(3.6E0,5.23044E0,-1.43E1));
#7097=DIRECTION('',(0.E0,-1.E0,0.E0));
#7098=DIRECTION('',(-1.E0,0.E0,0.E0));
#7099=AXIS2_PLACEMENT_3D('',#7096,#7097,#7098);
#7100=CYLINDRICAL_SURFACE('',#7099,2.E-1);
#7102=ORIENTED_EDGE('',*,*,#7101,.F.);
#7103=ORIENTED_EDGE('',*,*,#7088,.T.);
#7104=ORIENTED_EDGE('',*,*,#7049,.T.);
#7106=ORIENTED_EDGE('',*,*,#7105,.T.);
#7107=EDGE_LOOP('',(#7102,#7103,#7104,#7106));
#7108=FACE_OUTER_BOUND('',#7107,.F.);
#7110=CARTESIAN_POINT('',(3.4E0,1.45E0,-1.45E1));
#7111=DIRECTION('',(-1.E0,0.E0,0.E0));
#7112=DIRECTION('',(0.E0,0.E0,1.E0));
#7113=AXIS2_PLACEMENT_3D('',#7110,#7111,#7112);
#7114=PLANE('',#7113);
#7115=ORIENTED_EDGE('',*,*,#6862,.F.);
#7116=ORIENTED_EDGE('',*,*,#6885,.F.);
#7117=ORIENTED_EDGE('',*,*,#7101,.T.);
#7119=ORIENTED_EDGE('',*,*,#7118,.T.);
#7120=EDGE_LOOP('',(#7115,#7116,#7117,#7119));
#7121=FACE_OUTER_BOUND('',#7120,.F.);
#7123=CARTESIAN_POINT('',(3.8E0,1.25E0,-1.25E1));
#7124=DIRECTION('',(0.E0,-1.E0,0.E0));
#7125=DIRECTION('',(-1.E0,0.E0,0.E0));
#7126=AXIS2_PLACEMENT_3D('',#7123,#7124,#7125);
#7127=PLANE('',#7126);
#7128=ORIENTED_EDGE('',*,*,#6929,.F.);
#7129=ORIENTED_EDGE('',*,*,#6915,.F.);
#7130=ORIENTED_EDGE('',*,*,#6849,.F.);
#7132=ORIENTED_EDGE('',*,*,#7131,.F.);
#7133=ORIENTED_EDGE('',*,*,#6577,.F.);
#7135=ORIENTED_EDGE('',*,*,#7134,.T.);
#7136=ORIENTED_EDGE('',*,*,#6816,.F.);
#7137=ORIENTED_EDGE('',*,*,#6864,.F.);
#7138=ORIENTED_EDGE('',*,*,#7118,.F.);
#7140=ORIENTED_EDGE('',*,*,#7139,.F.);
#7141=ORIENTED_EDGE('',*,*,#7017,.T.);
#7143=ORIENTED_EDGE('',*,*,#7142,.F.);
#7144=EDGE_LOOP('',(#7128,#7129,#7130,#7132,#7133,#7135,#7136,#7137,#7138,#7140,
#7141,#7143));
#7145=FACE_OUTER_BOUND('',#7144,.F.);
#7147=CARTESIAN_POINT('',(-3.8E0,8.5E-1,-1.25E1));
#7148=DIRECTION('',(0.E0,0.E0,-1.E0));
#7149=DIRECTION('',(-1.E0,0.E0,0.E0));
#7150=AXIS2_PLACEMENT_3D('',#7147,#7148,#7149);
#7151=CYLINDRICAL_SURFACE('',#7150,4.E-1);
#7152=ORIENTED_EDGE('',*,*,#6579,.T.);
#7153=ORIENTED_EDGE('',*,*,#7131,.T.);
#7154=ORIENTED_EDGE('',*,*,#6847,.T.);
#7156=ORIENTED_EDGE('',*,*,#7155,.F.);
#7157=EDGE_LOOP('',(#7152,#7153,#7154,#7156));
#7158=FACE_OUTER_BOUND('',#7157,.F.);
#7160=CARTESIAN_POINT('',(-4.2E0,8.5E-1,-1.25E1));
#7161=DIRECTION('',(1.E0,0.E0,0.E0));
#7162=DIRECTION('',(0.E0,-1.E0,0.E0));
#7163=AXIS2_PLACEMENT_3D('',#7160,#7161,#7162);
#7164=PLANE('',#7163);
#7166=ORIENTED_EDGE('',*,*,#7165,.F.);
#7168=ORIENTED_EDGE('',*,*,#7167,.F.);
#7170=ORIENTED_EDGE('',*,*,#7169,.F.);
#7171=ORIENTED_EDGE('',*,*,#6581,.T.);
#7172=ORIENTED_EDGE('',*,*,#7155,.T.);
#7173=ORIENTED_EDGE('',*,*,#6845,.T.);
#7174=EDGE_LOOP('',(#7166,#7168,#7170,#7171,#7172,#7173));
#7175=FACE_OUTER_BOUND('',#7174,.F.);
#7177=CARTESIAN_POINT('',(1.587168E1,2.E-1,-1.375E1));
#7178=DIRECTION('',(-1.E0,0.E0,0.E0));
#7179=DIRECTION('',(0.E0,0.E0,-1.E0));
#7180=AXIS2_PLACEMENT_3D('',#7177,#7178,#7179);
#7181=CYLINDRICAL_SURFACE('',#7180,1.5E-1);
#7183=ORIENTED_EDGE('',*,*,#7182,.T.);
#7185=ORIENTED_EDGE('',*,*,#7184,.F.);
#7186=ORIENTED_EDGE('',*,*,#7165,.T.);
#7187=ORIENTED_EDGE('',*,*,#6843,.T.);
#7188=EDGE_LOOP('',(#7183,#7185,#7186,#7187));
#7189=FACE_OUTER_BOUND('',#7188,.F.);
#7191=CARTESIAN_POINT('',(-4.4E0,-1.05E0,-9.5E0));
#7192=DIRECTION('',(-1.E0,0.E0,0.E0));
#7193=DIRECTION('',(0.E0,1.E0,0.E0));
#7194=AXIS2_PLACEMENT_3D('',#7191,#7192,#7193);
#7195=PLANE('',#7194);
#7196=ORIENTED_EDGE('',*,*,#7182,.F.);
#7197=ORIENTED_EDGE('',*,*,#6841,.T.);
#7199=ORIENTED_EDGE('',*,*,#7198,.F.);
#7201=ORIENTED_EDGE('',*,*,#7200,.F.);
#7203=ORIENTED_EDGE('',*,*,#7202,.T.);
#7204=ORIENTED_EDGE('',*,*,#6585,.T.);
#7206=ORIENTED_EDGE('',*,*,#7205,.F.);
#7208=ORIENTED_EDGE('',*,*,#7207,.T.);
#7209=EDGE_LOOP('',(#7196,#7197,#7199,#7201,#7203,#7204,#7206,#7208));
#7210=FACE_OUTER_BOUND('',#7209,.F.);
#7212=CARTESIAN_POINT('',(-3.8E0,8.5E-1,-9.5E0));
#7213=DIRECTION('',(0.E0,0.E0,-1.E0));
#7214=DIRECTION('',(-1.E0,0.E0,0.E0));
#7215=AXIS2_PLACEMENT_3D('',#7212,#7213,#7214);
#7216=CYLINDRICAL_SURFACE('',#7215,6.E-1);
#7217=ORIENTED_EDGE('',*,*,#7198,.T.);
#7218=ORIENTED_EDGE('',*,*,#6839,.T.);
#7219=ORIENTED_EDGE('',*,*,#6901,.F.);
#7221=ORIENTED_EDGE('',*,*,#7220,.F.);
#7222=EDGE_LOOP('',(#7217,#7218,#7219,#7221));
#7223=FACE_OUTER_BOUND('',#7222,.F.);
#7225=CARTESIAN_POINT('',(0.E0,0.E0,-9.5E0));
#7226=DIRECTION('',(0.E0,0.E0,-1.E0));
#7227=DIRECTION('',(-1.E0,0.E0,0.E0));
#7228=AXIS2_PLACEMENT_3D('',#7225,#7226,#7227);
#7229=PLANE('',#7228);
#7231=ORIENTED_EDGE('',*,*,#7230,.T.);
#7233=ORIENTED_EDGE('',*,*,#7232,.T.);
#7235=ORIENTED_EDGE('',*,*,#7234,.T.);
#7237=ORIENTED_EDGE('',*,*,#7236,.T.);
#7238=ORIENTED_EDGE('',*,*,#7200,.T.);
#7239=ORIENTED_EDGE('',*,*,#7220,.T.);
#7240=ORIENTED_EDGE('',*,*,#6899,.T.);
#7241=EDGE_LOOP('',(#7231,#7233,#7235,#7237,#7238,#7239,#7240));
#7242=FACE_OUTER_BOUND('',#7241,.F.);
#7244=CARTESIAN_POINT('',(0.E0,0.E0,-9.5E0));
#7245=DIRECTION('',(0.E0,0.E0,-1.E0));
#7246=DIRECTION('',(-1.E0,0.E0,0.E0));
#7247=AXIS2_PLACEMENT_3D('',#7244,#7245,#7246);
#7248=PLANE('',#7247);
#7250=ORIENTED_EDGE('',*,*,#7249,.T.);
#7252=ORIENTED_EDGE('',*,*,#7251,.T.);
#7253=ORIENTED_EDGE('',*,*,#6891,.T.);
#7255=ORIENTED_EDGE('',*,*,#7254,.T.);
#7256=ORIENTED_EDGE('',*,*,#6768,.T.);
#7258=ORIENTED_EDGE('',*,*,#7257,.T.);
#7260=ORIENTED_EDGE('',*,*,#7259,.T.);
#7261=EDGE_LOOP('',(#7250,#7252,#7253,#7255,#7256,#7258,#7260));
#7262=FACE_OUTER_BOUND('',#7261,.F.);
#7264=CARTESIAN_POINT('',(-3.E0,7.E-2,-8.E0));
#7265=DIRECTION('',(0.E0,0.E0,1.E0));
#7266=DIRECTION('',(1.E0,0.E0,0.E0));
#7267=AXIS2_PLACEMENT_3D('',#7264,#7265,#7266);
#7268=CYLINDRICAL_SURFACE('',#7267,1.38E0);
#7269=ORIENTED_EDGE('',*,*,#7230,.F.);
#7270=ORIENTED_EDGE('',*,*,#6897,.F.);
#7272=ORIENTED_EDGE('',*,*,#7271,.T.);
#7274=ORIENTED_EDGE('',*,*,#7273,.T.);
#7275=EDGE_LOOP('',(#7269,#7270,#7272,#7274));
#7276=FACE_OUTER_BOUND('',#7275,.F.);
#7278=CARTESIAN_POINT('',(0.E0,0.E0,-8.E0));
#7279=DIRECTION('',(0.E0,0.E0,1.E0));
#7280=DIRECTION('',(1.E0,0.E0,0.E0));
#7281=AXIS2_PLACEMENT_3D('',#7278,#7279,#7280);
#7282=PLANE('',#7281);
#7283=ORIENTED_EDGE('',*,*,#7271,.F.);
#7284=ORIENTED_EDGE('',*,*,#6895,.F.);
#7286=ORIENTED_EDGE('',*,*,#7285,.F.);
#7288=ORIENTED_EDGE('',*,*,#7287,.F.);
#7290=ORIENTED_EDGE('',*,*,#7289,.F.);
#7292=ORIENTED_EDGE('',*,*,#7291,.F.);
#7293=EDGE_LOOP('',(#7283,#7284,#7286,#7288,#7290,#7292));
#7294=FACE_OUTER_BOUND('',#7293,.F.);
#7296=ORIENTED_EDGE('',*,*,#7295,.T.);
#7298=ORIENTED_EDGE('',*,*,#7297,.T.);
#7300=ORIENTED_EDGE('',*,*,#7299,.T.);
#7302=ORIENTED_EDGE('',*,*,#7301,.T.);
#7303=EDGE_LOOP('',(#7296,#7298,#7300,#7302));
#7304=FACE_BOUND('',#7303,.F.);
#7306=CARTESIAN_POINT('',(3.E0,7.E-2,-8.E0));
#7307=DIRECTION('',(0.E0,0.E0,1.E0));
#7308=DIRECTION('',(1.E0,0.E0,0.E0));
#7309=AXIS2_PLACEMENT_3D('',#7306,#7307,#7308);
#7310=CYLINDRICAL_SURFACE('',#7309,1.38E0);
#7311=ORIENTED_EDGE('',*,*,#7251,.F.);
#7313=ORIENTED_EDGE('',*,*,#7312,.F.);
#7314=ORIENTED_EDGE('',*,*,#7285,.T.);
#7315=ORIENTED_EDGE('',*,*,#6893,.T.);
#7316=EDGE_LOOP('',(#7311,#7313,#7314,#7315));
#7317=FACE_OUTER_BOUND('',#7316,.F.);
#7319=CARTESIAN_POINT('',(3.E0,-7.E-2,-8.E0));
#7320=DIRECTION('',(0.E0,0.E0,1.E0));
#7321=DIRECTION('',(1.E0,0.E0,0.E0));
#7322=AXIS2_PLACEMENT_3D('',#7319,#7320,#7321);
#7323=CYLINDRICAL_SURFACE('',#7322,1.38E0);
#7324=ORIENTED_EDGE('',*,*,#7249,.F.);
#7326=ORIENTED_EDGE('',*,*,#7325,.F.);
#7327=ORIENTED_EDGE('',*,*,#7287,.T.);
#7328=ORIENTED_EDGE('',*,*,#7312,.T.);
#7329=EDGE_LOOP('',(#7324,#7326,#7327,#7328));
#7330=FACE_OUTER_BOUND('',#7329,.F.);
#7332=CARTESIAN_POINT('',(-3.E0,-1.45E0,-8.E0));
#7333=DIRECTION('',(0.E0,-1.E0,0.E0));
#7334=DIRECTION('',(1.E0,0.E0,0.E0));
#7335=AXIS2_PLACEMENT_3D('',#7332,#7333,#7334);
#7336=PLANE('',#7335);
#7337=ORIENTED_EDGE('',*,*,#7325,.T.);
#7338=ORIENTED_EDGE('',*,*,#7259,.F.);
#7340=ORIENTED_EDGE('',*,*,#7339,.T.);
#7341=ORIENTED_EDGE('',*,*,#6589,.T.);
#7343=ORIENTED_EDGE('',*,*,#7342,.F.);
#7344=ORIENTED_EDGE('',*,*,#7234,.F.);
#7346=ORIENTED_EDGE('',*,*,#7345,.F.);
#7347=ORIENTED_EDGE('',*,*,#7289,.T.);
#7348=EDGE_LOOP('',(#7337,#7338,#7340,#7341,#7343,#7344,#7346,#7347));
#7349=FACE_OUTER_BOUND('',#7348,.F.);
#7351=CARTESIAN_POINT('',(4.E0,-1.05E0,-9.5E0));
#7352=DIRECTION('',(0.E0,0.E0,-1.E0));
#7353=DIRECTION('',(-1.E0,0.E0,0.E0));
#7354=AXIS2_PLACEMENT_3D('',#7351,#7352,#7353);
#7355=CYLINDRICAL_SURFACE('',#7354,4.E-1);
#7356=ORIENTED_EDGE('',*,*,#7257,.F.);
#7357=ORIENTED_EDGE('',*,*,#6766,.T.);
#7358=ORIENTED_EDGE('',*,*,#6591,.T.);
#7359=ORIENTED_EDGE('',*,*,#7339,.F.);
#7360=EDGE_LOOP('',(#7356,#7357,#7358,#7359));
#7361=FACE_OUTER_BOUND('',#7360,.F.);
#7363=CARTESIAN_POINT('',(-4.E0,-1.05E0,-9.5E0));
#7364=DIRECTION('',(0.E0,0.E0,-1.E0));
#7365=DIRECTION('',(-1.E0,0.E0,0.E0));
#7366=AXIS2_PLACEMENT_3D('',#7363,#7364,#7365);
#7367=CYLINDRICAL_SURFACE('',#7366,4.E-1);
#7368=ORIENTED_EDGE('',*,*,#7236,.F.);
#7369=ORIENTED_EDGE('',*,*,#7342,.T.);
#7370=ORIENTED_EDGE('',*,*,#6587,.T.);
#7371=ORIENTED_EDGE('',*,*,#7202,.F.);
#7372=EDGE_LOOP('',(#7368,#7369,#7370,#7371));
#7373=FACE_OUTER_BOUND('',#7372,.F.);
#7375=CARTESIAN_POINT('',(-3.E0,-7.E-2,-8.E0));
#7376=DIRECTION('',(0.E0,0.E0,1.E0));
#7377=DIRECTION('',(1.E0,0.E0,0.E0));
#7378=AXIS2_PLACEMENT_3D('',#7375,#7376,#7377);
#7379=CYLINDRICAL_SURFACE('',#7378,1.38E0);
#7380=ORIENTED_EDGE('',*,*,#7232,.F.);
#7381=ORIENTED_EDGE('',*,*,#7273,.F.);
#7382=ORIENTED_EDGE('',*,*,#7291,.T.);
#7383=ORIENTED_EDGE('',*,*,#7345,.T.);
#7384=EDGE_LOOP('',(#7380,#7381,#7382,#7383));
#7385=FACE_OUTER_BOUND('',#7384,.F.);
#7387=CARTESIAN_POINT('',(-2.925E0,0.E0,0.E0));
#7388=DIRECTION('',(0.E0,0.E0,1.E0));
#7389=DIRECTION('',(1.E0,0.E0,0.E0));
#7390=AXIS2_PLACEMENT_3D('',#7387,#7388,#7389);
#7391=CYLINDRICAL_SURFACE('',#7390,1.2E0);
#7393=ORIENTED_EDGE('',*,*,#7392,.T.);
#7395=ORIENTED_EDGE('',*,*,#7394,.T.);
#7396=ORIENTED_EDGE('',*,*,#7295,.F.);
#7398=ORIENTED_EDGE('',*,*,#7397,.F.);
#7400=ORIENTED_EDGE('',*,*,#7399,.T.);
#7401=EDGE_LOOP('',(#7393,#7395,#7396,#7398,#7400));
#7402=FACE_OUTER_BOUND('',#7401,.F.);
#7404=CARTESIAN_POINT('',(-2.925E0,0.E0,-3.E-1));
#7405=DIRECTION('',(0.E0,0.E0,1.E0));
#7406=DIRECTION('',(1.821793690686E-2,-9.998340396160E-1,0.E0));
#7407=AXIS2_PLACEMENT_3D('',#7404,#7405,#7406);
#7408=TOROIDAL_SURFACE('',#7407,8.999999998856E-1,3.E-1);
#7410=ORIENTED_EDGE('',*,*,#7409,.F.);
#7412=ORIENTED_EDGE('',*,*,#7411,.T.);
#7413=ORIENTED_EDGE('',*,*,#7392,.F.);
#7415=ORIENTED_EDGE('',*,*,#7414,.F.);
#7417=ORIENTED_EDGE('',*,*,#7416,.T.);
#7418=EDGE_LOOP('',(#7410,#7412,#7413,#7415,#7417));
#7419=FACE_OUTER_BOUND('',#7418,.F.);
#7421=CARTESIAN_POINT('',(-2.932676058391E0,-9.E-1,0.E0));
#7422=DIRECTION('',(0.E0,-1.E0,0.E0));
#7423=DIRECTION('',(1.E0,0.E0,0.E0));
#7424=AXIS2_PLACEMENT_3D('',#7421,#7422,#7423);
#7425=PLANE('',#7424);
#7427=ORIENTED_EDGE('',*,*,#7426,.T.);
#7429=ORIENTED_EDGE('',*,*,#7428,.F.);
#7430=ORIENTED_EDGE('',*,*,#7409,.T.);
#7432=ORIENTED_EDGE('',*,*,#7431,.T.);
#7434=ORIENTED_EDGE('',*,*,#7433,.T.);
#7436=ORIENTED_EDGE('',*,*,#7435,.F.);
#7437=EDGE_LOOP('',(#7427,#7429,#7430,#7432,#7434,#7436));
#7438=FACE_OUTER_BOUND('',#7437,.F.);
#7440=CARTESIAN_POINT('',(2.925E0,0.E0,-3.E-1));
#7441=DIRECTION('',(0.E0,0.E0,1.E0));
#7442=DIRECTION('',(-1.282753707681E-2,-9.999177237616E-1,0.E0));
#7443=AXIS2_PLACEMENT_3D('',#7440,#7441,#7442);
#7444=TOROIDAL_SURFACE('',#7443,8.999999999132E-1,3.E-1);
#7446=ORIENTED_EDGE('',*,*,#7445,.F.);
#7448=ORIENTED_EDGE('',*,*,#7447,.F.);
#7449=ORIENTED_EDGE('',*,*,#7426,.F.);
#7451=ORIENTED_EDGE('',*,*,#7450,.T.);
#7453=ORIENTED_EDGE('',*,*,#7452,.T.);
#7454=EDGE_LOOP('',(#7446,#7448,#7449,#7451,#7453));
#7455=FACE_OUTER_BOUND('',#7454,.F.);
#7457=CARTESIAN_POINT('',(2.925E0,0.E0,0.E0));
#7458=DIRECTION('',(0.E0,0.E0,1.E0));
#7459=DIRECTION('',(1.E0,0.E0,0.E0));
#7460=AXIS2_PLACEMENT_3D('',#7457,#7458,#7459);
#7461=CYLINDRICAL_SURFACE('',#7460,1.2E0);
#7462=ORIENTED_EDGE('',*,*,#7445,.T.);
#7464=ORIENTED_EDGE('',*,*,#7463,.T.);
#7466=ORIENTED_EDGE('',*,*,#7465,.T.);
#7467=ORIENTED_EDGE('',*,*,#7299,.F.);
#7469=ORIENTED_EDGE('',*,*,#7468,.F.);
#7470=EDGE_LOOP('',(#7462,#7464,#7466,#7467,#7469));
#7471=FACE_OUTER_BOUND('',#7470,.F.);
#7473=CARTESIAN_POINT('',(2.925E0,0.E0,-3.E-1));
#7474=DIRECTION('',(0.E0,0.E0,1.E0));
#7475=DIRECTION('',(-1.821793690686E-2,9.998340396160E-1,0.E0));
#7476=AXIS2_PLACEMENT_3D('',#7473,#7474,#7475);
#7477=TOROIDAL_SURFACE('',#7476,8.999999998856E-1,3.E-1);
#7479=ORIENTED_EDGE('',*,*,#7478,.F.);
#7481=ORIENTED_EDGE('',*,*,#7480,.T.);
#7482=ORIENTED_EDGE('',*,*,#7463,.F.);
#7483=ORIENTED_EDGE('',*,*,#7452,.F.);
#7485=ORIENTED_EDGE('',*,*,#7484,.T.);
#7486=EDGE_LOOP('',(#7479,#7481,#7482,#7483,#7485));
#7487=FACE_OUTER_BOUND('',#7486,.F.);
#7489=CARTESIAN_POINT('',(2.932676058391E0,9.E-1,0.E0));
#7490=DIRECTION('',(0.E0,1.E0,0.E0));
#7491=DIRECTION('',(-1.E0,0.E0,0.E0));
#7492=AXIS2_PLACEMENT_3D('',#7489,#7490,#7491);
#7493=PLANE('',#7492);
#7494=ORIENTED_EDGE('',*,*,#7478,.T.);
#7496=ORIENTED_EDGE('',*,*,#7495,.T.);
#7498=ORIENTED_EDGE('',*,*,#7497,.T.);
#7500=ORIENTED_EDGE('',*,*,#7499,.F.);
#7502=ORIENTED_EDGE('',*,*,#7501,.T.);
#7504=ORIENTED_EDGE('',*,*,#7503,.F.);
#7505=EDGE_LOOP('',(#7494,#7496,#7498,#7500,#7502,#7504));
#7506=FACE_OUTER_BOUND('',#7505,.F.);
#7508=CARTESIAN_POINT('',(2.903677333765E0,-9.002779011679E-1,0.E0));
#7509=CARTESIAN_POINT('',(2.913109623697E0,-8.999102547494E-1,0.E0));
#7510=CARTESIAN_POINT('',(2.923482794071E0,-9.000088434659E-1,0.E0));
#7511=CARTESIAN_POINT('',(2.997057769164E0,-8.999399775095E-1,0.E0));
#7512=CARTESIAN_POINT('',(3.124484101001E0,-8.867127225940E-1,0.E0));
#7513=CARTESIAN_POINT('',(3.305233453703E0,-8.276633753322E-1,0.E0));
#7514=CARTESIAN_POINT('',(3.468891935550E0,-7.326543291274E-1,0.E0));
#7515=CARTESIAN_POINT('',(3.609185192809E0,-6.061406966171E-1,0.E0));
#7516=CARTESIAN_POINT('',(3.720167158462E0,-4.532690478218E-1,0.E0));
#7517=CARTESIAN_POINT('',(3.797130907334E0,-2.804344676177E-1,0.E0));
#7518=CARTESIAN_POINT('',(3.836546669465E0,-9.555036959773E-2,0.E0));
#7519=CARTESIAN_POINT('',(3.836772343509E0,9.323417267598E-2,0.E0));
#7520=CARTESIAN_POINT('',(3.797929607346E0,2.778418079872E-1,0.E0));
#7521=CARTESIAN_POINT('',(3.721736174381E0,4.504604336536E-1,0.E0));
#7522=CARTESIAN_POINT('',(3.611492519633E0,6.035604405559E-1,0.E0));
#7523=CARTESIAN_POINT('',(3.471482825471E0,7.308031868065E-1,0.E0));
#7524=CARTESIAN_POINT('',(3.307478977322E0,8.267201618302E-1,0.E0));
#7525=CARTESIAN_POINT('',(3.125955939509E0,8.864794949765E-1,0.E0));
#7526=CARTESIAN_POINT('',(2.997933268588E0,8.998728519951E-1,0.E0));
#7527=CARTESIAN_POINT('',(2.924122080789E0,9.000186422322E-1,0.E0));
#7528=CARTESIAN_POINT('',(2.913805363095E0,8.998010332996E-1,0.E0));
#7529=CARTESIAN_POINT('',(2.904382739172E0,8.988004092411E-1,0.E0));
#7531=DIRECTION('',(0.E0,0.E0,1.E0));
#7532=VECTOR('',#7531,1.E0);
#7533=SURFACE_OF_LINEAR_EXTRUSION('',#7530,#7532);
#7534=ORIENTED_EDGE('',*,*,#7450,.F.);
#7535=ORIENTED_EDGE('',*,*,#7435,.T.);
#7537=ORIENTED_EDGE('',*,*,#7536,.T.);
#7538=ORIENTED_EDGE('',*,*,#7495,.F.);
#7539=ORIENTED_EDGE('',*,*,#7484,.F.);
#7540=EDGE_LOOP('',(#7534,#7535,#7537,#7538,#7539));
#7541=FACE_OUTER_BOUND('',#7540,.F.);
#7543=CARTESIAN_POINT('',(0.E0,0.E0,-1.5E-1));
#7544=DIRECTION('',(0.E0,0.E0,1.E0));
#7545=DIRECTION('',(1.E0,0.E0,0.E0));
#7546=AXIS2_PLACEMENT_3D('',#7543,#7544,#7545);
#7547=PLANE('',#7546);
#7549=ORIENTED_EDGE('',*,*,#7548,.F.);
#7550=ORIENTED_EDGE('',*,*,#7497,.F.);
#7551=ORIENTED_EDGE('',*,*,#7536,.F.);
#7552=ORIENTED_EDGE('',*,*,#7433,.F.);
#7553=EDGE_LOOP('',(#7549,#7550,#7551,#7552));
#7554=FACE_OUTER_BOUND('',#7553,.F.);
#7556=ORIENTED_EDGE('',*,*,#7555,.F.);
#7558=ORIENTED_EDGE('',*,*,#7557,.F.);
#7560=ORIENTED_EDGE('',*,*,#7559,.F.);
#7562=ORIENTED_EDGE('',*,*,#7561,.F.);
#7564=ORIENTED_EDGE('',*,*,#7563,.F.);
#7566=ORIENTED_EDGE('',*,*,#7565,.F.);
#7568=ORIENTED_EDGE('',*,*,#7567,.F.);
#7570=ORIENTED_EDGE('',*,*,#7569,.F.);
#7571=EDGE_LOOP('',(#7556,#7558,#7560,#7562,#7564,#7566,#7568,#7570));
#7572=FACE_BOUND('',#7571,.F.);
#7574=CARTESIAN_POINT('',(-2.903677333325E0,9.002778837143E-1,0.E0));
#7575=CARTESIAN_POINT('',(-2.913109623404E0,8.999102539889E-1,0.E0));
#7576=CARTESIAN_POINT('',(-2.923482806925E0,9.000088436643E-1,0.E0));
#7577=CARTESIAN_POINT('',(-2.997057796900E0,8.999399761506E-1,0.E0));
#7578=CARTESIAN_POINT('',(-3.124484143796E0,8.867127127636E-1,0.E0));
#7579=CARTESIAN_POINT('',(-3.305233497265E0,8.276633619738E-1,0.E0));
#7580=CARTESIAN_POINT('',(-3.468891976241E0,7.326543143181E-1,0.E0));
#7581=CARTESIAN_POINT('',(-3.609185227649E0,6.061406830637E-1,0.E0));
#7582=CARTESIAN_POINT('',(-3.720167188056E0,4.532690379560E-1,0.E0));
#7583=CARTESIAN_POINT('',(-3.797130934001E0,2.804344621877E-1,0.E0));
#7584=CARTESIAN_POINT('',(-3.836546694837E0,9.555036846681E-2,0.E0));
#7585=CARTESIAN_POINT('',(-3.836772369115E0,-9.323416944495E-2,0.E0));
#7586=CARTESIAN_POINT('',(-3.797929634610E0,-2.778418007392E-1,0.E0));
#7587=CARTESIAN_POINT('',(-3.721736204705E0,-4.504604225226E-1,0.E0));
#7588=CARTESIAN_POINT('',(-3.611492555002E0,-6.035604264133E-1,0.E0));
#7589=CARTESIAN_POINT('',(-3.471482866245E0,-7.308031719026E-1,0.E0));
#7590=CARTESIAN_POINT('',(-3.307479020604E0,-8.267201485856E-1,0.E0));
#7591=CARTESIAN_POINT('',(-3.125955981964E0,-8.864794850977E-1,0.E0));
#7592=CARTESIAN_POINT('',(-2.997933296157E0,-8.998728506162E-1,0.E0));
#7593=CARTESIAN_POINT('',(-2.924122093622E0,-9.000186424304E-1,0.E0));
#7594=CARTESIAN_POINT('',(-2.913805362793E0,-8.998010341027E-1,0.E0));
#7595=CARTESIAN_POINT('',(-2.904382738723E0,-8.988004292567E-1,0.E0));
#7597=DIRECTION('',(0.E0,0.E0,1.E0));
#7598=VECTOR('',#7597,1.E0);
#7599=SURFACE_OF_LINEAR_EXTRUSION('',#7596,#7598);
#7601=ORIENTED_EDGE('',*,*,#7600,.F.);
#7602=ORIENTED_EDGE('',*,*,#7499,.T.);
#7603=ORIENTED_EDGE('',*,*,#7548,.T.);
#7604=ORIENTED_EDGE('',*,*,#7431,.F.);
#7605=ORIENTED_EDGE('',*,*,#7416,.F.);
#7606=EDGE_LOOP('',(#7601,#7602,#7603,#7604,#7605));
#7607=FACE_OUTER_BOUND('',#7606,.F.);
#7609=CARTESIAN_POINT('',(-2.925E0,0.E0,-3.E-1));
#7610=DIRECTION('',(0.E0,0.E0,1.E0));
#7611=DIRECTION('',(1.282753707681E-2,9.999177237616E-1,0.E0));
#7612=AXIS2_PLACEMENT_3D('',#7609,#7610,#7611);
#7613=TOROIDAL_SURFACE('',#7612,8.999999999132E-1,3.E-1);
#7614=ORIENTED_EDGE('',*,*,#7399,.F.);
#7616=ORIENTED_EDGE('',*,*,#7615,.F.);
#7617=ORIENTED_EDGE('',*,*,#7501,.F.);
#7618=ORIENTED_EDGE('',*,*,#7600,.T.);
#7619=ORIENTED_EDGE('',*,*,#7414,.T.);
#7620=EDGE_LOOP('',(#7614,#7616,#7617,#7618,#7619));
#7621=FACE_OUTER_BOUND('',#7620,.F.);
#7623=CARTESIAN_POINT('',(2.9403768E0,9.E-1,-3.E-1));
#7624=DIRECTION('',(-1.E0,0.E0,0.E0));
#7625=DIRECTION('',(0.E0,0.E0,1.E0));
#7626=AXIS2_PLACEMENT_3D('',#7623,#7624,#7625);
#7627=CYLINDRICAL_SURFACE('',#7626,3.E-1);
#7628=ORIENTED_EDGE('',*,*,#7503,.T.);
#7629=ORIENTED_EDGE('',*,*,#7615,.T.);
#7631=ORIENTED_EDGE('',*,*,#7630,.F.);
#7632=ORIENTED_EDGE('',*,*,#7480,.F.);
#7633=EDGE_LOOP('',(#7628,#7629,#7631,#7632));
#7634=FACE_OUTER_BOUND('',#7633,.F.);
#7636=CARTESIAN_POINT('',(2.925E0,1.2E0,0.E0));
#7637=DIRECTION('',(0.E0,1.E0,0.E0));
#7638=DIRECTION('',(-1.E0,0.E0,0.E0));
#7639=AXIS2_PLACEMENT_3D('',#7636,#7637,#7638);
#7640=PLANE('',#7639);
#7641=ORIENTED_EDGE('',*,*,#7630,.T.);
#7642=ORIENTED_EDGE('',*,*,#7397,.T.);
#7643=ORIENTED_EDGE('',*,*,#7301,.F.);
#7644=ORIENTED_EDGE('',*,*,#7465,.F.);
#7645=EDGE_LOOP('',(#7641,#7642,#7643,#7644));
#7646=FACE_OUTER_BOUND('',#7645,.F.);
#7648=CARTESIAN_POINT('',(3.08E0,-3.000014285743E-1,-1.999911972221E-1));
#7649=DIRECTION('',(0.E0,0.E0,1.E0));
#7650=DIRECTION('',(0.E0,-1.E0,0.E0));
#7651=AXIS2_PLACEMENT_3D('',#7648,#7649,#7650);
#7652=CONICAL_SURFACE('',#7651,4.000088027779E-1,4.5E1);
#7653=ORIENTED_EDGE('',*,*,#7555,.T.);
#7655=ORIENTED_EDGE('',*,*,#7654,.T.);
#7657=ORIENTED_EDGE('',*,*,#7656,.F.);
#7659=ORIENTED_EDGE('',*,*,#7658,.T.);
#7660=EDGE_LOOP('',(#7653,#7655,#7657,#7659));
#7661=FACE_OUTER_BOUND('',#7660,.F.);
#7663=CARTESIAN_POINT('',(-5.000000000005E-4,-7.E-1,-2.E-1));
#7664=DIRECTION('',(0.E0,7.071067811865E-1,7.071067811865E-1));
#7665=DIRECTION('',(0.E0,7.071067811865E-1,-7.071067811865E-1));
#7666=AXIS2_PLACEMENT_3D('',#7663,#7664,#7665);
#7667=PLANE('',#7666);
#7668=ORIENTED_EDGE('',*,*,#7569,.T.);
#7670=ORIENTED_EDGE('',*,*,#7669,.T.);
#7672=ORIENTED_EDGE('',*,*,#7671,.F.);
#7673=ORIENTED_EDGE('',*,*,#7654,.F.);
#7674=EDGE_LOOP('',(#7668,#7670,#7672,#7673));
#7675=FACE_OUTER_BOUND('',#7674,.F.);
#7677=CARTESIAN_POINT('',(-3.08E0,-3.E-1,-1.999907242530E-1));
#7678=DIRECTION('',(0.E0,0.E0,1.E0));
#7679=DIRECTION('',(0.E0,-1.E0,0.E0));
#7680=AXIS2_PLACEMENT_3D('',#7677,#7678,#7679);
#7681=CONICAL_SURFACE('',#7680,4.000092757470E-1,4.5E1);
#7683=ORIENTED_EDGE('',*,*,#7682,.F.);
#7684=ORIENTED_EDGE('',*,*,#7669,.F.);
#7685=ORIENTED_EDGE('',*,*,#7567,.T.);
#7687=ORIENTED_EDGE('',*,*,#7686,.F.);
#7688=EDGE_LOOP('',(#7683,#7684,#7685,#7687));
#7689=FACE_OUTER_BOUND('',#7688,.F.);
#7691=CARTESIAN_POINT('',(-3.08E0,-3.E-1,-1.5E-1));
#7692=DIRECTION('',(0.E0,0.E0,1.E0));
#7693=DIRECTION('',(1.E0,0.E0,0.E0));
#7694=AXIS2_PLACEMENT_3D('',#7691,#7692,#7693);
#7695=CYLINDRICAL_SURFACE('',#7694,3.5E-1);
#7697=ORIENTED_EDGE('',*,*,#7696,.F.);
#7699=ORIENTED_EDGE('',*,*,#7698,.F.);
#7701=ORIENTED_EDGE('',*,*,#7700,.T.);
#7703=ORIENTED_EDGE('',*,*,#7702,.F.);
#7704=ORIENTED_EDGE('',*,*,#7682,.T.);
#7705=EDGE_LOOP('',(#7697,#7699,#7701,#7703,#7704));
#7706=FACE_OUTER_BOUND('',#7705,.F.);
#7708=CARTESIAN_POINT('',(-3.415E0,4.013656746636E-1,-1.5E-1));
#7709=DIRECTION('',(-1.E0,0.E0,0.E0));
#7710=DIRECTION('',(0.E0,-1.E0,0.E0));
#7711=AXIS2_PLACEMENT_3D('',#7708,#7709,#7710);
#7712=PLANE('',#7711);
#7714=ORIENTED_EDGE('',*,*,#7713,.F.);
#7716=ORIENTED_EDGE('',*,*,#7715,.T.);
#7718=ORIENTED_EDGE('',*,*,#7717,.T.);
#7720=ORIENTED_EDGE('',*,*,#7719,.F.);
#7721=ORIENTED_EDGE('',*,*,#7696,.T.);
#7723=ORIENTED_EDGE('',*,*,#7722,.T.);
#7725=ORIENTED_EDGE('',*,*,#7724,.F.);
#7727=ORIENTED_EDGE('',*,*,#7726,.F.);
#7729=ORIENTED_EDGE('',*,*,#7728,.F.);
#7731=ORIENTED_EDGE('',*,*,#7730,.T.);
#7733=ORIENTED_EDGE('',*,*,#7732,.T.);
#7735=ORIENTED_EDGE('',*,*,#7734,.F.);
#7736=EDGE_LOOP('',(#7714,#7716,#7718,#7720,#7721,#7723,#7725,#7727,#7729,#7731,
#7733,#7735));
#7737=FACE_OUTER_BOUND('',#7736,.F.);
#7739=CARTESIAN_POINT('',(0.E0,-2.E-1,0.E0));
#7740=DIRECTION('',(0.E0,1.E0,0.E0));
#7741=DIRECTION('',(1.E0,0.E0,0.E0));
#7742=AXIS2_PLACEMENT_3D('',#7739,#7740,#7741);
#7743=PLANE('',#7742);
#7745=ORIENTED_EDGE('',*,*,#7744,.F.);
#7746=ORIENTED_EDGE('',*,*,#7713,.T.);
#7748=ORIENTED_EDGE('',*,*,#7747,.T.);
#7750=ORIENTED_EDGE('',*,*,#7749,.F.);
#7752=ORIENTED_EDGE('',*,*,#7751,.T.);
#7754=ORIENTED_EDGE('',*,*,#7753,.T.);
#7756=ORIENTED_EDGE('',*,*,#7755,.T.);
#7758=ORIENTED_EDGE('',*,*,#7757,.T.);
#7760=ORIENTED_EDGE('',*,*,#7759,.T.);
#7761=EDGE_LOOP('',(#7745,#7746,#7748,#7750,#7752,#7754,#7756,#7758,#7760));
#7762=FACE_OUTER_BOUND('',#7761,.F.);
#7764=CARTESIAN_POINT('',(0.E0,-2.E-1,0.E0));
#7765=DIRECTION('',(0.E0,1.E0,0.E0));
#7766=DIRECTION('',(1.E0,0.E0,0.E0));
#7767=AXIS2_PLACEMENT_3D('',#7764,#7765,#7766);
#7768=PLANE('',#7767);
#7770=ORIENTED_EDGE('',*,*,#7769,.F.);
#7772=ORIENTED_EDGE('',*,*,#7771,.T.);
#7774=ORIENTED_EDGE('',*,*,#7773,.T.);
#7776=ORIENTED_EDGE('',*,*,#7775,.T.);
#7778=ORIENTED_EDGE('',*,*,#7777,.T.);
#7780=ORIENTED_EDGE('',*,*,#7779,.T.);
#7782=ORIENTED_EDGE('',*,*,#7781,.F.);
#7784=ORIENTED_EDGE('',*,*,#7783,.T.);
#7786=ORIENTED_EDGE('',*,*,#7785,.F.);
#7787=EDGE_LOOP('',(#7770,#7772,#7774,#7776,#7778,#7780,#7782,#7784,#7786));
#7788=FACE_OUTER_BOUND('',#7787,.F.);
#7790=CARTESIAN_POINT('',(0.E0,0.E0,-4.65E0));
#7791=DIRECTION('',(0.E0,0.E0,1.E0));
#7792=DIRECTION('',(1.E0,0.E0,0.E0));
#7793=AXIS2_PLACEMENT_3D('',#7790,#7791,#7792);
#7794=PLANE('',#7793);
#7795=ORIENTED_EDGE('',*,*,#7744,.T.);
#7797=ORIENTED_EDGE('',*,*,#7796,.T.);
#7799=ORIENTED_EDGE('',*,*,#7798,.F.);
#7800=ORIENTED_EDGE('',*,*,#7730,.F.);
#7802=ORIENTED_EDGE('',*,*,#7801,.T.);
#7804=ORIENTED_EDGE('',*,*,#7803,.F.);
#7806=ORIENTED_EDGE('',*,*,#7805,.F.);
#7808=ORIENTED_EDGE('',*,*,#7807,.F.);
#7809=ORIENTED_EDGE('',*,*,#7769,.T.);
#7811=ORIENTED_EDGE('',*,*,#7810,.F.);
#7813=ORIENTED_EDGE('',*,*,#7812,.F.);
#7814=ORIENTED_EDGE('',*,*,#7715,.F.);
#7815=EDGE_LOOP('',(#7795,#7797,#7799,#7800,#7802,#7804,#7806,#7808,#7809,#7811,
#7813,#7814));
#7816=FACE_OUTER_BOUND('',#7815,.F.);
#7818=CARTESIAN_POINT('',(-3.3E0,-2.E-1,-4.36E0));
#7819=DIRECTION('',(1.E0,0.E0,0.E0));
#7820=DIRECTION('',(0.E0,0.E0,-1.E0));
#7821=AXIS2_PLACEMENT_3D('',#7818,#7819,#7820);
#7822=PLANE('',#7821);
#7823=ORIENTED_EDGE('',*,*,#7796,.F.);
#7824=ORIENTED_EDGE('',*,*,#7759,.F.);
#7826=ORIENTED_EDGE('',*,*,#7825,.T.);
#7828=ORIENTED_EDGE('',*,*,#7827,.T.);
#7829=EDGE_LOOP('',(#7823,#7824,#7826,#7828));
#7830=FACE_OUTER_BOUND('',#7829,.F.);
#7832=CARTESIAN_POINT('',(-3.39E0,-2.E-1,-3.860001315281E0));
#7833=DIRECTION('',(9.841832427237E-1,0.E0,1.771534497034E-1));
#7834=DIRECTION('',(1.771534497034E-1,0.E0,-9.841832427237E-1));
#7835=AXIS2_PLACEMENT_3D('',#7832,#7833,#7834);
#7836=PLANE('',#7835);
#7837=ORIENTED_EDGE('',*,*,#7757,.F.);
#7839=ORIENTED_EDGE('',*,*,#7838,.T.);
#7841=ORIENTED_EDGE('',*,*,#7840,.T.);
#7842=ORIENTED_EDGE('',*,*,#7825,.F.);
#7843=EDGE_LOOP('',(#7837,#7839,#7841,#7842));
#7844=FACE_OUTER_BOUND('',#7843,.F.);
#7846=CARTESIAN_POINT('',(-3.39E0,-2.E-1,-3.200001315281E0));
#7847=DIRECTION('',(1.E0,0.E0,0.E0));
#7848=DIRECTION('',(0.E0,0.E0,-1.E0));
#7849=AXIS2_PLACEMENT_3D('',#7846,#7847,#7848);
#7850=PLANE('',#7849);
#7851=ORIENTED_EDGE('',*,*,#7755,.F.);
#7853=ORIENTED_EDGE('',*,*,#7852,.T.);
#7855=ORIENTED_EDGE('',*,*,#7854,.T.);
#7856=ORIENTED_EDGE('',*,*,#7838,.F.);
#7857=EDGE_LOOP('',(#7851,#7853,#7855,#7856));
#7858=FACE_OUTER_BOUND('',#7857,.F.);
#7860=CARTESIAN_POINT('',(-3.26E0,-2.E-1,-3.200001315281E0));
#7861=DIRECTION('',(0.E0,1.E0,0.E0));
#7862=DIRECTION('',(1.E0,0.E0,0.E0));
#7863=AXIS2_PLACEMENT_3D('',#7860,#7861,#7862);
#7864=CYLINDRICAL_SURFACE('',#7863,1.3E-1);
#7865=ORIENTED_EDGE('',*,*,#7753,.F.);
#7867=ORIENTED_EDGE('',*,*,#7866,.T.);
#7869=ORIENTED_EDGE('',*,*,#7868,.T.);
#7870=ORIENTED_EDGE('',*,*,#7852,.F.);
#7871=EDGE_LOOP('',(#7865,#7867,#7869,#7870));
#7872=FACE_OUTER_BOUND('',#7871,.F.);
#7874=CARTESIAN_POINT('',(-3.285734543520E0,-2.E-1,-3.070609252282E0));
#7875=DIRECTION('',(3.592150925560E-1,0.E0,-9.332547976196E-1));
#7876=DIRECTION('',(-9.332547976196E-1,0.E0,-3.592150925560E-1));
#7877=AXIS2_PLACEMENT_3D('',#7874,#7875,#7876);
#7878=PLANE('',#7877);
#7879=ORIENTED_EDGE('',*,*,#7751,.F.);
#7881=ORIENTED_EDGE('',*,*,#7880,.T.);
#7883=ORIENTED_EDGE('',*,*,#7882,.T.);
#7884=ORIENTED_EDGE('',*,*,#7866,.F.);
#7885=EDGE_LOOP('',(#7879,#7881,#7883,#7884));
#7886=FACE_OUTER_BOUND('',#7885,.F.);
#7888=CARTESIAN_POINT('',(-3.389906920361E0,-2.E-1,-2.799965360972E0));
#7889=DIRECTION('',(0.E0,1.E0,0.E0));
#7890=DIRECTION('',(1.E0,0.E0,0.E0));
#7891=AXIS2_PLACEMENT_3D('',#7888,#7889,#7890);
#7892=CYLINDRICAL_SURFACE('',#7891,2.9E-1);
#7894=ORIENTED_EDGE('',*,*,#7893,.T.);
#7895=ORIENTED_EDGE('',*,*,#7880,.F.);
#7896=ORIENTED_EDGE('',*,*,#7749,.T.);
#7898=ORIENTED_EDGE('',*,*,#7897,.T.);
#7899=EDGE_LOOP('',(#7894,#7895,#7896,#7898));
#7900=FACE_OUTER_BOUND('',#7899,.F.);
#7902=CARTESIAN_POINT('',(0.E0,2.E-1,0.E0));
#7903=DIRECTION('',(0.E0,1.E0,0.E0));
#7904=DIRECTION('',(1.E0,0.E0,0.E0));
#7905=AXIS2_PLACEMENT_3D('',#7902,#7903,#7904);
#7906=PLANE('',#7905);
#7907=ORIENTED_EDGE('',*,*,#7798,.T.);
#7908=ORIENTED_EDGE('',*,*,#7827,.F.);
#7909=ORIENTED_EDGE('',*,*,#7840,.F.);
#7910=ORIENTED_EDGE('',*,*,#7854,.F.);
#7911=ORIENTED_EDGE('',*,*,#7868,.F.);
#7912=ORIENTED_EDGE('',*,*,#7882,.F.);
#7913=ORIENTED_EDGE('',*,*,#7893,.F.);
#7915=ORIENTED_EDGE('',*,*,#7914,.F.);
#7916=ORIENTED_EDGE('',*,*,#7732,.F.);
#7917=EDGE_LOOP('',(#7907,#7908,#7909,#7910,#7911,#7912,#7913,#7915,#7916));
#7918=FACE_OUTER_BOUND('',#7917,.F.);
#7920=CARTESIAN_POINT('',(0.E0,2.E-1,0.E0));
#7921=DIRECTION('',(0.E0,1.E0,0.E0));
#7922=DIRECTION('',(1.E0,0.E0,0.E0));
#7923=AXIS2_PLACEMENT_3D('',#7920,#7921,#7922);
#7924=PLANE('',#7923);
#7925=ORIENTED_EDGE('',*,*,#7805,.T.);
#7927=ORIENTED_EDGE('',*,*,#7926,.T.);
#7929=ORIENTED_EDGE('',*,*,#7928,.F.);
#7931=ORIENTED_EDGE('',*,*,#7930,.F.);
#7933=ORIENTED_EDGE('',*,*,#7932,.F.);
#7935=ORIENTED_EDGE('',*,*,#7934,.F.);
#7937=ORIENTED_EDGE('',*,*,#7936,.F.);
#7939=ORIENTED_EDGE('',*,*,#7938,.F.);
#7941=ORIENTED_EDGE('',*,*,#7940,.F.);
#7942=EDGE_LOOP('',(#7925,#7927,#7929,#7931,#7933,#7935,#7937,#7939,#7941));
#7943=FACE_OUTER_BOUND('',#7942,.F.);
#7945=CARTESIAN_POINT('',(-3.415E0,-2.E-1,-2.243E0));
#7946=DIRECTION('',(8.297980651664E-1,0.E0,5.580637696949E-1));
#7947=DIRECTION('',(5.580637696949E-1,0.E0,-8.297980651664E-1));
#7948=AXIS2_PLACEMENT_3D('',#7945,#7946,#7947);
#7949=PLANE('',#7948);
#7950=ORIENTED_EDGE('',*,*,#7734,.T.);
#7951=ORIENTED_EDGE('',*,*,#7914,.T.);
#7952=ORIENTED_EDGE('',*,*,#7897,.F.);
#7953=ORIENTED_EDGE('',*,*,#7747,.F.);
#7954=EDGE_LOOP('',(#7950,#7951,#7952,#7953));
#7955=FACE_OUTER_BOUND('',#7954,.F.);
#7957=CARTESIAN_POINT('',(3.415410622540E0,-4.E-1,-1.5E-1));
#7958=DIRECTION('',(1.E0,0.E0,0.E0));
#7959=DIRECTION('',(0.E0,1.E0,0.E0));
#7960=AXIS2_PLACEMENT_3D('',#7957,#7958,#7959);
#7961=PLANE('',#7960);
#7962=ORIENTED_EDGE('',*,*,#7785,.T.);
#7964=ORIENTED_EDGE('',*,*,#7963,.T.);
#7965=ORIENTED_EDGE('',*,*,#7926,.F.);
#7966=ORIENTED_EDGE('',*,*,#7803,.T.);
#7968=ORIENTED_EDGE('',*,*,#7967,.T.);
#7970=ORIENTED_EDGE('',*,*,#7969,.F.);
#7972=ORIENTED_EDGE('',*,*,#7971,.T.);
#7974=ORIENTED_EDGE('',*,*,#7973,.F.);
#7976=ORIENTED_EDGE('',*,*,#7975,.F.);
#7977=ORIENTED_EDGE('',*,*,#7810,.T.);
#7978=EDGE_LOOP('',(#7962,#7964,#7965,#7966,#7968,#7970,#7972,#7974,#7976,
#7977));
#7979=FACE_OUTER_BOUND('',#7978,.F.);
#7981=CARTESIAN_POINT('',(3.149265481463E0,-2.E-1,-2.638126867761E0));
#7982=DIRECTION('',(-8.297980651664E-1,0.E0,5.580637696949E-1));
#7983=DIRECTION('',(5.580637696949E-1,0.E0,8.297980651664E-1));
#7984=AXIS2_PLACEMENT_3D('',#7981,#7982,#7983);
#7985=PLANE('',#7984);
#7986=ORIENTED_EDGE('',*,*,#7963,.F.);
#7987=ORIENTED_EDGE('',*,*,#7783,.F.);
#7989=ORIENTED_EDGE('',*,*,#7988,.T.);
#7990=ORIENTED_EDGE('',*,*,#7928,.T.);
#7991=EDGE_LOOP('',(#7986,#7987,#7989,#7990));
#7992=FACE_OUTER_BOUND('',#7991,.F.);
#7994=CARTESIAN_POINT('',(3.389906920361E0,-2.E-1,-2.799965360972E0));
#7995=DIRECTION('',(0.E0,1.E0,0.E0));
#7996=DIRECTION('',(1.E0,0.E0,0.E0));
#7997=AXIS2_PLACEMENT_3D('',#7994,#7995,#7996);
#7998=CYLINDRICAL_SURFACE('',#7997,2.9E-1);
#7999=ORIENTED_EDGE('',*,*,#7930,.T.);
#8000=ORIENTED_EDGE('',*,*,#7988,.F.);
#8001=ORIENTED_EDGE('',*,*,#7781,.T.);
#8003=ORIENTED_EDGE('',*,*,#8002,.T.);
#8004=EDGE_LOOP('',(#7999,#8000,#8001,#8003));
#8005=FACE_OUTER_BOUND('',#8004,.F.);
#8007=CARTESIAN_POINT('',(3.306697962032E0,-2.E-1,-3.078678191590E0));
#8008=DIRECTION('',(-3.592150925560E-1,0.E0,-9.332547976196E-1));
#8009=DIRECTION('',(-9.332547976196E-1,0.E0,3.592150925560E-1));
#8010=AXIS2_PLACEMENT_3D('',#8007,#8008,#8009);
#8011=PLANE('',#8010);
#8012=ORIENTED_EDGE('',*,*,#7779,.F.);
#8014=ORIENTED_EDGE('',*,*,#8013,.T.);
#8015=ORIENTED_EDGE('',*,*,#7932,.T.);
#8016=ORIENTED_EDGE('',*,*,#8002,.F.);
#8017=EDGE_LOOP('',(#8012,#8014,#8015,#8016));
#8018=FACE_OUTER_BOUND('',#8017,.F.);
#8020=CARTESIAN_POINT('',(3.26E0,-2.E-1,-3.200001315281E0));
#8021=DIRECTION('',(0.E0,1.E0,0.E0));
#8022=DIRECTION('',(1.E0,0.E0,0.E0));
#8023=AXIS2_PLACEMENT_3D('',#8020,#8021,#8022);
#8024=CYLINDRICAL_SURFACE('',#8023,1.3E-1);
#8025=ORIENTED_EDGE('',*,*,#7777,.F.);
#8027=ORIENTED_EDGE('',*,*,#8026,.T.);
#8028=ORIENTED_EDGE('',*,*,#7934,.T.);
#8029=ORIENTED_EDGE('',*,*,#8013,.F.);
#8030=EDGE_LOOP('',(#8025,#8027,#8028,#8029));
#8031=FACE_OUTER_BOUND('',#8030,.F.);
#8033=CARTESIAN_POINT('',(3.39E0,-2.E-1,-3.860001315281E0));
#8034=DIRECTION('',(-1.E0,0.E0,0.E0));
#8035=DIRECTION('',(0.E0,0.E0,1.E0));
#8036=AXIS2_PLACEMENT_3D('',#8033,#8034,#8035);
#8037=PLANE('',#8036);
#8038=ORIENTED_EDGE('',*,*,#7775,.F.);
#8040=ORIENTED_EDGE('',*,*,#8039,.T.);
#8041=ORIENTED_EDGE('',*,*,#7936,.T.);
#8042=ORIENTED_EDGE('',*,*,#8026,.F.);
#8043=EDGE_LOOP('',(#8038,#8040,#8041,#8042));
#8044=FACE_OUTER_BOUND('',#8043,.F.);
#8046=CARTESIAN_POINT('',(3.3E0,-2.E-1,-4.36E0));
#8047=DIRECTION('',(-9.841832427237E-1,0.E0,1.771534497034E-1));
#8048=DIRECTION('',(1.771534497034E-1,0.E0,9.841832427237E-1));
#8049=AXIS2_PLACEMENT_3D('',#8046,#8047,#8048);
#8050=PLANE('',#8049);
#8051=ORIENTED_EDGE('',*,*,#7773,.F.);
#8053=ORIENTED_EDGE('',*,*,#8052,.T.);
#8054=ORIENTED_EDGE('',*,*,#7938,.T.);
#8055=ORIENTED_EDGE('',*,*,#8039,.F.);
#8056=EDGE_LOOP('',(#8051,#8053,#8054,#8055));
#8057=FACE_OUTER_BOUND('',#8056,.F.);
#8059=CARTESIAN_POINT('',(3.3E0,-2.E-1,-4.65E0));
#8060=DIRECTION('',(-1.E0,0.E0,0.E0));
#8061=DIRECTION('',(0.E0,0.E0,1.E0));
#8062=AXIS2_PLACEMENT_3D('',#8059,#8060,#8061);
#8063=PLANE('',#8062);
#8064=ORIENTED_EDGE('',*,*,#7807,.T.);
#8065=ORIENTED_EDGE('',*,*,#7940,.T.);
#8066=ORIENTED_EDGE('',*,*,#8052,.F.);
#8067=ORIENTED_EDGE('',*,*,#7771,.F.);
#8068=EDGE_LOOP('',(#8064,#8065,#8066,#8067));
#8069=FACE_OUTER_BOUND('',#8068,.F.);
#8071=CARTESIAN_POINT('',(-3.415E0,4.E-1,-4.65E0));
#8072=DIRECTION('',(0.E0,-1.E0,0.E0));
#8073=DIRECTION('',(1.E0,0.E0,0.E0));
#8074=AXIS2_PLACEMENT_3D('',#8071,#8072,#8073);
#8075=PLANE('',#8074);
#8077=ORIENTED_EDGE('',*,*,#8076,.T.);
#8078=ORIENTED_EDGE('',*,*,#7967,.F.);
#8079=ORIENTED_EDGE('',*,*,#7801,.F.);
#8080=ORIENTED_EDGE('',*,*,#7728,.T.);
#8081=EDGE_LOOP('',(#8077,#8078,#8079,#8080));
#8082=FACE_OUTER_BOUND('',#8081,.F.);
#8084=ORIENTED_EDGE('',*,*,#8083,.T.);
#8086=ORIENTED_EDGE('',*,*,#8085,.T.);
#8088=ORIENTED_EDGE('',*,*,#8087,.F.);
#8090=ORIENTED_EDGE('',*,*,#8089,.F.);
#8091=EDGE_LOOP('',(#8084,#8086,#8088,#8090));
#8092=FACE_BOUND('',#8091,.F.);
#8094=ORIENTED_EDGE('',*,*,#8093,.T.);
#8096=ORIENTED_EDGE('',*,*,#8095,.T.);
#8098=ORIENTED_EDGE('',*,*,#8097,.F.);
#8100=ORIENTED_EDGE('',*,*,#8099,.F.);
#8101=EDGE_LOOP('',(#8094,#8096,#8098,#8100));
#8102=FACE_BOUND('',#8101,.F.);
#8104=ORIENTED_EDGE('',*,*,#8103,.T.);
#8106=ORIENTED_EDGE('',*,*,#8105,.T.);
#8108=ORIENTED_EDGE('',*,*,#8107,.F.);
#8110=ORIENTED_EDGE('',*,*,#8109,.F.);
#8111=EDGE_LOOP('',(#8104,#8106,#8108,#8110));
#8112=FACE_BOUND('',#8111,.F.);
#8114=ORIENTED_EDGE('',*,*,#8113,.T.);
#8116=ORIENTED_EDGE('',*,*,#8115,.T.);
#8118=ORIENTED_EDGE('',*,*,#8117,.F.);
#8120=ORIENTED_EDGE('',*,*,#8119,.F.);
#8121=EDGE_LOOP('',(#8114,#8116,#8118,#8120));
#8122=FACE_BOUND('',#8121,.F.);
#8124=ORIENTED_EDGE('',*,*,#8123,.T.);
#8126=ORIENTED_EDGE('',*,*,#8125,.T.);
#8128=ORIENTED_EDGE('',*,*,#8127,.F.);
#8130=ORIENTED_EDGE('',*,*,#8129,.F.);
#8131=EDGE_LOOP('',(#8124,#8126,#8128,#8130));
#8132=FACE_BOUND('',#8131,.F.);
#8134=ORIENTED_EDGE('',*,*,#8133,.T.);
#8136=ORIENTED_EDGE('',*,*,#8135,.T.);
#8138=ORIENTED_EDGE('',*,*,#8137,.F.);
#8140=ORIENTED_EDGE('',*,*,#8139,.F.);
#8141=EDGE_LOOP('',(#8134,#8136,#8138,#8140));
#8142=FACE_BOUND('',#8141,.F.);
#8144=ORIENTED_EDGE('',*,*,#8143,.T.);
#8146=ORIENTED_EDGE('',*,*,#8145,.T.);
#8148=ORIENTED_EDGE('',*,*,#8147,.F.);
#8150=ORIENTED_EDGE('',*,*,#8149,.F.);
#8151=EDGE_LOOP('',(#8144,#8146,#8148,#8150));
#8152=FACE_BOUND('',#8151,.F.);
#8154=ORIENTED_EDGE('',*,*,#8153,.T.);
#8156=ORIENTED_EDGE('',*,*,#8155,.T.);
#8158=ORIENTED_EDGE('',*,*,#8157,.F.);
#8160=ORIENTED_EDGE('',*,*,#8159,.F.);
#8161=EDGE_LOOP('',(#8154,#8156,#8158,#8160));
#8162=FACE_BOUND('',#8161,.F.);
#8164=ORIENTED_EDGE('',*,*,#8163,.T.);
#8166=ORIENTED_EDGE('',*,*,#8165,.T.);
#8168=ORIENTED_EDGE('',*,*,#8167,.F.);
#8170=ORIENTED_EDGE('',*,*,#8169,.F.);
#8171=EDGE_LOOP('',(#8164,#8166,#8168,#8170));
#8172=FACE_BOUND('',#8171,.F.);
#8174=ORIENTED_EDGE('',*,*,#8173,.T.);
#8176=ORIENTED_EDGE('',*,*,#8175,.T.);
#8178=ORIENTED_EDGE('',*,*,#8177,.F.);
#8180=ORIENTED_EDGE('',*,*,#8179,.F.);
#8181=EDGE_LOOP('',(#8174,#8176,#8178,#8180));
#8182=FACE_BOUND('',#8181,.F.);
#8184=ORIENTED_EDGE('',*,*,#8183,.T.);
#8186=ORIENTED_EDGE('',*,*,#8185,.T.);
#8188=ORIENTED_EDGE('',*,*,#8187,.F.);
#8190=ORIENTED_EDGE('',*,*,#8189,.F.);
#8191=EDGE_LOOP('',(#8184,#8186,#8188,#8190));
#8192=FACE_BOUND('',#8191,.F.);
#8194=ORIENTED_EDGE('',*,*,#8193,.T.);
#8196=ORIENTED_EDGE('',*,*,#8195,.T.);
#8198=ORIENTED_EDGE('',*,*,#8197,.F.);
#8200=ORIENTED_EDGE('',*,*,#8199,.F.);
#8201=EDGE_LOOP('',(#8194,#8196,#8198,#8200));
#8202=FACE_BOUND('',#8201,.F.);
#8204=CARTESIAN_POINT('',(6.227212541177E-7,4.65E-1,-1.635E0));
#8205=DIRECTION('',(0.E0,-7.071067811865E-1,7.071067811865E-1));
#8206=DIRECTION('',(0.E0,-7.071067811865E-1,-7.071067811865E-1));
#8207=AXIS2_PLACEMENT_3D('',#8204,#8205,#8206);
#8208=PLANE('',#8207);
#8209=ORIENTED_EDGE('',*,*,#8076,.F.);
#8210=ORIENTED_EDGE('',*,*,#7726,.T.);
#8212=ORIENTED_EDGE('',*,*,#8211,.T.);
#8214=ORIENTED_EDGE('',*,*,#8213,.T.);
#8216=ORIENTED_EDGE('',*,*,#8215,.T.);
#8217=EDGE_LOOP('',(#8209,#8210,#8212,#8214,#8216));
#8218=FACE_OUTER_BOUND('',#8217,.F.);
#8220=CARTESIAN_POINT('',(-3.08E0,3.E-1,-1.5E-1));
#8221=DIRECTION('',(0.E0,0.E0,1.E0));
#8222=DIRECTION('',(1.E0,0.E0,0.E0));
#8223=AXIS2_PLACEMENT_3D('',#8220,#8221,#8222);
#8224=CYLINDRICAL_SURFACE('',#8223,3.5E-1);
#8226=ORIENTED_EDGE('',*,*,#8225,.T.);
#8227=ORIENTED_EDGE('',*,*,#8211,.F.);
#8228=ORIENTED_EDGE('',*,*,#7724,.T.);
#8230=ORIENTED_EDGE('',*,*,#8229,.T.);
#8232=ORIENTED_EDGE('',*,*,#8231,.T.);
#8233=EDGE_LOOP('',(#8226,#8227,#8228,#8230,#8232));
#8234=FACE_OUTER_BOUND('',#8233,.F.);
#8236=CARTESIAN_POINT('',(0.E0,0.E0,-1.57E0));
#8237=DIRECTION('',(0.E0,0.E0,1.E0));
#8238=DIRECTION('',(1.E0,0.E0,0.E0));
#8239=AXIS2_PLACEMENT_3D('',#8236,#8237,#8238);
#8240=PLANE('',#8239);
#8242=ORIENTED_EDGE('',*,*,#8241,.F.);
#8244=ORIENTED_EDGE('',*,*,#8243,.F.);
#8246=ORIENTED_EDGE('',*,*,#8245,.F.);
#8247=ORIENTED_EDGE('',*,*,#7700,.F.);
#8248=EDGE_LOOP('',(#8242,#8244,#8246,#8247));
#8249=FACE_OUTER_BOUND('',#8248,.F.);
#8251=CARTESIAN_POINT('',(0.E0,0.E0,-1.57E0));
#8252=DIRECTION('',(0.E0,0.E0,1.E0));
#8253=DIRECTION('',(1.E0,0.E0,0.E0));
#8254=AXIS2_PLACEMENT_3D('',#8251,#8252,#8253);
#8255=PLANE('',#8254);
#8256=ORIENTED_EDGE('',*,*,#8213,.F.);
#8257=ORIENTED_EDGE('',*,*,#8225,.F.);
#8259=ORIENTED_EDGE('',*,*,#8258,.F.);
#8261=ORIENTED_EDGE('',*,*,#8260,.F.);
#8262=EDGE_LOOP('',(#8256,#8257,#8259,#8261));
#8263=FACE_OUTER_BOUND('',#8262,.F.);
#8265=CARTESIAN_POINT('',(6.227212612231E-7,-4.65E-1,-1.635E0));
#8266=DIRECTION('',(0.E0,7.071067811865E-1,7.071067811865E-1));
#8267=DIRECTION('',(0.E0,7.071067811865E-1,-7.071067811865E-1));
#8268=AXIS2_PLACEMENT_3D('',#8265,#8266,#8267);
#8269=PLANE('',#8268);
#8271=ORIENTED_EDGE('',*,*,#8270,.F.);
#8273=ORIENTED_EDGE('',*,*,#8272,.T.);
#8274=ORIENTED_EDGE('',*,*,#8241,.T.);
#8275=ORIENTED_EDGE('',*,*,#7698,.T.);
#8276=ORIENTED_EDGE('',*,*,#7719,.T.);
#8277=EDGE_LOOP('',(#8271,#8273,#8274,#8275,#8276));
#8278=FACE_OUTER_BOUND('',#8277,.F.);
#8280=CARTESIAN_POINT('',(3.485E0,-4.E-1,-4.65E0));
#8281=DIRECTION('',(0.E0,1.E0,0.E0));
#8282=DIRECTION('',(-1.E0,0.E0,0.E0));
#8283=AXIS2_PLACEMENT_3D('',#8280,#8281,#8282);
#8284=PLANE('',#8283);
#8285=ORIENTED_EDGE('',*,*,#8270,.T.);
#8286=ORIENTED_EDGE('',*,*,#7717,.F.);
#8287=ORIENTED_EDGE('',*,*,#7812,.T.);
#8288=ORIENTED_EDGE('',*,*,#7975,.T.);
#8289=EDGE_LOOP('',(#8285,#8286,#8287,#8288));
#8290=FACE_OUTER_BOUND('',#8289,.F.);
#8292=ORIENTED_EDGE('',*,*,#8291,.F.);
#8294=ORIENTED_EDGE('',*,*,#8293,.T.);
#8296=ORIENTED_EDGE('',*,*,#8295,.T.);
#8298=ORIENTED_EDGE('',*,*,#8297,.F.);
#8299=EDGE_LOOP('',(#8292,#8294,#8296,#8298));
#8300=FACE_BOUND('',#8299,.F.);
#8302=ORIENTED_EDGE('',*,*,#8301,.F.);
#8304=ORIENTED_EDGE('',*,*,#8303,.T.);
#8306=ORIENTED_EDGE('',*,*,#8305,.T.);
#8308=ORIENTED_EDGE('',*,*,#8307,.F.);
#8309=EDGE_LOOP('',(#8302,#8304,#8306,#8308));
#8310=FACE_BOUND('',#8309,.F.);
#8312=ORIENTED_EDGE('',*,*,#8311,.F.);
#8314=ORIENTED_EDGE('',*,*,#8313,.T.);
#8316=ORIENTED_EDGE('',*,*,#8315,.T.);
#8318=ORIENTED_EDGE('',*,*,#8317,.F.);
#8319=EDGE_LOOP('',(#8312,#8314,#8316,#8318));
#8320=FACE_BOUND('',#8319,.F.);
#8322=ORIENTED_EDGE('',*,*,#8321,.F.);
#8324=ORIENTED_EDGE('',*,*,#8323,.T.);
#8326=ORIENTED_EDGE('',*,*,#8325,.T.);
#8328=ORIENTED_EDGE('',*,*,#8327,.F.);
#8329=EDGE_LOOP('',(#8322,#8324,#8326,#8328));
#8330=FACE_BOUND('',#8329,.F.);
#8332=ORIENTED_EDGE('',*,*,#8331,.F.);
#8334=ORIENTED_EDGE('',*,*,#8333,.T.);
#8336=ORIENTED_EDGE('',*,*,#8335,.T.);
#8338=ORIENTED_EDGE('',*,*,#8337,.F.);
#8339=EDGE_LOOP('',(#8332,#8334,#8336,#8338));
#8340=FACE_BOUND('',#8339,.F.);
#8342=ORIENTED_EDGE('',*,*,#8341,.F.);
#8344=ORIENTED_EDGE('',*,*,#8343,.T.);
#8346=ORIENTED_EDGE('',*,*,#8345,.T.);
#8348=ORIENTED_EDGE('',*,*,#8347,.F.);
#8349=EDGE_LOOP('',(#8342,#8344,#8346,#8348));
#8350=FACE_BOUND('',#8349,.F.);
#8352=ORIENTED_EDGE('',*,*,#8351,.F.);
#8354=ORIENTED_EDGE('',*,*,#8353,.T.);
#8356=ORIENTED_EDGE('',*,*,#8355,.T.);
#8358=ORIENTED_EDGE('',*,*,#8357,.F.);
#8359=EDGE_LOOP('',(#8352,#8354,#8356,#8358));
#8360=FACE_BOUND('',#8359,.F.);
#8362=ORIENTED_EDGE('',*,*,#8361,.F.);
#8364=ORIENTED_EDGE('',*,*,#8363,.T.);
#8366=ORIENTED_EDGE('',*,*,#8365,.T.);
#8368=ORIENTED_EDGE('',*,*,#8367,.F.);
#8369=EDGE_LOOP('',(#8362,#8364,#8366,#8368));
#8370=FACE_BOUND('',#8369,.F.);
#8372=ORIENTED_EDGE('',*,*,#8371,.F.);
#8374=ORIENTED_EDGE('',*,*,#8373,.T.);
#8376=ORIENTED_EDGE('',*,*,#8375,.T.);
#8378=ORIENTED_EDGE('',*,*,#8377,.F.);
#8379=EDGE_LOOP('',(#8372,#8374,#8376,#8378));
#8380=FACE_BOUND('',#8379,.F.);
#8382=ORIENTED_EDGE('',*,*,#8381,.F.);
#8384=ORIENTED_EDGE('',*,*,#8383,.T.);
#8386=ORIENTED_EDGE('',*,*,#8385,.T.);
#8388=ORIENTED_EDGE('',*,*,#8387,.F.);
#8389=EDGE_LOOP('',(#8382,#8384,#8386,#8388));
#8390=FACE_BOUND('',#8389,.F.);
#8392=ORIENTED_EDGE('',*,*,#8391,.F.);
#8394=ORIENTED_EDGE('',*,*,#8393,.T.);
#8396=ORIENTED_EDGE('',*,*,#8395,.T.);
#8398=ORIENTED_EDGE('',*,*,#8397,.F.);
#8399=EDGE_LOOP('',(#8392,#8394,#8396,#8398));
#8400=FACE_BOUND('',#8399,.F.);
#8402=ORIENTED_EDGE('',*,*,#8401,.F.);
#8404=ORIENTED_EDGE('',*,*,#8403,.T.);
#8406=ORIENTED_EDGE('',*,*,#8405,.T.);
#8408=ORIENTED_EDGE('',*,*,#8407,.F.);
#8409=EDGE_LOOP('',(#8402,#8404,#8406,#8408));
#8410=FACE_BOUND('',#8409,.F.);
#8412=CARTESIAN_POINT('',(-2.85E0,0.E0,0.E0));
#8413=DIRECTION('',(1.E0,0.E0,0.E0));
#8414=DIRECTION('',(0.E0,-1.E0,0.E0));
#8415=AXIS2_PLACEMENT_3D('',#8412,#8413,#8414);
#8416=PLANE('',#8415);
#8417=ORIENTED_EDGE('',*,*,#8291,.T.);
#8419=ORIENTED_EDGE('',*,*,#8418,.T.);
#8421=ORIENTED_EDGE('',*,*,#8420,.T.);
#8423=ORIENTED_EDGE('',*,*,#8422,.T.);
#8425=ORIENTED_EDGE('',*,*,#8424,.T.);
#8426=EDGE_LOOP('',(#8417,#8419,#8421,#8423,#8425));
#8427=FACE_OUTER_BOUND('',#8426,.F.);
#8429=CARTESIAN_POINT('',(-2.85E0,0.E0,0.E0));
#8430=DIRECTION('',(1.E0,0.E0,0.E0));
#8431=DIRECTION('',(0.E0,-1.E0,0.E0));
#8432=AXIS2_PLACEMENT_3D('',#8429,#8430,#8431);
#8433=PLANE('',#8432);
#8434=ORIENTED_EDGE('',*,*,#8083,.F.);
#8436=ORIENTED_EDGE('',*,*,#8435,.T.);
#8438=ORIENTED_EDGE('',*,*,#8437,.T.);
#8440=ORIENTED_EDGE('',*,*,#8439,.T.);
#8442=ORIENTED_EDGE('',*,*,#8441,.T.);
#8443=EDGE_LOOP('',(#8434,#8436,#8438,#8440,#8442));
#8444=FACE_OUTER_BOUND('',#8443,.F.);
#8446=CARTESIAN_POINT('',(-2.85E0,-4.E-1,-4.049617674039E0));
#8447=DIRECTION('',(0.E0,9.925461516413E-1,-1.218693434051E-1));
#8448=DIRECTION('',(0.E0,1.218693434051E-1,9.925461516413E-1));
#8449=AXIS2_PLACEMENT_3D('',#8446,#8447,#8448);
#8450=PLANE('',#8449);
#8451=ORIENTED_EDGE('',*,*,#8297,.T.);
#8453=ORIENTED_EDGE('',*,*,#8452,.T.);
#8455=ORIENTED_EDGE('',*,*,#8454,.F.);
#8456=ORIENTED_EDGE('',*,*,#8418,.F.);
#8457=EDGE_LOOP('',(#8451,#8453,#8455,#8456));
#8458=FACE_OUTER_BOUND('',#8457,.F.);
#8460=CARTESIAN_POINT('',(-2.65E0,0.E0,0.E0));
#8461=DIRECTION('',(1.E0,0.E0,0.E0));
#8462=DIRECTION('',(0.E0,-1.E0,0.E0));
#8463=AXIS2_PLACEMENT_3D('',#8460,#8461,#8462);
#8464=PLANE('',#8463);
#8465=ORIENTED_EDGE('',*,*,#8295,.F.);
#8467=ORIENTED_EDGE('',*,*,#8466,.F.);
#8469=ORIENTED_EDGE('',*,*,#8468,.F.);
#8471=ORIENTED_EDGE('',*,*,#8470,.F.);
#8472=ORIENTED_EDGE('',*,*,#8452,.F.);
#8473=EDGE_LOOP('',(#8465,#8467,#8469,#8471,#8472));
#8474=FACE_OUTER_BOUND('',#8473,.F.);
#8476=CARTESIAN_POINT('',(-2.65E0,0.E0,0.E0));
#8477=DIRECTION('',(1.E0,0.E0,0.E0));
#8478=DIRECTION('',(0.E0,-1.E0,0.E0));
#8479=AXIS2_PLACEMENT_3D('',#8476,#8477,#8478);
#8480=PLANE('',#8479);
#8481=ORIENTED_EDGE('',*,*,#8087,.T.);
#8483=ORIENTED_EDGE('',*,*,#8482,.F.);
#8485=ORIENTED_EDGE('',*,*,#8484,.F.);
#8487=ORIENTED_EDGE('',*,*,#8486,.F.);
#8489=ORIENTED_EDGE('',*,*,#8488,.F.);
#8490=EDGE_LOOP('',(#8481,#8483,#8485,#8487,#8489));
#8491=FACE_OUTER_BOUND('',#8490,.F.);
#8493=CARTESIAN_POINT('',(-2.85E0,-1.849518244714E-1,-2.441237098587E0));
#8494=DIRECTION('',(0.E0,6.910842746493E-1,7.227741869578E-1));
#8495=DIRECTION('',(0.E0,-7.227741869578E-1,6.910842746493E-1));
#8496=AXIS2_PLACEMENT_3D('',#8493,#8494,#8495);
#8497=PLANE('',#8496);
#8498=ORIENTED_EDGE('',*,*,#8293,.F.);
#8499=ORIENTED_EDGE('',*,*,#8424,.F.);
#8501=ORIENTED_EDGE('',*,*,#8500,.T.);
#8502=ORIENTED_EDGE('',*,*,#8466,.T.);
#8503=EDGE_LOOP('',(#8498,#8499,#8501,#8502));
#8504=FACE_OUTER_BOUND('',#8503,.F.);
#8506=CARTESIAN_POINT('',(-2.85E0,-3.75E-1,-2.64E0));
#8507=DIRECTION('',(1.E0,0.E0,0.E0));
#8508=DIRECTION('',(0.E0,-1.E0,0.E0));
#8509=AXIS2_PLACEMENT_3D('',#8506,#8507,#8508);
#8510=CYLINDRICAL_SURFACE('',#8509,2.75E-1);
#8511=ORIENTED_EDGE('',*,*,#8422,.F.);
#8513=ORIENTED_EDGE('',*,*,#8512,.T.);
#8514=ORIENTED_EDGE('',*,*,#8468,.T.);
#8515=ORIENTED_EDGE('',*,*,#8500,.F.);
#8516=EDGE_LOOP('',(#8511,#8513,#8514,#8515));
#8517=FACE_OUTER_BOUND('',#8516,.F.);
#8519=CARTESIAN_POINT('',(-2.85E0,-1.172929522987E-1,-2.977952774164E0));
#8520=DIRECTION('',(1.E0,0.E0,0.E0));
#8521=DIRECTION('',(0.E0,-1.E0,0.E0));
#8522=AXIS2_PLACEMENT_3D('',#8519,#8520,#8521);
#8523=CYLINDRICAL_SURFACE('',#8522,1.5E-1);
#8524=ORIENTED_EDGE('',*,*,#8420,.F.);
#8525=ORIENTED_EDGE('',*,*,#8454,.T.);
#8526=ORIENTED_EDGE('',*,*,#8470,.T.);
#8527=ORIENTED_EDGE('',*,*,#8512,.F.);
#8528=EDGE_LOOP('',(#8524,#8525,#8526,#8527));
#8529=FACE_OUTER_BOUND('',#8528,.F.);
#8531=CARTESIAN_POINT('',(-2.85E0,2.661976016257E-1,-2.959689701677E0));
#8532=DIRECTION('',(0.E0,-9.925461516413E-1,-1.218693434051E-1));
#8533=DIRECTION('',(0.E0,1.218693434051E-1,-9.925461516413E-1));
#8534=AXIS2_PLACEMENT_3D('',#8531,#8532,#8533);
#8535=PLANE('',#8534);
#8536=ORIENTED_EDGE('',*,*,#8085,.F.);
#8537=ORIENTED_EDGE('',*,*,#8441,.F.);
#8539=ORIENTED_EDGE('',*,*,#8538,.T.);
#8540=ORIENTED_EDGE('',*,*,#8482,.T.);
#8541=EDGE_LOOP('',(#8536,#8537,#8539,#8540));
#8542=FACE_OUTER_BOUND('',#8541,.F.);
#8544=CARTESIAN_POINT('',(-2.85E0,1.173156788795E-1,-2.977970103188E0));
#8545=DIRECTION('',(1.E0,0.E0,0.E0));
#8546=DIRECTION('',(0.E0,-1.E0,0.E0));
#8547=AXIS2_PLACEMENT_3D('',#8544,#8545,#8546);
#8548=CYLINDRICAL_SURFACE('',#8547,1.5E-1);
#8549=ORIENTED_EDGE('',*,*,#8439,.F.);
#8551=ORIENTED_EDGE('',*,*,#8550,.T.);
#8552=ORIENTED_EDGE('',*,*,#8484,.T.);
#8553=ORIENTED_EDGE('',*,*,#8538,.F.);
#8554=EDGE_LOOP('',(#8549,#8551,#8552,#8553));
#8555=FACE_OUTER_BOUND('',#8554,.F.);
#8557=CARTESIAN_POINT('',(-2.85E0,3.75E-1,-2.64E0));
#8558=DIRECTION('',(1.E0,0.E0,0.E0));
#8559=DIRECTION('',(0.E0,-1.E0,0.E0));
#8560=AXIS2_PLACEMENT_3D('',#8557,#8558,#8559);
#8561=CYLINDRICAL_SURFACE('',#8560,2.75E-1);
#8562=ORIENTED_EDGE('',*,*,#8437,.F.);
#8564=ORIENTED_EDGE('',*,*,#8563,.T.);
#8565=ORIENTED_EDGE('',*,*,#8486,.T.);
#8566=ORIENTED_EDGE('',*,*,#8550,.F.);
#8567=EDGE_LOOP('',(#8562,#8564,#8565,#8566));
#8568=FACE_OUTER_BOUND('',#8567,.F.);
#8570=CARTESIAN_POINT('',(-2.85E0,4.E-1,-2.242422786931E0));
#8571=DIRECTION('',(0.E0,-6.787494784965E-1,7.343698968780E-1));
#8572=DIRECTION('',(0.E0,-7.343698968780E-1,-6.787494784965E-1));
#8573=AXIS2_PLACEMENT_3D('',#8570,#8571,#8572);
#8574=PLANE('',#8573);
#8575=ORIENTED_EDGE('',*,*,#8089,.T.);
#8576=ORIENTED_EDGE('',*,*,#8488,.T.);
#8577=ORIENTED_EDGE('',*,*,#8563,.F.);
#8578=ORIENTED_EDGE('',*,*,#8435,.F.);
#8579=EDGE_LOOP('',(#8575,#8576,#8577,#8578));
#8580=FACE_OUTER_BOUND('',#8579,.F.);
#8582=CARTESIAN_POINT('',(-2.35E0,0.E0,0.E0));
#8583=DIRECTION('',(1.E0,0.E0,0.E0));
#8584=DIRECTION('',(0.E0,-1.E0,0.E0));
#8585=AXIS2_PLACEMENT_3D('',#8582,#8583,#8584);
#8586=PLANE('',#8585);
#8587=ORIENTED_EDGE('',*,*,#8301,.T.);
#8589=ORIENTED_EDGE('',*,*,#8588,.T.);
#8591=ORIENTED_EDGE('',*,*,#8590,.T.);
#8593=ORIENTED_EDGE('',*,*,#8592,.T.);
#8595=ORIENTED_EDGE('',*,*,#8594,.T.);
#8596=EDGE_LOOP('',(#8587,#8589,#8591,#8593,#8595));
#8597=FACE_OUTER_BOUND('',#8596,.F.);
#8599=CARTESIAN_POINT('',(-2.35E0,0.E0,0.E0));
#8600=DIRECTION('',(1.E0,0.E0,0.E0));
#8601=DIRECTION('',(0.E0,-1.E0,0.E0));
#8602=AXIS2_PLACEMENT_3D('',#8599,#8600,#8601);
#8603=PLANE('',#8602);
#8604=ORIENTED_EDGE('',*,*,#8093,.F.);
#8606=ORIENTED_EDGE('',*,*,#8605,.T.);
#8608=ORIENTED_EDGE('',*,*,#8607,.T.);
#8610=ORIENTED_EDGE('',*,*,#8609,.T.);
#8612=ORIENTED_EDGE('',*,*,#8611,.T.);
#8613=EDGE_LOOP('',(#8604,#8606,#8608,#8610,#8612));
#8614=FACE_OUTER_BOUND('',#8613,.F.);
#8616=CARTESIAN_POINT('',(-2.35E0,-4.E-1,-4.049617674039E0));
#8617=DIRECTION('',(0.E0,9.925461516413E-1,-1.218693434051E-1));
#8618=DIRECTION('',(0.E0,1.218693434051E-1,9.925461516413E-1));
#8619=AXIS2_PLACEMENT_3D('',#8616,#8617,#8618);
#8620=PLANE('',#8619);
#8621=ORIENTED_EDGE('',*,*,#8307,.T.);
#8623=ORIENTED_EDGE('',*,*,#8622,.T.);
#8625=ORIENTED_EDGE('',*,*,#8624,.F.);
#8626=ORIENTED_EDGE('',*,*,#8588,.F.);
#8627=EDGE_LOOP('',(#8621,#8623,#8625,#8626));
#8628=FACE_OUTER_BOUND('',#8627,.F.);
#8630=CARTESIAN_POINT('',(-2.15E0,0.E0,0.E0));
#8631=DIRECTION('',(1.E0,0.E0,0.E0));
#8632=DIRECTION('',(0.E0,-1.E0,0.E0));
#8633=AXIS2_PLACEMENT_3D('',#8630,#8631,#8632);
#8634=PLANE('',#8633);
#8635=ORIENTED_EDGE('',*,*,#8305,.F.);
#8637=ORIENTED_EDGE('',*,*,#8636,.F.);
#8639=ORIENTED_EDGE('',*,*,#8638,.F.);
#8641=ORIENTED_EDGE('',*,*,#8640,.F.);
#8642=ORIENTED_EDGE('',*,*,#8622,.F.);
#8643=EDGE_LOOP('',(#8635,#8637,#8639,#8641,#8642));
#8644=FACE_OUTER_BOUND('',#8643,.F.);
#8646=CARTESIAN_POINT('',(-2.15E0,0.E0,0.E0));
#8647=DIRECTION('',(1.E0,0.E0,0.E0));
#8648=DIRECTION('',(0.E0,-1.E0,0.E0));
#8649=AXIS2_PLACEMENT_3D('',#8646,#8647,#8648);
#8650=PLANE('',#8649);
#8651=ORIENTED_EDGE('',*,*,#8097,.T.);
#8653=ORIENTED_EDGE('',*,*,#8652,.F.);
#8655=ORIENTED_EDGE('',*,*,#8654,.F.);
#8657=ORIENTED_EDGE('',*,*,#8656,.F.);
#8659=ORIENTED_EDGE('',*,*,#8658,.F.);
#8660=EDGE_LOOP('',(#8651,#8653,#8655,#8657,#8659));
#8661=FACE_OUTER_BOUND('',#8660,.F.);
#8663=CARTESIAN_POINT('',(-2.35E0,-1.849518244714E-1,-2.441237098587E0));
#8664=DIRECTION('',(0.E0,6.910842746493E-1,7.227741869578E-1));
#8665=DIRECTION('',(0.E0,-7.227741869578E-1,6.910842746493E-1));
#8666=AXIS2_PLACEMENT_3D('',#8663,#8664,#8665);
#8667=PLANE('',#8666);
#8668=ORIENTED_EDGE('',*,*,#8303,.F.);
#8669=ORIENTED_EDGE('',*,*,#8594,.F.);
#8671=ORIENTED_EDGE('',*,*,#8670,.T.);
#8672=ORIENTED_EDGE('',*,*,#8636,.T.);
#8673=EDGE_LOOP('',(#8668,#8669,#8671,#8672));
#8674=FACE_OUTER_BOUND('',#8673,.F.);
#8676=CARTESIAN_POINT('',(-2.35E0,-3.75E-1,-2.64E0));
#8677=DIRECTION('',(1.E0,0.E0,0.E0));
#8678=DIRECTION('',(0.E0,-1.E0,0.E0));
#8679=AXIS2_PLACEMENT_3D('',#8676,#8677,#8678);
#8680=CYLINDRICAL_SURFACE('',#8679,2.75E-1);
#8681=ORIENTED_EDGE('',*,*,#8592,.F.);
#8683=ORIENTED_EDGE('',*,*,#8682,.T.);
#8684=ORIENTED_EDGE('',*,*,#8638,.T.);
#8685=ORIENTED_EDGE('',*,*,#8670,.F.);
#8686=EDGE_LOOP('',(#8681,#8683,#8684,#8685));
#8687=FACE_OUTER_BOUND('',#8686,.F.);
#8689=CARTESIAN_POINT('',(-2.35E0,-1.172929522987E-1,-2.977952774164E0));
#8690=DIRECTION('',(1.E0,0.E0,0.E0));
#8691=DIRECTION('',(0.E0,-1.E0,0.E0));
#8692=AXIS2_PLACEMENT_3D('',#8689,#8690,#8691);
#8693=CYLINDRICAL_SURFACE('',#8692,1.5E-1);
#8694=ORIENTED_EDGE('',*,*,#8590,.F.);
#8695=ORIENTED_EDGE('',*,*,#8624,.T.);
#8696=ORIENTED_EDGE('',*,*,#8640,.T.);
#8697=ORIENTED_EDGE('',*,*,#8682,.F.);
#8698=EDGE_LOOP('',(#8694,#8695,#8696,#8697));
#8699=FACE_OUTER_BOUND('',#8698,.F.);
#8701=CARTESIAN_POINT('',(-2.35E0,2.661976016257E-1,-2.959689701677E0));
#8702=DIRECTION('',(0.E0,-9.925461516413E-1,-1.218693434051E-1));
#8703=DIRECTION('',(0.E0,1.218693434051E-1,-9.925461516413E-1));
#8704=AXIS2_PLACEMENT_3D('',#8701,#8702,#8703);
#8705=PLANE('',#8704);
#8706=ORIENTED_EDGE('',*,*,#8095,.F.);
#8707=ORIENTED_EDGE('',*,*,#8611,.F.);
#8709=ORIENTED_EDGE('',*,*,#8708,.T.);
#8710=ORIENTED_EDGE('',*,*,#8652,.T.);
#8711=EDGE_LOOP('',(#8706,#8707,#8709,#8710));
#8712=FACE_OUTER_BOUND('',#8711,.F.);
#8714=CARTESIAN_POINT('',(-2.35E0,1.173156788795E-1,-2.977970103188E0));
#8715=DIRECTION('',(1.E0,0.E0,0.E0));
#8716=DIRECTION('',(0.E0,-1.E0,0.E0));
#8717=AXIS2_PLACEMENT_3D('',#8714,#8715,#8716);
#8718=CYLINDRICAL_SURFACE('',#8717,1.5E-1);
#8719=ORIENTED_EDGE('',*,*,#8609,.F.);
#8721=ORIENTED_EDGE('',*,*,#8720,.T.);
#8722=ORIENTED_EDGE('',*,*,#8654,.T.);
#8723=ORIENTED_EDGE('',*,*,#8708,.F.);
#8724=EDGE_LOOP('',(#8719,#8721,#8722,#8723));
#8725=FACE_OUTER_BOUND('',#8724,.F.);
#8727=CARTESIAN_POINT('',(-2.35E0,3.75E-1,-2.64E0));
#8728=DIRECTION('',(1.E0,0.E0,0.E0));
#8729=DIRECTION('',(0.E0,-1.E0,0.E0));
#8730=AXIS2_PLACEMENT_3D('',#8727,#8728,#8729);
#8731=CYLINDRICAL_SURFACE('',#8730,2.75E-1);
#8732=ORIENTED_EDGE('',*,*,#8607,.F.);
#8734=ORIENTED_EDGE('',*,*,#8733,.T.);
#8735=ORIENTED_EDGE('',*,*,#8656,.T.);
#8736=ORIENTED_EDGE('',*,*,#8720,.F.);
#8737=EDGE_LOOP('',(#8732,#8734,#8735,#8736));
#8738=FACE_OUTER_BOUND('',#8737,.F.);
#8740=CARTESIAN_POINT('',(-2.35E0,4.E-1,-2.242422786931E0));
#8741=DIRECTION('',(0.E0,-6.787494784965E-1,7.343698968780E-1));
#8742=DIRECTION('',(0.E0,-7.343698968780E-1,-6.787494784965E-1));
#8743=AXIS2_PLACEMENT_3D('',#8740,#8741,#8742);
#8744=PLANE('',#8743);
#8745=ORIENTED_EDGE('',*,*,#8099,.T.);
#8746=ORIENTED_EDGE('',*,*,#8658,.T.);
#8747=ORIENTED_EDGE('',*,*,#8733,.F.);
#8748=ORIENTED_EDGE('',*,*,#8605,.F.);
#8749=EDGE_LOOP('',(#8745,#8746,#8747,#8748));
#8750=FACE_OUTER_BOUND('',#8749,.F.);
#8752=CARTESIAN_POINT('',(-1.85E0,0.E0,0.E0));
#8753=DIRECTION('',(1.E0,0.E0,0.E0));
#8754=DIRECTION('',(0.E0,-1.E0,0.E0));
#8755=AXIS2_PLACEMENT_3D('',#8752,#8753,#8754);
#8756=PLANE('',#8755);
#8757=ORIENTED_EDGE('',*,*,#8311,.T.);
#8759=ORIENTED_EDGE('',*,*,#8758,.T.);
#8761=ORIENTED_EDGE('',*,*,#8760,.T.);
#8763=ORIENTED_EDGE('',*,*,#8762,.T.);
#8765=ORIENTED_EDGE('',*,*,#8764,.T.);
#8766=EDGE_LOOP('',(#8757,#8759,#8761,#8763,#8765));
#8767=FACE_OUTER_BOUND('',#8766,.F.);
#8769=CARTESIAN_POINT('',(-1.85E0,0.E0,0.E0));
#8770=DIRECTION('',(1.E0,0.E0,0.E0));
#8771=DIRECTION('',(0.E0,-1.E0,0.E0));
#8772=AXIS2_PLACEMENT_3D('',#8769,#8770,#8771);
#8773=PLANE('',#8772);
#8774=ORIENTED_EDGE('',*,*,#8103,.F.);
#8776=ORIENTED_EDGE('',*,*,#8775,.T.);
#8778=ORIENTED_EDGE('',*,*,#8777,.T.);
#8780=ORIENTED_EDGE('',*,*,#8779,.T.);
#8782=ORIENTED_EDGE('',*,*,#8781,.T.);
#8783=EDGE_LOOP('',(#8774,#8776,#8778,#8780,#8782));
#8784=FACE_OUTER_BOUND('',#8783,.F.);
#8786=CARTESIAN_POINT('',(-1.85E0,-4.E-1,-4.049617674039E0));
#8787=DIRECTION('',(0.E0,9.925461516413E-1,-1.218693434051E-1));
#8788=DIRECTION('',(0.E0,1.218693434051E-1,9.925461516413E-1));
#8789=AXIS2_PLACEMENT_3D('',#8786,#8787,#8788);
#8790=PLANE('',#8789);
#8791=ORIENTED_EDGE('',*,*,#8317,.T.);
#8793=ORIENTED_EDGE('',*,*,#8792,.T.);
#8795=ORIENTED_EDGE('',*,*,#8794,.F.);
#8796=ORIENTED_EDGE('',*,*,#8758,.F.);
#8797=EDGE_LOOP('',(#8791,#8793,#8795,#8796));
#8798=FACE_OUTER_BOUND('',#8797,.F.);
#8800=CARTESIAN_POINT('',(-1.65E0,0.E0,0.E0));
#8801=DIRECTION('',(1.E0,0.E0,0.E0));
#8802=DIRECTION('',(0.E0,-1.E0,0.E0));
#8803=AXIS2_PLACEMENT_3D('',#8800,#8801,#8802);
#8804=PLANE('',#8803);
#8805=ORIENTED_EDGE('',*,*,#8315,.F.);
#8807=ORIENTED_EDGE('',*,*,#8806,.F.);
#8809=ORIENTED_EDGE('',*,*,#8808,.F.);
#8811=ORIENTED_EDGE('',*,*,#8810,.F.);
#8812=ORIENTED_EDGE('',*,*,#8792,.F.);
#8813=EDGE_LOOP('',(#8805,#8807,#8809,#8811,#8812));
#8814=FACE_OUTER_BOUND('',#8813,.F.);
#8816=CARTESIAN_POINT('',(-1.65E0,0.E0,0.E0));
#8817=DIRECTION('',(1.E0,0.E0,0.E0));
#8818=DIRECTION('',(0.E0,-1.E0,0.E0));
#8819=AXIS2_PLACEMENT_3D('',#8816,#8817,#8818);
#8820=PLANE('',#8819);
#8821=ORIENTED_EDGE('',*,*,#8107,.T.);
#8823=ORIENTED_EDGE('',*,*,#8822,.F.);
#8825=ORIENTED_EDGE('',*,*,#8824,.F.);
#8827=ORIENTED_EDGE('',*,*,#8826,.F.);
#8829=ORIENTED_EDGE('',*,*,#8828,.F.);
#8830=EDGE_LOOP('',(#8821,#8823,#8825,#8827,#8829));
#8831=FACE_OUTER_BOUND('',#8830,.F.);
#8833=CARTESIAN_POINT('',(-1.85E0,-1.849518244714E-1,-2.441237098587E0));
#8834=DIRECTION('',(0.E0,6.910842746493E-1,7.227741869578E-1));
#8835=DIRECTION('',(0.E0,-7.227741869578E-1,6.910842746493E-1));
#8836=AXIS2_PLACEMENT_3D('',#8833,#8834,#8835);
#8837=PLANE('',#8836);
#8838=ORIENTED_EDGE('',*,*,#8313,.F.);
#8839=ORIENTED_EDGE('',*,*,#8764,.F.);
#8841=ORIENTED_EDGE('',*,*,#8840,.T.);
#8842=ORIENTED_EDGE('',*,*,#8806,.T.);
#8843=EDGE_LOOP('',(#8838,#8839,#8841,#8842));
#8844=FACE_OUTER_BOUND('',#8843,.F.);
#8846=CARTESIAN_POINT('',(-1.85E0,-3.75E-1,-2.64E0));
#8847=DIRECTION('',(1.E0,0.E0,0.E0));
#8848=DIRECTION('',(0.E0,-1.E0,0.E0));
#8849=AXIS2_PLACEMENT_3D('',#8846,#8847,#8848);
#8850=CYLINDRICAL_SURFACE('',#8849,2.75E-1);
#8851=ORIENTED_EDGE('',*,*,#8762,.F.);
#8853=ORIENTED_EDGE('',*,*,#8852,.T.);
#8854=ORIENTED_EDGE('',*,*,#8808,.T.);
#8855=ORIENTED_EDGE('',*,*,#8840,.F.);
#8856=EDGE_LOOP('',(#8851,#8853,#8854,#8855));
#8857=FACE_OUTER_BOUND('',#8856,.F.);
#8859=CARTESIAN_POINT('',(-1.85E0,-1.172929522987E-1,-2.977952774164E0));
#8860=DIRECTION('',(1.E0,0.E0,0.E0));
#8861=DIRECTION('',(0.E0,-1.E0,0.E0));
#8862=AXIS2_PLACEMENT_3D('',#8859,#8860,#8861);
#8863=CYLINDRICAL_SURFACE('',#8862,1.5E-1);
#8864=ORIENTED_EDGE('',*,*,#8760,.F.);
#8865=ORIENTED_EDGE('',*,*,#8794,.T.);
#8866=ORIENTED_EDGE('',*,*,#8810,.T.);
#8867=ORIENTED_EDGE('',*,*,#8852,.F.);
#8868=EDGE_LOOP('',(#8864,#8865,#8866,#8867));
#8869=FACE_OUTER_BOUND('',#8868,.F.);
#8871=CARTESIAN_POINT('',(-1.85E0,2.661976016257E-1,-2.959689701677E0));
#8872=DIRECTION('',(0.E0,-9.925461516413E-1,-1.218693434051E-1));
#8873=DIRECTION('',(0.E0,1.218693434051E-1,-9.925461516413E-1));
#8874=AXIS2_PLACEMENT_3D('',#8871,#8872,#8873);
#8875=PLANE('',#8874);
#8876=ORIENTED_EDGE('',*,*,#8105,.F.);
#8877=ORIENTED_EDGE('',*,*,#8781,.F.);
#8879=ORIENTED_EDGE('',*,*,#8878,.T.);
#8880=ORIENTED_EDGE('',*,*,#8822,.T.);
#8881=EDGE_LOOP('',(#8876,#8877,#8879,#8880));
#8882=FACE_OUTER_BOUND('',#8881,.F.);
#8884=CARTESIAN_POINT('',(-1.85E0,1.173156788795E-1,-2.977970103188E0));
#8885=DIRECTION('',(1.E0,0.E0,0.E0));
#8886=DIRECTION('',(0.E0,-1.E0,0.E0));
#8887=AXIS2_PLACEMENT_3D('',#8884,#8885,#8886);
#8888=CYLINDRICAL_SURFACE('',#8887,1.5E-1);
#8889=ORIENTED_EDGE('',*,*,#8779,.F.);
#8891=ORIENTED_EDGE('',*,*,#8890,.T.);
#8892=ORIENTED_EDGE('',*,*,#8824,.T.);
#8893=ORIENTED_EDGE('',*,*,#8878,.F.);
#8894=EDGE_LOOP('',(#8889,#8891,#8892,#8893));
#8895=FACE_OUTER_BOUND('',#8894,.F.);
#8897=CARTESIAN_POINT('',(-1.85E0,3.75E-1,-2.64E0));
#8898=DIRECTION('',(1.E0,0.E0,0.E0));
#8899=DIRECTION('',(0.E0,-1.E0,0.E0));
#8900=AXIS2_PLACEMENT_3D('',#8897,#8898,#8899);
#8901=CYLINDRICAL_SURFACE('',#8900,2.75E-1);
#8902=ORIENTED_EDGE('',*,*,#8777,.F.);
#8904=ORIENTED_EDGE('',*,*,#8903,.T.);
#8905=ORIENTED_EDGE('',*,*,#8826,.T.);
#8906=ORIENTED_EDGE('',*,*,#8890,.F.);
#8907=EDGE_LOOP('',(#8902,#8904,#8905,#8906));
#8908=FACE_OUTER_BOUND('',#8907,.F.);
#8910=CARTESIAN_POINT('',(-1.85E0,4.E-1,-2.242422786931E0));
#8911=DIRECTION('',(0.E0,-6.787494784965E-1,7.343698968780E-1));
#8912=DIRECTION('',(0.E0,-7.343698968780E-1,-6.787494784965E-1));
#8913=AXIS2_PLACEMENT_3D('',#8910,#8911,#8912);
#8914=PLANE('',#8913);
#8915=ORIENTED_EDGE('',*,*,#8109,.T.);
#8916=ORIENTED_EDGE('',*,*,#8828,.T.);
#8917=ORIENTED_EDGE('',*,*,#8903,.F.);
#8918=ORIENTED_EDGE('',*,*,#8775,.F.);
#8919=EDGE_LOOP('',(#8915,#8916,#8917,#8918));
#8920=FACE_OUTER_BOUND('',#8919,.F.);
#8922=CARTESIAN_POINT('',(-1.35E0,0.E0,0.E0));
#8923=DIRECTION('',(1.E0,0.E0,0.E0));
#8924=DIRECTION('',(0.E0,-1.E0,0.E0));
#8925=AXIS2_PLACEMENT_3D('',#8922,#8923,#8924);
#8926=PLANE('',#8925);
#8927=ORIENTED_EDGE('',*,*,#8321,.T.);
#8929=ORIENTED_EDGE('',*,*,#8928,.T.);
#8931=ORIENTED_EDGE('',*,*,#8930,.T.);
#8933=ORIENTED_EDGE('',*,*,#8932,.T.);
#8935=ORIENTED_EDGE('',*,*,#8934,.T.);
#8936=EDGE_LOOP('',(#8927,#8929,#8931,#8933,#8935));
#8937=FACE_OUTER_BOUND('',#8936,.F.);
#8939=CARTESIAN_POINT('',(-1.35E0,0.E0,0.E0));
#8940=DIRECTION('',(1.E0,0.E0,0.E0));
#8941=DIRECTION('',(0.E0,-1.E0,0.E0));
#8942=AXIS2_PLACEMENT_3D('',#8939,#8940,#8941);
#8943=PLANE('',#8942);
#8944=ORIENTED_EDGE('',*,*,#8113,.F.);
#8946=ORIENTED_EDGE('',*,*,#8945,.T.);
#8948=ORIENTED_EDGE('',*,*,#8947,.T.);
#8950=ORIENTED_EDGE('',*,*,#8949,.T.);
#8952=ORIENTED_EDGE('',*,*,#8951,.T.);
#8953=EDGE_LOOP('',(#8944,#8946,#8948,#8950,#8952));
#8954=FACE_OUTER_BOUND('',#8953,.F.);
#8956=CARTESIAN_POINT('',(-1.35E0,-4.E-1,-4.049617674039E0));
#8957=DIRECTION('',(0.E0,9.925461516413E-1,-1.218693434051E-1));
#8958=DIRECTION('',(0.E0,1.218693434051E-1,9.925461516413E-1));
#8959=AXIS2_PLACEMENT_3D('',#8956,#8957,#8958);
#8960=PLANE('',#8959);
#8961=ORIENTED_EDGE('',*,*,#8327,.T.);
#8963=ORIENTED_EDGE('',*,*,#8962,.T.);
#8965=ORIENTED_EDGE('',*,*,#8964,.F.);
#8966=ORIENTED_EDGE('',*,*,#8928,.F.);
#8967=EDGE_LOOP('',(#8961,#8963,#8965,#8966));
#8968=FACE_OUTER_BOUND('',#8967,.F.);
#8970=CARTESIAN_POINT('',(-1.15E0,0.E0,0.E0));
#8971=DIRECTION('',(1.E0,0.E0,0.E0));
#8972=DIRECTION('',(0.E0,-1.E0,0.E0));
#8973=AXIS2_PLACEMENT_3D('',#8970,#8971,#8972);
#8974=PLANE('',#8973);
#8975=ORIENTED_EDGE('',*,*,#8325,.F.);
#8977=ORIENTED_EDGE('',*,*,#8976,.F.);
#8979=ORIENTED_EDGE('',*,*,#8978,.F.);
#8981=ORIENTED_EDGE('',*,*,#8980,.F.);
#8982=ORIENTED_EDGE('',*,*,#8962,.F.);
#8983=EDGE_LOOP('',(#8975,#8977,#8979,#8981,#8982));
#8984=FACE_OUTER_BOUND('',#8983,.F.);
#8986=CARTESIAN_POINT('',(-1.15E0,0.E0,0.E0));
#8987=DIRECTION('',(1.E0,0.E0,0.E0));
#8988=DIRECTION('',(0.E0,-1.E0,0.E0));
#8989=AXIS2_PLACEMENT_3D('',#8986,#8987,#8988);
#8990=PLANE('',#8989);
#8991=ORIENTED_EDGE('',*,*,#8117,.T.);
#8993=ORIENTED_EDGE('',*,*,#8992,.F.);
#8995=ORIENTED_EDGE('',*,*,#8994,.F.);
#8997=ORIENTED_EDGE('',*,*,#8996,.F.);
#8999=ORIENTED_EDGE('',*,*,#8998,.F.);
#9000=EDGE_LOOP('',(#8991,#8993,#8995,#8997,#8999));
#9001=FACE_OUTER_BOUND('',#9000,.F.);
#9003=CARTESIAN_POINT('',(-1.35E0,-1.849518244714E-1,-2.441237098587E0));
#9004=DIRECTION('',(0.E0,6.910842746493E-1,7.227741869578E-1));
#9005=DIRECTION('',(0.E0,-7.227741869578E-1,6.910842746493E-1));
#9006=AXIS2_PLACEMENT_3D('',#9003,#9004,#9005);
#9007=PLANE('',#9006);
#9008=ORIENTED_EDGE('',*,*,#8323,.F.);
#9009=ORIENTED_EDGE('',*,*,#8934,.F.);
#9011=ORIENTED_EDGE('',*,*,#9010,.T.);
#9012=ORIENTED_EDGE('',*,*,#8976,.T.);
#9013=EDGE_LOOP('',(#9008,#9009,#9011,#9012));
#9014=FACE_OUTER_BOUND('',#9013,.F.);
#9016=CARTESIAN_POINT('',(-1.35E0,-3.75E-1,-2.64E0));
#9017=DIRECTION('',(1.E0,0.E0,0.E0));
#9018=DIRECTION('',(0.E0,-1.E0,0.E0));
#9019=AXIS2_PLACEMENT_3D('',#9016,#9017,#9018);
#9020=CYLINDRICAL_SURFACE('',#9019,2.75E-1);
#9021=ORIENTED_EDGE('',*,*,#8932,.F.);
#9023=ORIENTED_EDGE('',*,*,#9022,.T.);
#9024=ORIENTED_EDGE('',*,*,#8978,.T.);
#9025=ORIENTED_EDGE('',*,*,#9010,.F.);
#9026=EDGE_LOOP('',(#9021,#9023,#9024,#9025));
#9027=FACE_OUTER_BOUND('',#9026,.F.);
#9029=CARTESIAN_POINT('',(-1.35E0,-1.172929522987E-1,-2.977952774164E0));
#9030=DIRECTION('',(1.E0,0.E0,0.E0));
#9031=DIRECTION('',(0.E0,-1.E0,0.E0));
#9032=AXIS2_PLACEMENT_3D('',#9029,#9030,#9031);
#9033=CYLINDRICAL_SURFACE('',#9032,1.5E-1);
#9034=ORIENTED_EDGE('',*,*,#8930,.F.);
#9035=ORIENTED_EDGE('',*,*,#8964,.T.);
#9036=ORIENTED_EDGE('',*,*,#8980,.T.);
#9037=ORIENTED_EDGE('',*,*,#9022,.F.);
#9038=EDGE_LOOP('',(#9034,#9035,#9036,#9037));
#9039=FACE_OUTER_BOUND('',#9038,.F.);
#9041=CARTESIAN_POINT('',(-1.35E0,2.661976016257E-1,-2.959689701677E0));
#9042=DIRECTION('',(0.E0,-9.925461516413E-1,-1.218693434051E-1));
#9043=DIRECTION('',(0.E0,1.218693434051E-1,-9.925461516413E-1));
#9044=AXIS2_PLACEMENT_3D('',#9041,#9042,#9043);
#9045=PLANE('',#9044);
#9046=ORIENTED_EDGE('',*,*,#8115,.F.);
#9047=ORIENTED_EDGE('',*,*,#8951,.F.);
#9049=ORIENTED_EDGE('',*,*,#9048,.T.);
#9050=ORIENTED_EDGE('',*,*,#8992,.T.);
#9051=EDGE_LOOP('',(#9046,#9047,#9049,#9050));
#9052=FACE_OUTER_BOUND('',#9051,.F.);
#9054=CARTESIAN_POINT('',(-1.35E0,1.173156788795E-1,-2.977970103188E0));
#9055=DIRECTION('',(1.E0,0.E0,0.E0));
#9056=DIRECTION('',(0.E0,-1.E0,0.E0));
#9057=AXIS2_PLACEMENT_3D('',#9054,#9055,#9056);
#9058=CYLINDRICAL_SURFACE('',#9057,1.5E-1);
#9059=ORIENTED_EDGE('',*,*,#8949,.F.);
#9061=ORIENTED_EDGE('',*,*,#9060,.T.);
#9062=ORIENTED_EDGE('',*,*,#8994,.T.);
#9063=ORIENTED_EDGE('',*,*,#9048,.F.);
#9064=EDGE_LOOP('',(#9059,#9061,#9062,#9063));
#9065=FACE_OUTER_BOUND('',#9064,.F.);
#9067=CARTESIAN_POINT('',(-1.35E0,3.75E-1,-2.64E0));
#9068=DIRECTION('',(1.E0,0.E0,0.E0));
#9069=DIRECTION('',(0.E0,-1.E0,0.E0));
#9070=AXIS2_PLACEMENT_3D('',#9067,#9068,#9069);
#9071=CYLINDRICAL_SURFACE('',#9070,2.75E-1);
#9072=ORIENTED_EDGE('',*,*,#8947,.F.);
#9074=ORIENTED_EDGE('',*,*,#9073,.T.);
#9075=ORIENTED_EDGE('',*,*,#8996,.T.);
#9076=ORIENTED_EDGE('',*,*,#9060,.F.);
#9077=EDGE_LOOP('',(#9072,#9074,#9075,#9076));
#9078=FACE_OUTER_BOUND('',#9077,.F.);
#9080=CARTESIAN_POINT('',(-1.35E0,4.E-1,-2.242422786931E0));
#9081=DIRECTION('',(0.E0,-6.787494784965E-1,7.343698968780E-1));
#9082=DIRECTION('',(0.E0,-7.343698968780E-1,-6.787494784965E-1));
#9083=AXIS2_PLACEMENT_3D('',#9080,#9081,#9082);
#9084=PLANE('',#9083);
#9085=ORIENTED_EDGE('',*,*,#8119,.T.);
#9086=ORIENTED_EDGE('',*,*,#8998,.T.);
#9087=ORIENTED_EDGE('',*,*,#9073,.F.);
#9088=ORIENTED_EDGE('',*,*,#8945,.F.);
#9089=EDGE_LOOP('',(#9085,#9086,#9087,#9088));
#9090=FACE_OUTER_BOUND('',#9089,.F.);
#9092=CARTESIAN_POINT('',(-8.5E-1,0.E0,0.E0));
#9093=DIRECTION('',(1.E0,0.E0,0.E0));
#9094=DIRECTION('',(0.E0,-1.E0,0.E0));
#9095=AXIS2_PLACEMENT_3D('',#9092,#9093,#9094);
#9096=PLANE('',#9095);
#9097=ORIENTED_EDGE('',*,*,#8331,.T.);
#9099=ORIENTED_EDGE('',*,*,#9098,.T.);
#9101=ORIENTED_EDGE('',*,*,#9100,.T.);
#9103=ORIENTED_EDGE('',*,*,#9102,.T.);
#9105=ORIENTED_EDGE('',*,*,#9104,.T.);
#9106=EDGE_LOOP('',(#9097,#9099,#9101,#9103,#9105));
#9107=FACE_OUTER_BOUND('',#9106,.F.);
#9109=CARTESIAN_POINT('',(-8.5E-1,0.E0,0.E0));
#9110=DIRECTION('',(1.E0,0.E0,0.E0));
#9111=DIRECTION('',(0.E0,-1.E0,0.E0));
#9112=AXIS2_PLACEMENT_3D('',#9109,#9110,#9111);
#9113=PLANE('',#9112);
#9114=ORIENTED_EDGE('',*,*,#8123,.F.);
#9116=ORIENTED_EDGE('',*,*,#9115,.T.);
#9118=ORIENTED_EDGE('',*,*,#9117,.T.);
#9120=ORIENTED_EDGE('',*,*,#9119,.T.);
#9122=ORIENTED_EDGE('',*,*,#9121,.T.);
#9123=EDGE_LOOP('',(#9114,#9116,#9118,#9120,#9122));
#9124=FACE_OUTER_BOUND('',#9123,.F.);
#9126=CARTESIAN_POINT('',(-8.5E-1,-4.E-1,-4.049617674039E0));
#9127=DIRECTION('',(0.E0,9.925461516413E-1,-1.218693434051E-1));
#9128=DIRECTION('',(0.E0,1.218693434051E-1,9.925461516413E-1));
#9129=AXIS2_PLACEMENT_3D('',#9126,#9127,#9128);
#9130=PLANE('',#9129);
#9131=ORIENTED_EDGE('',*,*,#8337,.T.);
#9133=ORIENTED_EDGE('',*,*,#9132,.T.);
#9135=ORIENTED_EDGE('',*,*,#9134,.F.);
#9136=ORIENTED_EDGE('',*,*,#9098,.F.);
#9137=EDGE_LOOP('',(#9131,#9133,#9135,#9136));
#9138=FACE_OUTER_BOUND('',#9137,.F.);
#9140=CARTESIAN_POINT('',(-6.5E-1,0.E0,0.E0));
#9141=DIRECTION('',(1.E0,0.E0,0.E0));
#9142=DIRECTION('',(0.E0,-1.E0,0.E0));
#9143=AXIS2_PLACEMENT_3D('',#9140,#9141,#9142);
#9144=PLANE('',#9143);
#9145=ORIENTED_EDGE('',*,*,#8335,.F.);
#9147=ORIENTED_EDGE('',*,*,#9146,.F.);
#9149=ORIENTED_EDGE('',*,*,#9148,.F.);
#9151=ORIENTED_EDGE('',*,*,#9150,.F.);
#9152=ORIENTED_EDGE('',*,*,#9132,.F.);
#9153=EDGE_LOOP('',(#9145,#9147,#9149,#9151,#9152));
#9154=FACE_OUTER_BOUND('',#9153,.F.);
#9156=CARTESIAN_POINT('',(-6.5E-1,0.E0,0.E0));
#9157=DIRECTION('',(1.E0,0.E0,0.E0));
#9158=DIRECTION('',(0.E0,-1.E0,0.E0));
#9159=AXIS2_PLACEMENT_3D('',#9156,#9157,#9158);
#9160=PLANE('',#9159);
#9161=ORIENTED_EDGE('',*,*,#8127,.T.);
#9163=ORIENTED_EDGE('',*,*,#9162,.F.);
#9165=ORIENTED_EDGE('',*,*,#9164,.F.);
#9167=ORIENTED_EDGE('',*,*,#9166,.F.);
#9169=ORIENTED_EDGE('',*,*,#9168,.F.);
#9170=EDGE_LOOP('',(#9161,#9163,#9165,#9167,#9169));
#9171=FACE_OUTER_BOUND('',#9170,.F.);
#9173=CARTESIAN_POINT('',(-8.5E-1,-1.849518244714E-1,-2.441237098587E0));
#9174=DIRECTION('',(0.E0,6.910842746493E-1,7.227741869578E-1));
#9175=DIRECTION('',(0.E0,-7.227741869578E-1,6.910842746493E-1));
#9176=AXIS2_PLACEMENT_3D('',#9173,#9174,#9175);
#9177=PLANE('',#9176);
#9178=ORIENTED_EDGE('',*,*,#8333,.F.);
#9179=ORIENTED_EDGE('',*,*,#9104,.F.);
#9181=ORIENTED_EDGE('',*,*,#9180,.T.);
#9182=ORIENTED_EDGE('',*,*,#9146,.T.);
#9183=EDGE_LOOP('',(#9178,#9179,#9181,#9182));
#9184=FACE_OUTER_BOUND('',#9183,.F.);
#9186=CARTESIAN_POINT('',(-8.5E-1,-3.75E-1,-2.64E0));
#9187=DIRECTION('',(1.E0,0.E0,0.E0));
#9188=DIRECTION('',(0.E0,-1.E0,0.E0));
#9189=AXIS2_PLACEMENT_3D('',#9186,#9187,#9188);
#9190=CYLINDRICAL_SURFACE('',#9189,2.75E-1);
#9191=ORIENTED_EDGE('',*,*,#9102,.F.);
#9193=ORIENTED_EDGE('',*,*,#9192,.T.);
#9194=ORIENTED_EDGE('',*,*,#9148,.T.);
#9195=ORIENTED_EDGE('',*,*,#9180,.F.);
#9196=EDGE_LOOP('',(#9191,#9193,#9194,#9195));
#9197=FACE_OUTER_BOUND('',#9196,.F.);
#9199=CARTESIAN_POINT('',(-8.5E-1,-1.172929522987E-1,-2.977952774164E0));
#9200=DIRECTION('',(1.E0,0.E0,0.E0));
#9201=DIRECTION('',(0.E0,-1.E0,0.E0));
#9202=AXIS2_PLACEMENT_3D('',#9199,#9200,#9201);
#9203=CYLINDRICAL_SURFACE('',#9202,1.5E-1);
#9204=ORIENTED_EDGE('',*,*,#9100,.F.);
#9205=ORIENTED_EDGE('',*,*,#9134,.T.);
#9206=ORIENTED_EDGE('',*,*,#9150,.T.);
#9207=ORIENTED_EDGE('',*,*,#9192,.F.);
#9208=EDGE_LOOP('',(#9204,#9205,#9206,#9207));
#9209=FACE_OUTER_BOUND('',#9208,.F.);
#9211=CARTESIAN_POINT('',(-8.5E-1,2.661976016257E-1,-2.959689701677E0));
#9212=DIRECTION('',(0.E0,-9.925461516413E-1,-1.218693434051E-1));
#9213=DIRECTION('',(0.E0,1.218693434051E-1,-9.925461516413E-1));
#9214=AXIS2_PLACEMENT_3D('',#9211,#9212,#9213);
#9215=PLANE('',#9214);
#9216=ORIENTED_EDGE('',*,*,#8125,.F.);
#9217=ORIENTED_EDGE('',*,*,#9121,.F.);
#9219=ORIENTED_EDGE('',*,*,#9218,.T.);
#9220=ORIENTED_EDGE('',*,*,#9162,.T.);
#9221=EDGE_LOOP('',(#9216,#9217,#9219,#9220));
#9222=FACE_OUTER_BOUND('',#9221,.F.);
#9224=CARTESIAN_POINT('',(-8.5E-1,1.173156788795E-1,-2.977970103188E0));
#9225=DIRECTION('',(1.E0,0.E0,0.E0));
#9226=DIRECTION('',(0.E0,-1.E0,0.E0));
#9227=AXIS2_PLACEMENT_3D('',#9224,#9225,#9226);
#9228=CYLINDRICAL_SURFACE('',#9227,1.5E-1);
#9229=ORIENTED_EDGE('',*,*,#9119,.F.);
#9231=ORIENTED_EDGE('',*,*,#9230,.T.);
#9232=ORIENTED_EDGE('',*,*,#9164,.T.);
#9233=ORIENTED_EDGE('',*,*,#9218,.F.);
#9234=EDGE_LOOP('',(#9229,#9231,#9232,#9233));
#9235=FACE_OUTER_BOUND('',#9234,.F.);
#9237=CARTESIAN_POINT('',(-8.5E-1,3.75E-1,-2.64E0));
#9238=DIRECTION('',(1.E0,0.E0,0.E0));
#9239=DIRECTION('',(0.E0,-1.E0,0.E0));
#9240=AXIS2_PLACEMENT_3D('',#9237,#9238,#9239);
#9241=CYLINDRICAL_SURFACE('',#9240,2.75E-1);
#9242=ORIENTED_EDGE('',*,*,#9117,.F.);
#9244=ORIENTED_EDGE('',*,*,#9243,.T.);
#9245=ORIENTED_EDGE('',*,*,#9166,.T.);
#9246=ORIENTED_EDGE('',*,*,#9230,.F.);
#9247=EDGE_LOOP('',(#9242,#9244,#9245,#9246));
#9248=FACE_OUTER_BOUND('',#9247,.F.);
#9250=CARTESIAN_POINT('',(-8.5E-1,4.E-1,-2.242422786931E0));
#9251=DIRECTION('',(0.E0,-6.787494784965E-1,7.343698968780E-1));
#9252=DIRECTION('',(0.E0,-7.343698968780E-1,-6.787494784965E-1));
#9253=AXIS2_PLACEMENT_3D('',#9250,#9251,#9252);
#9254=PLANE('',#9253);
#9255=ORIENTED_EDGE('',*,*,#8129,.T.);
#9256=ORIENTED_EDGE('',*,*,#9168,.T.);
#9257=ORIENTED_EDGE('',*,*,#9243,.F.);
#9258=ORIENTED_EDGE('',*,*,#9115,.F.);
#9259=EDGE_LOOP('',(#9255,#9256,#9257,#9258));
#9260=FACE_OUTER_BOUND('',#9259,.F.);
#9262=CARTESIAN_POINT('',(-3.5E-1,0.E0,0.E0));
#9263=DIRECTION('',(1.E0,0.E0,0.E0));
#9264=DIRECTION('',(0.E0,-1.E0,0.E0));
#9265=AXIS2_PLACEMENT_3D('',#9262,#9263,#9264);
#9266=PLANE('',#9265);
#9267=ORIENTED_EDGE('',*,*,#8341,.T.);
#9269=ORIENTED_EDGE('',*,*,#9268,.T.);
#9271=ORIENTED_EDGE('',*,*,#9270,.T.);
#9273=ORIENTED_EDGE('',*,*,#9272,.T.);
#9275=ORIENTED_EDGE('',*,*,#9274,.T.);
#9276=EDGE_LOOP('',(#9267,#9269,#9271,#9273,#9275));
#9277=FACE_OUTER_BOUND('',#9276,.F.);
#9279=CARTESIAN_POINT('',(-3.5E-1,0.E0,0.E0));
#9280=DIRECTION('',(1.E0,0.E0,0.E0));
#9281=DIRECTION('',(0.E0,-1.E0,0.E0));
#9282=AXIS2_PLACEMENT_3D('',#9279,#9280,#9281);
#9283=PLANE('',#9282);
#9284=ORIENTED_EDGE('',*,*,#8133,.F.);
#9286=ORIENTED_EDGE('',*,*,#9285,.T.);
#9288=ORIENTED_EDGE('',*,*,#9287,.T.);
#9290=ORIENTED_EDGE('',*,*,#9289,.T.);
#9292=ORIENTED_EDGE('',*,*,#9291,.T.);
#9293=EDGE_LOOP('',(#9284,#9286,#9288,#9290,#9292));
#9294=FACE_OUTER_BOUND('',#9293,.F.);
#9296=CARTESIAN_POINT('',(-3.5E-1,-4.E-1,-4.049617674039E0));
#9297=DIRECTION('',(0.E0,9.925461516413E-1,-1.218693434051E-1));
#9298=DIRECTION('',(0.E0,1.218693434051E-1,9.925461516413E-1));
#9299=AXIS2_PLACEMENT_3D('',#9296,#9297,#9298);
#9300=PLANE('',#9299);
#9301=ORIENTED_EDGE('',*,*,#8347,.T.);
#9303=ORIENTED_EDGE('',*,*,#9302,.T.);
#9305=ORIENTED_EDGE('',*,*,#9304,.F.);
#9306=ORIENTED_EDGE('',*,*,#9268,.F.);
#9307=EDGE_LOOP('',(#9301,#9303,#9305,#9306));
#9308=FACE_OUTER_BOUND('',#9307,.F.);
#9310=CARTESIAN_POINT('',(-1.5E-1,0.E0,0.E0));
#9311=DIRECTION('',(1.E0,0.E0,0.E0));
#9312=DIRECTION('',(0.E0,-1.E0,0.E0));
#9313=AXIS2_PLACEMENT_3D('',#9310,#9311,#9312);
#9314=PLANE('',#9313);
#9315=ORIENTED_EDGE('',*,*,#8345,.F.);
#9317=ORIENTED_EDGE('',*,*,#9316,.F.);
#9319=ORIENTED_EDGE('',*,*,#9318,.F.);
#9321=ORIENTED_EDGE('',*,*,#9320,.F.);
#9322=ORIENTED_EDGE('',*,*,#9302,.F.);
#9323=EDGE_LOOP('',(#9315,#9317,#9319,#9321,#9322));
#9324=FACE_OUTER_BOUND('',#9323,.F.);
#9326=CARTESIAN_POINT('',(-1.5E-1,0.E0,0.E0));
#9327=DIRECTION('',(1.E0,0.E0,0.E0));
#9328=DIRECTION('',(0.E0,-1.E0,0.E0));
#9329=AXIS2_PLACEMENT_3D('',#9326,#9327,#9328);
#9330=PLANE('',#9329);
#9331=ORIENTED_EDGE('',*,*,#8137,.T.);
#9333=ORIENTED_EDGE('',*,*,#9332,.F.);
#9335=ORIENTED_EDGE('',*,*,#9334,.F.);
#9337=ORIENTED_EDGE('',*,*,#9336,.F.);
#9339=ORIENTED_EDGE('',*,*,#9338,.F.);
#9340=EDGE_LOOP('',(#9331,#9333,#9335,#9337,#9339));
#9341=FACE_OUTER_BOUND('',#9340,.F.);
#9343=CARTESIAN_POINT('',(-3.5E-1,-1.849518244714E-1,-2.441237098587E0));
#9344=DIRECTION('',(0.E0,6.910842746493E-1,7.227741869578E-1));
#9345=DIRECTION('',(0.E0,-7.227741869578E-1,6.910842746493E-1));
#9346=AXIS2_PLACEMENT_3D('',#9343,#9344,#9345);
#9347=PLANE('',#9346);
#9348=ORIENTED_EDGE('',*,*,#8343,.F.);
#9349=ORIENTED_EDGE('',*,*,#9274,.F.);
#9351=ORIENTED_EDGE('',*,*,#9350,.T.);
#9352=ORIENTED_EDGE('',*,*,#9316,.T.);
#9353=EDGE_LOOP('',(#9348,#9349,#9351,#9352));
#9354=FACE_OUTER_BOUND('',#9353,.F.);
#9356=CARTESIAN_POINT('',(-3.5E-1,-3.75E-1,-2.64E0));
#9357=DIRECTION('',(1.E0,0.E0,0.E0));
#9358=DIRECTION('',(0.E0,-1.E0,0.E0));
#9359=AXIS2_PLACEMENT_3D('',#9356,#9357,#9358);
#9360=CYLINDRICAL_SURFACE('',#9359,2.75E-1);
#9361=ORIENTED_EDGE('',*,*,#9272,.F.);
#9363=ORIENTED_EDGE('',*,*,#9362,.T.);
#9364=ORIENTED_EDGE('',*,*,#9318,.T.);
#9365=ORIENTED_EDGE('',*,*,#9350,.F.);
#9366=EDGE_LOOP('',(#9361,#9363,#9364,#9365));
#9367=FACE_OUTER_BOUND('',#9366,.F.);
#9369=CARTESIAN_POINT('',(-3.5E-1,-1.172929522987E-1,-2.977952774164E0));
#9370=DIRECTION('',(1.E0,0.E0,0.E0));
#9371=DIRECTION('',(0.E0,-1.E0,0.E0));
#9372=AXIS2_PLACEMENT_3D('',#9369,#9370,#9371);
#9373=CYLINDRICAL_SURFACE('',#9372,1.5E-1);
#9374=ORIENTED_EDGE('',*,*,#9270,.F.);
#9375=ORIENTED_EDGE('',*,*,#9304,.T.);
#9376=ORIENTED_EDGE('',*,*,#9320,.T.);
#9377=ORIENTED_EDGE('',*,*,#9362,.F.);
#9378=EDGE_LOOP('',(#9374,#9375,#9376,#9377));
#9379=FACE_OUTER_BOUND('',#9378,.F.);
#9381=CARTESIAN_POINT('',(-3.5E-1,2.661976016257E-1,-2.959689701677E0));
#9382=DIRECTION('',(0.E0,-9.925461516413E-1,-1.218693434051E-1));
#9383=DIRECTION('',(0.E0,1.218693434051E-1,-9.925461516413E-1));
#9384=AXIS2_PLACEMENT_3D('',#9381,#9382,#9383);
#9385=PLANE('',#9384);
#9386=ORIENTED_EDGE('',*,*,#8135,.F.);
#9387=ORIENTED_EDGE('',*,*,#9291,.F.);
#9389=ORIENTED_EDGE('',*,*,#9388,.T.);
#9390=ORIENTED_EDGE('',*,*,#9332,.T.);
#9391=EDGE_LOOP('',(#9386,#9387,#9389,#9390));
#9392=FACE_OUTER_BOUND('',#9391,.F.);
#9394=CARTESIAN_POINT('',(-3.5E-1,1.173156788795E-1,-2.977970103188E0));
#9395=DIRECTION('',(1.E0,0.E0,0.E0));
#9396=DIRECTION('',(0.E0,-1.E0,0.E0));
#9397=AXIS2_PLACEMENT_3D('',#9394,#9395,#9396);
#9398=CYLINDRICAL_SURFACE('',#9397,1.5E-1);
#9399=ORIENTED_EDGE('',*,*,#9289,.F.);
#9401=ORIENTED_EDGE('',*,*,#9400,.T.);
#9402=ORIENTED_EDGE('',*,*,#9334,.T.);
#9403=ORIENTED_EDGE('',*,*,#9388,.F.);
#9404=EDGE_LOOP('',(#9399,#9401,#9402,#9403));
#9405=FACE_OUTER_BOUND('',#9404,.F.);
#9407=CARTESIAN_POINT('',(-3.5E-1,3.75E-1,-2.64E0));
#9408=DIRECTION('',(1.E0,0.E0,0.E0));
#9409=DIRECTION('',(0.E0,-1.E0,0.E0));
#9410=AXIS2_PLACEMENT_3D('',#9407,#9408,#9409);
#9411=CYLINDRICAL_SURFACE('',#9410,2.75E-1);
#9412=ORIENTED_EDGE('',*,*,#9287,.F.);
#9414=ORIENTED_EDGE('',*,*,#9413,.T.);
#9415=ORIENTED_EDGE('',*,*,#9336,.T.);
#9416=ORIENTED_EDGE('',*,*,#9400,.F.);
#9417=EDGE_LOOP('',(#9412,#9414,#9415,#9416));
#9418=FACE_OUTER_BOUND('',#9417,.F.);
#9420=CARTESIAN_POINT('',(-3.5E-1,4.E-1,-2.242422786931E0));
#9421=DIRECTION('',(0.E0,-6.787494784965E-1,7.343698968780E-1));
#9422=DIRECTION('',(0.E0,-7.343698968780E-1,-6.787494784965E-1));
#9423=AXIS2_PLACEMENT_3D('',#9420,#9421,#9422);
#9424=PLANE('',#9423);
#9425=ORIENTED_EDGE('',*,*,#8139,.T.);
#9426=ORIENTED_EDGE('',*,*,#9338,.T.);
#9427=ORIENTED_EDGE('',*,*,#9413,.F.);
#9428=ORIENTED_EDGE('',*,*,#9285,.F.);
#9429=EDGE_LOOP('',(#9425,#9426,#9427,#9428));
#9430=FACE_OUTER_BOUND('',#9429,.F.);
#9432=CARTESIAN_POINT('',(1.5E-1,0.E0,0.E0));
#9433=DIRECTION('',(1.E0,0.E0,0.E0));
#9434=DIRECTION('',(0.E0,-1.E0,0.E0));
#9435=AXIS2_PLACEMENT_3D('',#9432,#9433,#9434);
#9436=PLANE('',#9435);
#9437=ORIENTED_EDGE('',*,*,#8351,.T.);
#9439=ORIENTED_EDGE('',*,*,#9438,.T.);
#9441=ORIENTED_EDGE('',*,*,#9440,.T.);
#9443=ORIENTED_EDGE('',*,*,#9442,.T.);
#9445=ORIENTED_EDGE('',*,*,#9444,.T.);
#9446=EDGE_LOOP('',(#9437,#9439,#9441,#9443,#9445));
#9447=FACE_OUTER_BOUND('',#9446,.F.);
#9449=CARTESIAN_POINT('',(1.5E-1,0.E0,0.E0));
#9450=DIRECTION('',(1.E0,0.E0,0.E0));
#9451=DIRECTION('',(0.E0,-1.E0,0.E0));
#9452=AXIS2_PLACEMENT_3D('',#9449,#9450,#9451);
#9453=PLANE('',#9452);
#9454=ORIENTED_EDGE('',*,*,#8143,.F.);
#9456=ORIENTED_EDGE('',*,*,#9455,.T.);
#9458=ORIENTED_EDGE('',*,*,#9457,.T.);
#9460=ORIENTED_EDGE('',*,*,#9459,.T.);
#9462=ORIENTED_EDGE('',*,*,#9461,.T.);
#9463=EDGE_LOOP('',(#9454,#9456,#9458,#9460,#9462));
#9464=FACE_OUTER_BOUND('',#9463,.F.);
#9466=CARTESIAN_POINT('',(1.5E-1,-4.E-1,-4.049617674039E0));
#9467=DIRECTION('',(0.E0,9.925461516413E-1,-1.218693434051E-1));
#9468=DIRECTION('',(0.E0,1.218693434051E-1,9.925461516413E-1));
#9469=AXIS2_PLACEMENT_3D('',#9466,#9467,#9468);
#9470=PLANE('',#9469);
#9471=ORIENTED_EDGE('',*,*,#8357,.T.);
#9473=ORIENTED_EDGE('',*,*,#9472,.T.);
#9475=ORIENTED_EDGE('',*,*,#9474,.F.);
#9476=ORIENTED_EDGE('',*,*,#9438,.F.);
#9477=EDGE_LOOP('',(#9471,#9473,#9475,#9476));
#9478=FACE_OUTER_BOUND('',#9477,.F.);
#9480=CARTESIAN_POINT('',(3.5E-1,0.E0,0.E0));
#9481=DIRECTION('',(1.E0,0.E0,0.E0));
#9482=DIRECTION('',(0.E0,-1.E0,0.E0));
#9483=AXIS2_PLACEMENT_3D('',#9480,#9481,#9482);
#9484=PLANE('',#9483);
#9485=ORIENTED_EDGE('',*,*,#8355,.F.);
#9487=ORIENTED_EDGE('',*,*,#9486,.F.);
#9489=ORIENTED_EDGE('',*,*,#9488,.F.);
#9491=ORIENTED_EDGE('',*,*,#9490,.F.);
#9492=ORIENTED_EDGE('',*,*,#9472,.F.);
#9493=EDGE_LOOP('',(#9485,#9487,#9489,#9491,#9492));
#9494=FACE_OUTER_BOUND('',#9493,.F.);
#9496=CARTESIAN_POINT('',(3.5E-1,0.E0,0.E0));
#9497=DIRECTION('',(1.E0,0.E0,0.E0));
#9498=DIRECTION('',(0.E0,-1.E0,0.E0));
#9499=AXIS2_PLACEMENT_3D('',#9496,#9497,#9498);
#9500=PLANE('',#9499);
#9501=ORIENTED_EDGE('',*,*,#8147,.T.);
#9503=ORIENTED_EDGE('',*,*,#9502,.F.);
#9505=ORIENTED_EDGE('',*,*,#9504,.F.);
#9507=ORIENTED_EDGE('',*,*,#9506,.F.);
#9509=ORIENTED_EDGE('',*,*,#9508,.F.);
#9510=EDGE_LOOP('',(#9501,#9503,#9505,#9507,#9509));
#9511=FACE_OUTER_BOUND('',#9510,.F.);
#9513=CARTESIAN_POINT('',(1.5E-1,-1.849518244714E-1,-2.441237098587E0));
#9514=DIRECTION('',(0.E0,6.910842746493E-1,7.227741869578E-1));
#9515=DIRECTION('',(0.E0,-7.227741869578E-1,6.910842746493E-1));
#9516=AXIS2_PLACEMENT_3D('',#9513,#9514,#9515);
#9517=PLANE('',#9516);
#9518=ORIENTED_EDGE('',*,*,#8353,.F.);
#9519=ORIENTED_EDGE('',*,*,#9444,.F.);
#9521=ORIENTED_EDGE('',*,*,#9520,.T.);
#9522=ORIENTED_EDGE('',*,*,#9486,.T.);
#9523=EDGE_LOOP('',(#9518,#9519,#9521,#9522));
#9524=FACE_OUTER_BOUND('',#9523,.F.);
#9526=CARTESIAN_POINT('',(1.5E-1,-3.75E-1,-2.64E0));
#9527=DIRECTION('',(1.E0,0.E0,0.E0));
#9528=DIRECTION('',(0.E0,-1.E0,0.E0));
#9529=AXIS2_PLACEMENT_3D('',#9526,#9527,#9528);
#9530=CYLINDRICAL_SURFACE('',#9529,2.75E-1);
#9531=ORIENTED_EDGE('',*,*,#9442,.F.);
#9533=ORIENTED_EDGE('',*,*,#9532,.T.);
#9534=ORIENTED_EDGE('',*,*,#9488,.T.);
#9535=ORIENTED_EDGE('',*,*,#9520,.F.);
#9536=EDGE_LOOP('',(#9531,#9533,#9534,#9535));
#9537=FACE_OUTER_BOUND('',#9536,.F.);
#9539=CARTESIAN_POINT('',(1.5E-1,-1.172929522987E-1,-2.977952774164E0));
#9540=DIRECTION('',(1.E0,0.E0,0.E0));
#9541=DIRECTION('',(0.E0,-1.E0,0.E0));
#9542=AXIS2_PLACEMENT_3D('',#9539,#9540,#9541);
#9543=CYLINDRICAL_SURFACE('',#9542,1.5E-1);
#9544=ORIENTED_EDGE('',*,*,#9440,.F.);
#9545=ORIENTED_EDGE('',*,*,#9474,.T.);
#9546=ORIENTED_EDGE('',*,*,#9490,.T.);
#9547=ORIENTED_EDGE('',*,*,#9532,.F.);
#9548=EDGE_LOOP('',(#9544,#9545,#9546,#9547));
#9549=FACE_OUTER_BOUND('',#9548,.F.);
#9551=CARTESIAN_POINT('',(1.5E-1,2.661976016257E-1,-2.959689701677E0));
#9552=DIRECTION('',(0.E0,-9.925461516413E-1,-1.218693434051E-1));
#9553=DIRECTION('',(0.E0,1.218693434051E-1,-9.925461516413E-1));
#9554=AXIS2_PLACEMENT_3D('',#9551,#9552,#9553);
#9555=PLANE('',#9554);
#9556=ORIENTED_EDGE('',*,*,#8145,.F.);
#9557=ORIENTED_EDGE('',*,*,#9461,.F.);
#9559=ORIENTED_EDGE('',*,*,#9558,.T.);
#9560=ORIENTED_EDGE('',*,*,#9502,.T.);
#9561=EDGE_LOOP('',(#9556,#9557,#9559,#9560));
#9562=FACE_OUTER_BOUND('',#9561,.F.);
#9564=CARTESIAN_POINT('',(1.5E-1,1.173156788795E-1,-2.977970103188E0));
#9565=DIRECTION('',(1.E0,0.E0,0.E0));
#9566=DIRECTION('',(0.E0,-1.E0,0.E0));
#9567=AXIS2_PLACEMENT_3D('',#9564,#9565,#9566);
#9568=CYLINDRICAL_SURFACE('',#9567,1.5E-1);
#9569=ORIENTED_EDGE('',*,*,#9459,.F.);
#9571=ORIENTED_EDGE('',*,*,#9570,.T.);
#9572=ORIENTED_EDGE('',*,*,#9504,.T.);
#9573=ORIENTED_EDGE('',*,*,#9558,.F.);
#9574=EDGE_LOOP('',(#9569,#9571,#9572,#9573));
#9575=FACE_OUTER_BOUND('',#9574,.F.);
#9577=CARTESIAN_POINT('',(1.5E-1,3.75E-1,-2.64E0));
#9578=DIRECTION('',(1.E0,0.E0,0.E0));
#9579=DIRECTION('',(0.E0,-1.E0,0.E0));
#9580=AXIS2_PLACEMENT_3D('',#9577,#9578,#9579);
#9581=CYLINDRICAL_SURFACE('',#9580,2.75E-1);
#9582=ORIENTED_EDGE('',*,*,#9457,.F.);
#9584=ORIENTED_EDGE('',*,*,#9583,.T.);
#9585=ORIENTED_EDGE('',*,*,#9506,.T.);
#9586=ORIENTED_EDGE('',*,*,#9570,.F.);
#9587=EDGE_LOOP('',(#9582,#9584,#9585,#9586));
#9588=FACE_OUTER_BOUND('',#9587,.F.);
#9590=CARTESIAN_POINT('',(1.5E-1,4.E-1,-2.242422786931E0));
#9591=DIRECTION('',(0.E0,-6.787494784965E-1,7.343698968780E-1));
#9592=DIRECTION('',(0.E0,-7.343698968780E-1,-6.787494784965E-1));
#9593=AXIS2_PLACEMENT_3D('',#9590,#9591,#9592);
#9594=PLANE('',#9593);
#9595=ORIENTED_EDGE('',*,*,#8149,.T.);
#9596=ORIENTED_EDGE('',*,*,#9508,.T.);
#9597=ORIENTED_EDGE('',*,*,#9583,.F.);
#9598=ORIENTED_EDGE('',*,*,#9455,.F.);
#9599=EDGE_LOOP('',(#9595,#9596,#9597,#9598));
#9600=FACE_OUTER_BOUND('',#9599,.F.);
#9602=CARTESIAN_POINT('',(6.5E-1,0.E0,0.E0));
#9603=DIRECTION('',(1.E0,0.E0,0.E0));
#9604=DIRECTION('',(0.E0,-1.E0,0.E0));
#9605=AXIS2_PLACEMENT_3D('',#9602,#9603,#9604);
#9606=PLANE('',#9605);
#9607=ORIENTED_EDGE('',*,*,#8361,.T.);
#9609=ORIENTED_EDGE('',*,*,#9608,.T.);
#9611=ORIENTED_EDGE('',*,*,#9610,.T.);
#9613=ORIENTED_EDGE('',*,*,#9612,.T.);
#9615=ORIENTED_EDGE('',*,*,#9614,.T.);
#9616=EDGE_LOOP('',(#9607,#9609,#9611,#9613,#9615));
#9617=FACE_OUTER_BOUND('',#9616,.F.);
#9619=CARTESIAN_POINT('',(6.5E-1,0.E0,0.E0));
#9620=DIRECTION('',(1.E0,0.E0,0.E0));
#9621=DIRECTION('',(0.E0,-1.E0,0.E0));
#9622=AXIS2_PLACEMENT_3D('',#9619,#9620,#9621);
#9623=PLANE('',#9622);
#9624=ORIENTED_EDGE('',*,*,#8153,.F.);
#9626=ORIENTED_EDGE('',*,*,#9625,.T.);
#9628=ORIENTED_EDGE('',*,*,#9627,.T.);
#9630=ORIENTED_EDGE('',*,*,#9629,.T.);
#9632=ORIENTED_EDGE('',*,*,#9631,.T.);
#9633=EDGE_LOOP('',(#9624,#9626,#9628,#9630,#9632));
#9634=FACE_OUTER_BOUND('',#9633,.F.);
#9636=CARTESIAN_POINT('',(6.5E-1,-4.E-1,-4.049617674039E0));
#9637=DIRECTION('',(0.E0,9.925461516413E-1,-1.218693434051E-1));
#9638=DIRECTION('',(0.E0,1.218693434051E-1,9.925461516413E-1));
#9639=AXIS2_PLACEMENT_3D('',#9636,#9637,#9638);
#9640=PLANE('',#9639);
#9641=ORIENTED_EDGE('',*,*,#8367,.T.);
#9643=ORIENTED_EDGE('',*,*,#9642,.T.);
#9645=ORIENTED_EDGE('',*,*,#9644,.F.);
#9646=ORIENTED_EDGE('',*,*,#9608,.F.);
#9647=EDGE_LOOP('',(#9641,#9643,#9645,#9646));
#9648=FACE_OUTER_BOUND('',#9647,.F.);
#9650=CARTESIAN_POINT('',(8.5E-1,0.E0,0.E0));
#9651=DIRECTION('',(1.E0,0.E0,0.E0));
#9652=DIRECTION('',(0.E0,-1.E0,0.E0));
#9653=AXIS2_PLACEMENT_3D('',#9650,#9651,#9652);
#9654=PLANE('',#9653);
#9655=ORIENTED_EDGE('',*,*,#8365,.F.);
#9657=ORIENTED_EDGE('',*,*,#9656,.F.);
#9659=ORIENTED_EDGE('',*,*,#9658,.F.);
#9661=ORIENTED_EDGE('',*,*,#9660,.F.);
#9662=ORIENTED_EDGE('',*,*,#9642,.F.);
#9663=EDGE_LOOP('',(#9655,#9657,#9659,#9661,#9662));
#9664=FACE_OUTER_BOUND('',#9663,.F.);
#9666=CARTESIAN_POINT('',(8.5E-1,0.E0,0.E0));
#9667=DIRECTION('',(1.E0,0.E0,0.E0));
#9668=DIRECTION('',(0.E0,-1.E0,0.E0));
#9669=AXIS2_PLACEMENT_3D('',#9666,#9667,#9668);
#9670=PLANE('',#9669);
#9671=ORIENTED_EDGE('',*,*,#8157,.T.);
#9673=ORIENTED_EDGE('',*,*,#9672,.F.);
#9675=ORIENTED_EDGE('',*,*,#9674,.F.);
#9677=ORIENTED_EDGE('',*,*,#9676,.F.);
#9679=ORIENTED_EDGE('',*,*,#9678,.F.);
#9680=EDGE_LOOP('',(#9671,#9673,#9675,#9677,#9679));
#9681=FACE_OUTER_BOUND('',#9680,.F.);
#9683=CARTESIAN_POINT('',(6.5E-1,-1.849518244714E-1,-2.441237098587E0));
#9684=DIRECTION('',(0.E0,6.910842746493E-1,7.227741869578E-1));
#9685=DIRECTION('',(0.E0,-7.227741869578E-1,6.910842746493E-1));
#9686=AXIS2_PLACEMENT_3D('',#9683,#9684,#9685);
#9687=PLANE('',#9686);
#9688=ORIENTED_EDGE('',*,*,#8363,.F.);
#9689=ORIENTED_EDGE('',*,*,#9614,.F.);
#9691=ORIENTED_EDGE('',*,*,#9690,.T.);
#9692=ORIENTED_EDGE('',*,*,#9656,.T.);
#9693=EDGE_LOOP('',(#9688,#9689,#9691,#9692));
#9694=FACE_OUTER_BOUND('',#9693,.F.);
#9696=CARTESIAN_POINT('',(6.5E-1,-3.75E-1,-2.64E0));
#9697=DIRECTION('',(1.E0,0.E0,0.E0));
#9698=DIRECTION('',(0.E0,-1.E0,0.E0));
#9699=AXIS2_PLACEMENT_3D('',#9696,#9697,#9698);
#9700=CYLINDRICAL_SURFACE('',#9699,2.75E-1);
#9701=ORIENTED_EDGE('',*,*,#9612,.F.);
#9703=ORIENTED_EDGE('',*,*,#9702,.T.);
#9704=ORIENTED_EDGE('',*,*,#9658,.T.);
#9705=ORIENTED_EDGE('',*,*,#9690,.F.);
#9706=EDGE_LOOP('',(#9701,#9703,#9704,#9705));
#9707=FACE_OUTER_BOUND('',#9706,.F.);
#9709=CARTESIAN_POINT('',(6.5E-1,-1.172929522987E-1,-2.977952774164E0));
#9710=DIRECTION('',(1.E0,0.E0,0.E0));
#9711=DIRECTION('',(0.E0,-1.E0,0.E0));
#9712=AXIS2_PLACEMENT_3D('',#9709,#9710,#9711);
#9713=CYLINDRICAL_SURFACE('',#9712,1.5E-1);
#9714=ORIENTED_EDGE('',*,*,#9610,.F.);
#9715=ORIENTED_EDGE('',*,*,#9644,.T.);
#9716=ORIENTED_EDGE('',*,*,#9660,.T.);
#9717=ORIENTED_EDGE('',*,*,#9702,.F.);
#9718=EDGE_LOOP('',(#9714,#9715,#9716,#9717));
#9719=FACE_OUTER_BOUND('',#9718,.F.);
#9721=CARTESIAN_POINT('',(6.5E-1,2.661976016257E-1,-2.959689701677E0));
#9722=DIRECTION('',(0.E0,-9.925461516413E-1,-1.218693434051E-1));
#9723=DIRECTION('',(0.E0,1.218693434051E-1,-9.925461516413E-1));
#9724=AXIS2_PLACEMENT_3D('',#9721,#9722,#9723);
#9725=PLANE('',#9724);
#9726=ORIENTED_EDGE('',*,*,#8155,.F.);
#9727=ORIENTED_EDGE('',*,*,#9631,.F.);
#9729=ORIENTED_EDGE('',*,*,#9728,.T.);
#9730=ORIENTED_EDGE('',*,*,#9672,.T.);
#9731=EDGE_LOOP('',(#9726,#9727,#9729,#9730));
#9732=FACE_OUTER_BOUND('',#9731,.F.);
#9734=CARTESIAN_POINT('',(6.5E-1,1.173156788795E-1,-2.977970103188E0));
#9735=DIRECTION('',(1.E0,0.E0,0.E0));
#9736=DIRECTION('',(0.E0,-1.E0,0.E0));
#9737=AXIS2_PLACEMENT_3D('',#9734,#9735,#9736);
#9738=CYLINDRICAL_SURFACE('',#9737,1.5E-1);
#9739=ORIENTED_EDGE('',*,*,#9629,.F.);
#9741=ORIENTED_EDGE('',*,*,#9740,.T.);
#9742=ORIENTED_EDGE('',*,*,#9674,.T.);
#9743=ORIENTED_EDGE('',*,*,#9728,.F.);
#9744=EDGE_LOOP('',(#9739,#9741,#9742,#9743));
#9745=FACE_OUTER_BOUND('',#9744,.F.);
#9747=CARTESIAN_POINT('',(6.5E-1,3.75E-1,-2.64E0));
#9748=DIRECTION('',(1.E0,0.E0,0.E0));
#9749=DIRECTION('',(0.E0,-1.E0,0.E0));
#9750=AXIS2_PLACEMENT_3D('',#9747,#9748,#9749);
#9751=CYLINDRICAL_SURFACE('',#9750,2.75E-1);
#9752=ORIENTED_EDGE('',*,*,#9627,.F.);
#9754=ORIENTED_EDGE('',*,*,#9753,.T.);
#9755=ORIENTED_EDGE('',*,*,#9676,.T.);
#9756=ORIENTED_EDGE('',*,*,#9740,.F.);
#9757=EDGE_LOOP('',(#9752,#9754,#9755,#9756));
#9758=FACE_OUTER_BOUND('',#9757,.F.);
#9760=CARTESIAN_POINT('',(6.5E-1,4.E-1,-2.242422786931E0));
#9761=DIRECTION('',(0.E0,-6.787494784965E-1,7.343698968780E-1));
#9762=DIRECTION('',(0.E0,-7.343698968780E-1,-6.787494784965E-1));
#9763=AXIS2_PLACEMENT_3D('',#9760,#9761,#9762);
#9764=PLANE('',#9763);
#9765=ORIENTED_EDGE('',*,*,#8159,.T.);
#9766=ORIENTED_EDGE('',*,*,#9678,.T.);
#9767=ORIENTED_EDGE('',*,*,#9753,.F.);
#9768=ORIENTED_EDGE('',*,*,#9625,.F.);
#9769=EDGE_LOOP('',(#9765,#9766,#9767,#9768));
#9770=FACE_OUTER_BOUND('',#9769,.F.);
#9772=CARTESIAN_POINT('',(1.15E0,0.E0,0.E0));
#9773=DIRECTION('',(1.E0,0.E0,0.E0));
#9774=DIRECTION('',(0.E0,-1.E0,0.E0));
#9775=AXIS2_PLACEMENT_3D('',#9772,#9773,#9774);
#9776=PLANE('',#9775);
#9777=ORIENTED_EDGE('',*,*,#8371,.T.);
#9779=ORIENTED_EDGE('',*,*,#9778,.T.);
#9781=ORIENTED_EDGE('',*,*,#9780,.T.);
#9783=ORIENTED_EDGE('',*,*,#9782,.T.);
#9785=ORIENTED_EDGE('',*,*,#9784,.T.);
#9786=EDGE_LOOP('',(#9777,#9779,#9781,#9783,#9785));
#9787=FACE_OUTER_BOUND('',#9786,.F.);
#9789=CARTESIAN_POINT('',(1.15E0,0.E0,0.E0));
#9790=DIRECTION('',(1.E0,0.E0,0.E0));
#9791=DIRECTION('',(0.E0,-1.E0,0.E0));
#9792=AXIS2_PLACEMENT_3D('',#9789,#9790,#9791);
#9793=PLANE('',#9792);
#9794=ORIENTED_EDGE('',*,*,#8163,.F.);
#9796=ORIENTED_EDGE('',*,*,#9795,.T.);
#9798=ORIENTED_EDGE('',*,*,#9797,.T.);
#9800=ORIENTED_EDGE('',*,*,#9799,.T.);
#9802=ORIENTED_EDGE('',*,*,#9801,.T.);
#9803=EDGE_LOOP('',(#9794,#9796,#9798,#9800,#9802));
#9804=FACE_OUTER_BOUND('',#9803,.F.);
#9806=CARTESIAN_POINT('',(1.15E0,-4.E-1,-4.049617674039E0));
#9807=DIRECTION('',(0.E0,9.925461516413E-1,-1.218693434051E-1));
#9808=DIRECTION('',(0.E0,1.218693434051E-1,9.925461516413E-1));
#9809=AXIS2_PLACEMENT_3D('',#9806,#9807,#9808);
#9810=PLANE('',#9809);
#9811=ORIENTED_EDGE('',*,*,#8377,.T.);
#9813=ORIENTED_EDGE('',*,*,#9812,.T.);
#9815=ORIENTED_EDGE('',*,*,#9814,.F.);
#9816=ORIENTED_EDGE('',*,*,#9778,.F.);
#9817=EDGE_LOOP('',(#9811,#9813,#9815,#9816));
#9818=FACE_OUTER_BOUND('',#9817,.F.);
#9820=CARTESIAN_POINT('',(1.35E0,0.E0,0.E0));
#9821=DIRECTION('',(1.E0,0.E0,0.E0));
#9822=DIRECTION('',(0.E0,-1.E0,0.E0));
#9823=AXIS2_PLACEMENT_3D('',#9820,#9821,#9822);
#9824=PLANE('',#9823);
#9825=ORIENTED_EDGE('',*,*,#8375,.F.);
#9827=ORIENTED_EDGE('',*,*,#9826,.F.);
#9829=ORIENTED_EDGE('',*,*,#9828,.F.);
#9831=ORIENTED_EDGE('',*,*,#9830,.F.);
#9832=ORIENTED_EDGE('',*,*,#9812,.F.);
#9833=EDGE_LOOP('',(#9825,#9827,#9829,#9831,#9832));
#9834=FACE_OUTER_BOUND('',#9833,.F.);
#9836=CARTESIAN_POINT('',(1.35E0,0.E0,0.E0));
#9837=DIRECTION('',(1.E0,0.E0,0.E0));
#9838=DIRECTION('',(0.E0,-1.E0,0.E0));
#9839=AXIS2_PLACEMENT_3D('',#9836,#9837,#9838);
#9840=PLANE('',#9839);
#9841=ORIENTED_EDGE('',*,*,#8167,.T.);
#9843=ORIENTED_EDGE('',*,*,#9842,.F.);
#9845=ORIENTED_EDGE('',*,*,#9844,.F.);
#9847=ORIENTED_EDGE('',*,*,#9846,.F.);
#9849=ORIENTED_EDGE('',*,*,#9848,.F.);
#9850=EDGE_LOOP('',(#9841,#9843,#9845,#9847,#9849));
#9851=FACE_OUTER_BOUND('',#9850,.F.);
#9853=CARTESIAN_POINT('',(1.15E0,-1.849518244714E-1,-2.441237098587E0));
#9854=DIRECTION('',(0.E0,6.910842746493E-1,7.227741869578E-1));
#9855=DIRECTION('',(0.E0,-7.227741869578E-1,6.910842746493E-1));
#9856=AXIS2_PLACEMENT_3D('',#9853,#9854,#9855);
#9857=PLANE('',#9856);
#9858=ORIENTED_EDGE('',*,*,#8373,.F.);
#9859=ORIENTED_EDGE('',*,*,#9784,.F.);
#9861=ORIENTED_EDGE('',*,*,#9860,.T.);
#9862=ORIENTED_EDGE('',*,*,#9826,.T.);
#9863=EDGE_LOOP('',(#9858,#9859,#9861,#9862));
#9864=FACE_OUTER_BOUND('',#9863,.F.);
#9866=CARTESIAN_POINT('',(1.15E0,-3.75E-1,-2.64E0));
#9867=DIRECTION('',(1.E0,0.E0,0.E0));
#9868=DIRECTION('',(0.E0,-1.E0,0.E0));
#9869=AXIS2_PLACEMENT_3D('',#9866,#9867,#9868);
#9870=CYLINDRICAL_SURFACE('',#9869,2.75E-1);
#9871=ORIENTED_EDGE('',*,*,#9782,.F.);
#9873=ORIENTED_EDGE('',*,*,#9872,.T.);
#9874=ORIENTED_EDGE('',*,*,#9828,.T.);
#9875=ORIENTED_EDGE('',*,*,#9860,.F.);
#9876=EDGE_LOOP('',(#9871,#9873,#9874,#9875));
#9877=FACE_OUTER_BOUND('',#9876,.F.);
#9879=CARTESIAN_POINT('',(1.15E0,-1.172929522987E-1,-2.977952774164E0));
#9880=DIRECTION('',(1.E0,0.E0,0.E0));
#9881=DIRECTION('',(0.E0,-1.E0,0.E0));
#9882=AXIS2_PLACEMENT_3D('',#9879,#9880,#9881);
#9883=CYLINDRICAL_SURFACE('',#9882,1.5E-1);
#9884=ORIENTED_EDGE('',*,*,#9780,.F.);
#9885=ORIENTED_EDGE('',*,*,#9814,.T.);
#9886=ORIENTED_EDGE('',*,*,#9830,.T.);
#9887=ORIENTED_EDGE('',*,*,#9872,.F.);
#9888=EDGE_LOOP('',(#9884,#9885,#9886,#9887));
#9889=FACE_OUTER_BOUND('',#9888,.F.);
#9891=CARTESIAN_POINT('',(1.15E0,2.661976016257E-1,-2.959689701677E0));
#9892=DIRECTION('',(0.E0,-9.925461516413E-1,-1.218693434051E-1));
#9893=DIRECTION('',(0.E0,1.218693434051E-1,-9.925461516413E-1));
#9894=AXIS2_PLACEMENT_3D('',#9891,#9892,#9893);
#9895=PLANE('',#9894);
#9896=ORIENTED_EDGE('',*,*,#8165,.F.);
#9897=ORIENTED_EDGE('',*,*,#9801,.F.);
#9899=ORIENTED_EDGE('',*,*,#9898,.T.);
#9900=ORIENTED_EDGE('',*,*,#9842,.T.);
#9901=EDGE_LOOP('',(#9896,#9897,#9899,#9900));
#9902=FACE_OUTER_BOUND('',#9901,.F.);
#9904=CARTESIAN_POINT('',(1.15E0,1.173156788795E-1,-2.977970103188E0));
#9905=DIRECTION('',(1.E0,0.E0,0.E0));
#9906=DIRECTION('',(0.E0,-1.E0,0.E0));
#9907=AXIS2_PLACEMENT_3D('',#9904,#9905,#9906);
#9908=CYLINDRICAL_SURFACE('',#9907,1.5E-1);
#9909=ORIENTED_EDGE('',*,*,#9799,.F.);
#9911=ORIENTED_EDGE('',*,*,#9910,.T.);
#9912=ORIENTED_EDGE('',*,*,#9844,.T.);
#9913=ORIENTED_EDGE('',*,*,#9898,.F.);
#9914=EDGE_LOOP('',(#9909,#9911,#9912,#9913));
#9915=FACE_OUTER_BOUND('',#9914,.F.);
#9917=CARTESIAN_POINT('',(1.15E0,3.75E-1,-2.64E0));
#9918=DIRECTION('',(1.E0,0.E0,0.E0));
#9919=DIRECTION('',(0.E0,-1.E0,0.E0));
#9920=AXIS2_PLACEMENT_3D('',#9917,#9918,#9919);
#9921=CYLINDRICAL_SURFACE('',#9920,2.75E-1);
#9922=ORIENTED_EDGE('',*,*,#9797,.F.);
#9924=ORIENTED_EDGE('',*,*,#9923,.T.);
#9925=ORIENTED_EDGE('',*,*,#9846,.T.);
#9926=ORIENTED_EDGE('',*,*,#9910,.F.);
#9927=EDGE_LOOP('',(#9922,#9924,#9925,#9926));
#9928=FACE_OUTER_BOUND('',#9927,.F.);
#9930=CARTESIAN_POINT('',(1.15E0,4.E-1,-2.242422786931E0));
#9931=DIRECTION('',(0.E0,-6.787494784965E-1,7.343698968780E-1));
#9932=DIRECTION('',(0.E0,-7.343698968780E-1,-6.787494784965E-1));
#9933=AXIS2_PLACEMENT_3D('',#9930,#9931,#9932);
#9934=PLANE('',#9933);
#9935=ORIENTED_EDGE('',*,*,#8169,.T.);
#9936=ORIENTED_EDGE('',*,*,#9848,.T.);
#9937=ORIENTED_EDGE('',*,*,#9923,.F.);
#9938=ORIENTED_EDGE('',*,*,#9795,.F.);
#9939=EDGE_LOOP('',(#9935,#9936,#9937,#9938));
#9940=FACE_OUTER_BOUND('',#9939,.F.);
#9942=CARTESIAN_POINT('',(1.65E0,0.E0,0.E0));
#9943=DIRECTION('',(1.E0,0.E0,0.E0));
#9944=DIRECTION('',(0.E0,-1.E0,0.E0));
#9945=AXIS2_PLACEMENT_3D('',#9942,#9943,#9944);
#9946=PLANE('',#9945);
#9947=ORIENTED_EDGE('',*,*,#8381,.T.);
#9949=ORIENTED_EDGE('',*,*,#9948,.T.);
#9951=ORIENTED_EDGE('',*,*,#9950,.T.);
#9953=ORIENTED_EDGE('',*,*,#9952,.T.);
#9955=ORIENTED_EDGE('',*,*,#9954,.T.);
#9956=EDGE_LOOP('',(#9947,#9949,#9951,#9953,#9955));
#9957=FACE_OUTER_BOUND('',#9956,.F.);
#9959=CARTESIAN_POINT('',(1.65E0,0.E0,0.E0));
#9960=DIRECTION('',(1.E0,0.E0,0.E0));
#9961=DIRECTION('',(0.E0,-1.E0,0.E0));
#9962=AXIS2_PLACEMENT_3D('',#9959,#9960,#9961);
#9963=PLANE('',#9962);
#9964=ORIENTED_EDGE('',*,*,#8173,.F.);
#9966=ORIENTED_EDGE('',*,*,#9965,.T.);
#9968=ORIENTED_EDGE('',*,*,#9967,.T.);
#9970=ORIENTED_EDGE('',*,*,#9969,.T.);
#9972=ORIENTED_EDGE('',*,*,#9971,.T.);
#9973=EDGE_LOOP('',(#9964,#9966,#9968,#9970,#9972));
#9974=FACE_OUTER_BOUND('',#9973,.F.);
#9976=CARTESIAN_POINT('',(1.65E0,-4.E-1,-4.049617674039E0));
#9977=DIRECTION('',(0.E0,9.925461516413E-1,-1.218693434051E-1));
#9978=DIRECTION('',(0.E0,1.218693434051E-1,9.925461516413E-1));
#9979=AXIS2_PLACEMENT_3D('',#9976,#9977,#9978);
#9980=PLANE('',#9979);
#9981=ORIENTED_EDGE('',*,*,#8387,.T.);
#9983=ORIENTED_EDGE('',*,*,#9982,.T.);
#9985=ORIENTED_EDGE('',*,*,#9984,.F.);
#9986=ORIENTED_EDGE('',*,*,#9948,.F.);
#9987=EDGE_LOOP('',(#9981,#9983,#9985,#9986));
#9988=FACE_OUTER_BOUND('',#9987,.F.);
#9990=CARTESIAN_POINT('',(1.85E0,0.E0,0.E0));
#9991=DIRECTION('',(1.E0,0.E0,0.E0));
#9992=DIRECTION('',(0.E0,-1.E0,0.E0));
#9993=AXIS2_PLACEMENT_3D('',#9990,#9991,#9992);
#9994=PLANE('',#9993);
#9995=ORIENTED_EDGE('',*,*,#8385,.F.);
#9997=ORIENTED_EDGE('',*,*,#9996,.F.);
#9999=ORIENTED_EDGE('',*,*,#9998,.F.);
#10001=ORIENTED_EDGE('',*,*,#10000,.F.);
#10002=ORIENTED_EDGE('',*,*,#9982,.F.);
#10003=EDGE_LOOP('',(#9995,#9997,#9999,#10001,#10002));
#10004=FACE_OUTER_BOUND('',#10003,.F.);
#10006=CARTESIAN_POINT('',(1.85E0,0.E0,0.E0));
#10007=DIRECTION('',(1.E0,0.E0,0.E0));
#10008=DIRECTION('',(0.E0,-1.E0,0.E0));
#10009=AXIS2_PLACEMENT_3D('',#10006,#10007,#10008);
#10010=PLANE('',#10009);
#10011=ORIENTED_EDGE('',*,*,#8177,.T.);
#10013=ORIENTED_EDGE('',*,*,#10012,.F.);
#10015=ORIENTED_EDGE('',*,*,#10014,.F.);
#10017=ORIENTED_EDGE('',*,*,#10016,.F.);
#10019=ORIENTED_EDGE('',*,*,#10018,.F.);
#10020=EDGE_LOOP('',(#10011,#10013,#10015,#10017,#10019));
#10021=FACE_OUTER_BOUND('',#10020,.F.);
#10023=CARTESIAN_POINT('',(1.65E0,-1.849518244714E-1,-2.441237098587E0));
#10024=DIRECTION('',(0.E0,6.910842746493E-1,7.227741869578E-1));
#10025=DIRECTION('',(0.E0,-7.227741869578E-1,6.910842746493E-1));
#10026=AXIS2_PLACEMENT_3D('',#10023,#10024,#10025);
#10027=PLANE('',#10026);
#10028=ORIENTED_EDGE('',*,*,#8383,.F.);
#10029=ORIENTED_EDGE('',*,*,#9954,.F.);
#10031=ORIENTED_EDGE('',*,*,#10030,.T.);
#10032=ORIENTED_EDGE('',*,*,#9996,.T.);
#10033=EDGE_LOOP('',(#10028,#10029,#10031,#10032));
#10034=FACE_OUTER_BOUND('',#10033,.F.);
#10036=CARTESIAN_POINT('',(1.65E0,-3.75E-1,-2.64E0));
#10037=DIRECTION('',(1.E0,0.E0,0.E0));
#10038=DIRECTION('',(0.E0,-1.E0,0.E0));
#10039=AXIS2_PLACEMENT_3D('',#10036,#10037,#10038);
#10040=CYLINDRICAL_SURFACE('',#10039,2.75E-1);
#10041=ORIENTED_EDGE('',*,*,#9952,.F.);
#10043=ORIENTED_EDGE('',*,*,#10042,.T.);
#10044=ORIENTED_EDGE('',*,*,#9998,.T.);
#10045=ORIENTED_EDGE('',*,*,#10030,.F.);
#10046=EDGE_LOOP('',(#10041,#10043,#10044,#10045));
#10047=FACE_OUTER_BOUND('',#10046,.F.);
#10049=CARTESIAN_POINT('',(1.65E0,-1.172929522987E-1,-2.977952774164E0));
#10050=DIRECTION('',(1.E0,0.E0,0.E0));
#10051=DIRECTION('',(0.E0,-1.E0,0.E0));
#10052=AXIS2_PLACEMENT_3D('',#10049,#10050,#10051);
#10053=CYLINDRICAL_SURFACE('',#10052,1.5E-1);
#10054=ORIENTED_EDGE('',*,*,#9950,.F.);
#10055=ORIENTED_EDGE('',*,*,#9984,.T.);
#10056=ORIENTED_EDGE('',*,*,#10000,.T.);
#10057=ORIENTED_EDGE('',*,*,#10042,.F.);
#10058=EDGE_LOOP('',(#10054,#10055,#10056,#10057));
#10059=FACE_OUTER_BOUND('',#10058,.F.);
#10061=CARTESIAN_POINT('',(1.65E0,2.661976016257E-1,-2.959689701677E0));
#10062=DIRECTION('',(0.E0,-9.925461516413E-1,-1.218693434051E-1));
#10063=DIRECTION('',(0.E0,1.218693434051E-1,-9.925461516413E-1));
#10064=AXIS2_PLACEMENT_3D('',#10061,#10062,#10063);
#10065=PLANE('',#10064);
#10066=ORIENTED_EDGE('',*,*,#8175,.F.);
#10067=ORIENTED_EDGE('',*,*,#9971,.F.);
#10069=ORIENTED_EDGE('',*,*,#10068,.T.);
#10070=ORIENTED_EDGE('',*,*,#10012,.T.);
#10071=EDGE_LOOP('',(#10066,#10067,#10069,#10070));
#10072=FACE_OUTER_BOUND('',#10071,.F.);
#10074=CARTESIAN_POINT('',(1.65E0,1.173156788795E-1,-2.977970103188E0));
#10075=DIRECTION('',(1.E0,0.E0,0.E0));
#10076=DIRECTION('',(0.E0,-1.E0,0.E0));
#10077=AXIS2_PLACEMENT_3D('',#10074,#10075,#10076);
#10078=CYLINDRICAL_SURFACE('',#10077,1.5E-1);
#10079=ORIENTED_EDGE('',*,*,#9969,.F.);
#10081=ORIENTED_EDGE('',*,*,#10080,.T.);
#10082=ORIENTED_EDGE('',*,*,#10014,.T.);
#10083=ORIENTED_EDGE('',*,*,#10068,.F.);
#10084=EDGE_LOOP('',(#10079,#10081,#10082,#10083));
#10085=FACE_OUTER_BOUND('',#10084,.F.);
#10087=CARTESIAN_POINT('',(1.65E0,3.75E-1,-2.64E0));
#10088=DIRECTION('',(1.E0,0.E0,0.E0));
#10089=DIRECTION('',(0.E0,-1.E0,0.E0));
#10090=AXIS2_PLACEMENT_3D('',#10087,#10088,#10089);
#10091=CYLINDRICAL_SURFACE('',#10090,2.75E-1);
#10092=ORIENTED_EDGE('',*,*,#9967,.F.);
#10094=ORIENTED_EDGE('',*,*,#10093,.T.);
#10095=ORIENTED_EDGE('',*,*,#10016,.T.);
#10096=ORIENTED_EDGE('',*,*,#10080,.F.);
#10097=EDGE_LOOP('',(#10092,#10094,#10095,#10096));
#10098=FACE_OUTER_BOUND('',#10097,.F.);
#10100=CARTESIAN_POINT('',(1.65E0,4.E-1,-2.242422786931E0));
#10101=DIRECTION('',(0.E0,-6.787494784965E-1,7.343698968780E-1));
#10102=DIRECTION('',(0.E0,-7.343698968780E-1,-6.787494784965E-1));
#10103=AXIS2_PLACEMENT_3D('',#10100,#10101,#10102);
#10104=PLANE('',#10103);
#10105=ORIENTED_EDGE('',*,*,#8179,.T.);
#10106=ORIENTED_EDGE('',*,*,#10018,.T.);
#10107=ORIENTED_EDGE('',*,*,#10093,.F.);
#10108=ORIENTED_EDGE('',*,*,#9965,.F.);
#10109=EDGE_LOOP('',(#10105,#10106,#10107,#10108));
#10110=FACE_OUTER_BOUND('',#10109,.F.);
#10112=CARTESIAN_POINT('',(2.15E0,0.E0,0.E0));
#10113=DIRECTION('',(1.E0,0.E0,0.E0));
#10114=DIRECTION('',(0.E0,-1.E0,0.E0));
#10115=AXIS2_PLACEMENT_3D('',#10112,#10113,#10114);
#10116=PLANE('',#10115);
#10117=ORIENTED_EDGE('',*,*,#8391,.T.);
#10119=ORIENTED_EDGE('',*,*,#10118,.T.);
#10121=ORIENTED_EDGE('',*,*,#10120,.T.);
#10123=ORIENTED_EDGE('',*,*,#10122,.T.);
#10125=ORIENTED_EDGE('',*,*,#10124,.T.);
#10126=EDGE_LOOP('',(#10117,#10119,#10121,#10123,#10125));
#10127=FACE_OUTER_BOUND('',#10126,.F.);
#10129=CARTESIAN_POINT('',(2.15E0,0.E0,0.E0));
#10130=DIRECTION('',(1.E0,0.E0,0.E0));
#10131=DIRECTION('',(0.E0,-1.E0,0.E0));
#10132=AXIS2_PLACEMENT_3D('',#10129,#10130,#10131);
#10133=PLANE('',#10132);
#10134=ORIENTED_EDGE('',*,*,#8183,.F.);
#10136=ORIENTED_EDGE('',*,*,#10135,.T.);
#10138=ORIENTED_EDGE('',*,*,#10137,.T.);
#10140=ORIENTED_EDGE('',*,*,#10139,.T.);
#10142=ORIENTED_EDGE('',*,*,#10141,.T.);
#10143=EDGE_LOOP('',(#10134,#10136,#10138,#10140,#10142));
#10144=FACE_OUTER_BOUND('',#10143,.F.);
#10146=CARTESIAN_POINT('',(2.15E0,-4.E-1,-4.049617674039E0));
#10147=DIRECTION('',(0.E0,9.925461516413E-1,-1.218693434051E-1));
#10148=DIRECTION('',(0.E0,1.218693434051E-1,9.925461516413E-1));
#10149=AXIS2_PLACEMENT_3D('',#10146,#10147,#10148);
#10150=PLANE('',#10149);
#10151=ORIENTED_EDGE('',*,*,#8397,.T.);
#10153=ORIENTED_EDGE('',*,*,#10152,.T.);
#10155=ORIENTED_EDGE('',*,*,#10154,.F.);
#10156=ORIENTED_EDGE('',*,*,#10118,.F.);
#10157=EDGE_LOOP('',(#10151,#10153,#10155,#10156));
#10158=FACE_OUTER_BOUND('',#10157,.F.);
#10160=CARTESIAN_POINT('',(2.35E0,0.E0,0.E0));
#10161=DIRECTION('',(1.E0,0.E0,0.E0));
#10162=DIRECTION('',(0.E0,-1.E0,0.E0));
#10163=AXIS2_PLACEMENT_3D('',#10160,#10161,#10162);
#10164=PLANE('',#10163);
#10165=ORIENTED_EDGE('',*,*,#8395,.F.);
#10167=ORIENTED_EDGE('',*,*,#10166,.F.);
#10169=ORIENTED_EDGE('',*,*,#10168,.F.);
#10171=ORIENTED_EDGE('',*,*,#10170,.F.);
#10172=ORIENTED_EDGE('',*,*,#10152,.F.);
#10173=EDGE_LOOP('',(#10165,#10167,#10169,#10171,#10172));
#10174=FACE_OUTER_BOUND('',#10173,.F.);
#10176=CARTESIAN_POINT('',(2.35E0,0.E0,0.E0));
#10177=DIRECTION('',(1.E0,0.E0,0.E0));
#10178=DIRECTION('',(0.E0,-1.E0,0.E0));
#10179=AXIS2_PLACEMENT_3D('',#10176,#10177,#10178);
#10180=PLANE('',#10179);
#10181=ORIENTED_EDGE('',*,*,#8187,.T.);
#10183=ORIENTED_EDGE('',*,*,#10182,.F.);
#10185=ORIENTED_EDGE('',*,*,#10184,.F.);
#10187=ORIENTED_EDGE('',*,*,#10186,.F.);
#10189=ORIENTED_EDGE('',*,*,#10188,.F.);
#10190=EDGE_LOOP('',(#10181,#10183,#10185,#10187,#10189));
#10191=FACE_OUTER_BOUND('',#10190,.F.);
#10193=CARTESIAN_POINT('',(2.15E0,-1.849518244714E-1,-2.441237098587E0));
#10194=DIRECTION('',(0.E0,6.910842746493E-1,7.227741869578E-1));
#10195=DIRECTION('',(0.E0,-7.227741869578E-1,6.910842746493E-1));
#10196=AXIS2_PLACEMENT_3D('',#10193,#10194,#10195);
#10197=PLANE('',#10196);
#10198=ORIENTED_EDGE('',*,*,#8393,.F.);
#10199=ORIENTED_EDGE('',*,*,#10124,.F.);
#10201=ORIENTED_EDGE('',*,*,#10200,.T.);
#10202=ORIENTED_EDGE('',*,*,#10166,.T.);
#10203=EDGE_LOOP('',(#10198,#10199,#10201,#10202));
#10204=FACE_OUTER_BOUND('',#10203,.F.);
#10206=CARTESIAN_POINT('',(2.15E0,-3.75E-1,-2.64E0));
#10207=DIRECTION('',(1.E0,0.E0,0.E0));
#10208=DIRECTION('',(0.E0,-1.E0,0.E0));
#10209=AXIS2_PLACEMENT_3D('',#10206,#10207,#10208);
#10210=CYLINDRICAL_SURFACE('',#10209,2.75E-1);
#10211=ORIENTED_EDGE('',*,*,#10122,.F.);
#10213=ORIENTED_EDGE('',*,*,#10212,.T.);
#10214=ORIENTED_EDGE('',*,*,#10168,.T.);
#10215=ORIENTED_EDGE('',*,*,#10200,.F.);
#10216=EDGE_LOOP('',(#10211,#10213,#10214,#10215));
#10217=FACE_OUTER_BOUND('',#10216,.F.);
#10219=CARTESIAN_POINT('',(2.15E0,-1.172929522987E-1,-2.977952774164E0));
#10220=DIRECTION('',(1.E0,0.E0,0.E0));
#10221=DIRECTION('',(0.E0,-1.E0,0.E0));
#10222=AXIS2_PLACEMENT_3D('',#10219,#10220,#10221);
#10223=CYLINDRICAL_SURFACE('',#10222,1.5E-1);
#10224=ORIENTED_EDGE('',*,*,#10120,.F.);
#10225=ORIENTED_EDGE('',*,*,#10154,.T.);
#10226=ORIENTED_EDGE('',*,*,#10170,.T.);
#10227=ORIENTED_EDGE('',*,*,#10212,.F.);
#10228=EDGE_LOOP('',(#10224,#10225,#10226,#10227));
#10229=FACE_OUTER_BOUND('',#10228,.F.);
#10231=CARTESIAN_POINT('',(2.15E0,2.661976016257E-1,-2.959689701677E0));
#10232=DIRECTION('',(0.E0,-9.925461516413E-1,-1.218693434051E-1));
#10233=DIRECTION('',(0.E0,1.218693434051E-1,-9.925461516413E-1));
#10234=AXIS2_PLACEMENT_3D('',#10231,#10232,#10233);
#10235=PLANE('',#10234);
#10236=ORIENTED_EDGE('',*,*,#8185,.F.);
#10237=ORIENTED_EDGE('',*,*,#10141,.F.);
#10239=ORIENTED_EDGE('',*,*,#10238,.T.);
#10240=ORIENTED_EDGE('',*,*,#10182,.T.);
#10241=EDGE_LOOP('',(#10236,#10237,#10239,#10240));
#10242=FACE_OUTER_BOUND('',#10241,.F.);
#10244=CARTESIAN_POINT('',(2.15E0,1.173156788795E-1,-2.977970103188E0));
#10245=DIRECTION('',(1.E0,0.E0,0.E0));
#10246=DIRECTION('',(0.E0,-1.E0,0.E0));
#10247=AXIS2_PLACEMENT_3D('',#10244,#10245,#10246);
#10248=CYLINDRICAL_SURFACE('',#10247,1.5E-1);
#10249=ORIENTED_EDGE('',*,*,#10139,.F.);
#10251=ORIENTED_EDGE('',*,*,#10250,.T.);
#10252=ORIENTED_EDGE('',*,*,#10184,.T.);
#10253=ORIENTED_EDGE('',*,*,#10238,.F.);
#10254=EDGE_LOOP('',(#10249,#10251,#10252,#10253));
#10255=FACE_OUTER_BOUND('',#10254,.F.);
#10257=CARTESIAN_POINT('',(2.15E0,3.75E-1,-2.64E0));
#10258=DIRECTION('',(1.E0,0.E0,0.E0));
#10259=DIRECTION('',(0.E0,-1.E0,0.E0));
#10260=AXIS2_PLACEMENT_3D('',#10257,#10258,#10259);
#10261=CYLINDRICAL_SURFACE('',#10260,2.75E-1);
#10262=ORIENTED_EDGE('',*,*,#10137,.F.);
#10264=ORIENTED_EDGE('',*,*,#10263,.T.);
#10265=ORIENTED_EDGE('',*,*,#10186,.T.);
#10266=ORIENTED_EDGE('',*,*,#10250,.F.);
#10267=EDGE_LOOP('',(#10262,#10264,#10265,#10266));
#10268=FACE_OUTER_BOUND('',#10267,.F.);
#10270=CARTESIAN_POINT('',(2.15E0,4.E-1,-2.242422786931E0));
#10271=DIRECTION('',(0.E0,-6.787494784965E-1,7.343698968780E-1));
#10272=DIRECTION('',(0.E0,-7.343698968780E-1,-6.787494784965E-1));
#10273=AXIS2_PLACEMENT_3D('',#10270,#10271,#10272);
#10274=PLANE('',#10273);
#10275=ORIENTED_EDGE('',*,*,#8189,.T.);
#10276=ORIENTED_EDGE('',*,*,#10188,.T.);
#10277=ORIENTED_EDGE('',*,*,#10263,.F.);
#10278=ORIENTED_EDGE('',*,*,#10135,.F.);
#10279=EDGE_LOOP('',(#10275,#10276,#10277,#10278));
#10280=FACE_OUTER_BOUND('',#10279,.F.);
#10282=CARTESIAN_POINT('',(2.65E0,0.E0,0.E0));
#10283=DIRECTION('',(1.E0,0.E0,0.E0));
#10284=DIRECTION('',(0.E0,-1.E0,0.E0));
#10285=AXIS2_PLACEMENT_3D('',#10282,#10283,#10284);
#10286=PLANE('',#10285);
#10287=ORIENTED_EDGE('',*,*,#8401,.T.);
#10289=ORIENTED_EDGE('',*,*,#10288,.T.);
#10291=ORIENTED_EDGE('',*,*,#10290,.T.);
#10293=ORIENTED_EDGE('',*,*,#10292,.T.);
#10295=ORIENTED_EDGE('',*,*,#10294,.T.);
#10296=EDGE_LOOP('',(#10287,#10289,#10291,#10293,#10295));
#10297=FACE_OUTER_BOUND('',#10296,.F.);
#10299=CARTESIAN_POINT('',(2.65E0,0.E0,0.E0));
#10300=DIRECTION('',(1.E0,0.E0,0.E0));
#10301=DIRECTION('',(0.E0,-1.E0,0.E0));
#10302=AXIS2_PLACEMENT_3D('',#10299,#10300,#10301);
#10303=PLANE('',#10302);
#10304=ORIENTED_EDGE('',*,*,#8193,.F.);
#10306=ORIENTED_EDGE('',*,*,#10305,.T.);
#10308=ORIENTED_EDGE('',*,*,#10307,.T.);
#10310=ORIENTED_EDGE('',*,*,#10309,.T.);
#10312=ORIENTED_EDGE('',*,*,#10311,.T.);
#10313=EDGE_LOOP('',(#10304,#10306,#10308,#10310,#10312));
#10314=FACE_OUTER_BOUND('',#10313,.F.);
#10316=CARTESIAN_POINT('',(2.65E0,-4.E-1,-4.049617674039E0));
#10317=DIRECTION('',(0.E0,9.925461516413E-1,-1.218693434051E-1));
#10318=DIRECTION('',(0.E0,1.218693434051E-1,9.925461516413E-1));
#10319=AXIS2_PLACEMENT_3D('',#10316,#10317,#10318);
#10320=PLANE('',#10319);
#10321=ORIENTED_EDGE('',*,*,#8407,.T.);
#10323=ORIENTED_EDGE('',*,*,#10322,.T.);
#10325=ORIENTED_EDGE('',*,*,#10324,.F.);
#10326=ORIENTED_EDGE('',*,*,#10288,.F.);
#10327=EDGE_LOOP('',(#10321,#10323,#10325,#10326));
#10328=FACE_OUTER_BOUND('',#10327,.F.);
#10330=CARTESIAN_POINT('',(2.85E0,0.E0,0.E0));
#10331=DIRECTION('',(1.E0,0.E0,0.E0));
#10332=DIRECTION('',(0.E0,-1.E0,0.E0));
#10333=AXIS2_PLACEMENT_3D('',#10330,#10331,#10332);
#10334=PLANE('',#10333);
#10335=ORIENTED_EDGE('',*,*,#8405,.F.);
#10337=ORIENTED_EDGE('',*,*,#10336,.F.);
#10339=ORIENTED_EDGE('',*,*,#10338,.F.);
#10341=ORIENTED_EDGE('',*,*,#10340,.F.);
#10342=ORIENTED_EDGE('',*,*,#10322,.F.);
#10343=EDGE_LOOP('',(#10335,#10337,#10339,#10341,#10342));
#10344=FACE_OUTER_BOUND('',#10343,.F.);
#10346=CARTESIAN_POINT('',(2.85E0,0.E0,0.E0));
#10347=DIRECTION('',(1.E0,0.E0,0.E0));
#10348=DIRECTION('',(0.E0,-1.E0,0.E0));
#10349=AXIS2_PLACEMENT_3D('',#10346,#10347,#10348);
#10350=PLANE('',#10349);
#10351=ORIENTED_EDGE('',*,*,#8197,.T.);
#10353=ORIENTED_EDGE('',*,*,#10352,.F.);
#10355=ORIENTED_EDGE('',*,*,#10354,.F.);
#10357=ORIENTED_EDGE('',*,*,#10356,.F.);
#10359=ORIENTED_EDGE('',*,*,#10358,.F.);
#10360=EDGE_LOOP('',(#10351,#10353,#10355,#10357,#10359));
#10361=FACE_OUTER_BOUND('',#10360,.F.);
#10363=CARTESIAN_POINT('',(2.65E0,-1.849518244714E-1,-2.441237098587E0));
#10364=DIRECTION('',(0.E0,6.910842746493E-1,7.227741869578E-1));
#10365=DIRECTION('',(0.E0,-7.227741869578E-1,6.910842746493E-1));
#10366=AXIS2_PLACEMENT_3D('',#10363,#10364,#10365);
#10367=PLANE('',#10366);
#10368=ORIENTED_EDGE('',*,*,#8403,.F.);
#10369=ORIENTED_EDGE('',*,*,#10294,.F.);
#10371=ORIENTED_EDGE('',*,*,#10370,.T.);
#10372=ORIENTED_EDGE('',*,*,#10336,.T.);
#10373=EDGE_LOOP('',(#10368,#10369,#10371,#10372));
#10374=FACE_OUTER_BOUND('',#10373,.F.);
#10376=CARTESIAN_POINT('',(2.65E0,-3.75E-1,-2.64E0));
#10377=DIRECTION('',(1.E0,0.E0,0.E0));
#10378=DIRECTION('',(0.E0,-1.E0,0.E0));
#10379=AXIS2_PLACEMENT_3D('',#10376,#10377,#10378);
#10380=CYLINDRICAL_SURFACE('',#10379,2.75E-1);
#10381=ORIENTED_EDGE('',*,*,#10292,.F.);
#10383=ORIENTED_EDGE('',*,*,#10382,.T.);
#10384=ORIENTED_EDGE('',*,*,#10338,.T.);
#10385=ORIENTED_EDGE('',*,*,#10370,.F.);
#10386=EDGE_LOOP('',(#10381,#10383,#10384,#10385));
#10387=FACE_OUTER_BOUND('',#10386,.F.);
#10389=CARTESIAN_POINT('',(2.65E0,-1.172929522987E-1,-2.977952774164E0));
#10390=DIRECTION('',(1.E0,0.E0,0.E0));
#10391=DIRECTION('',(0.E0,-1.E0,0.E0));
#10392=AXIS2_PLACEMENT_3D('',#10389,#10390,#10391);
#10393=CYLINDRICAL_SURFACE('',#10392,1.5E-1);
#10394=ORIENTED_EDGE('',*,*,#10290,.F.);
#10395=ORIENTED_EDGE('',*,*,#10324,.T.);
#10396=ORIENTED_EDGE('',*,*,#10340,.T.);
#10397=ORIENTED_EDGE('',*,*,#10382,.F.);
#10398=EDGE_LOOP('',(#10394,#10395,#10396,#10397));
#10399=FACE_OUTER_BOUND('',#10398,.F.);
#10401=CARTESIAN_POINT('',(2.65E0,2.661976016257E-1,-2.959689701677E0));
#10402=DIRECTION('',(0.E0,-9.925461516413E-1,-1.218693434051E-1));
#10403=DIRECTION('',(0.E0,1.218693434051E-1,-9.925461516413E-1));
#10404=AXIS2_PLACEMENT_3D('',#10401,#10402,#10403);
#10405=PLANE('',#10404);
#10406=ORIENTED_EDGE('',*,*,#8195,.F.);
#10407=ORIENTED_EDGE('',*,*,#10311,.F.);
#10409=ORIENTED_EDGE('',*,*,#10408,.T.);
#10410=ORIENTED_EDGE('',*,*,#10352,.T.);
#10411=EDGE_LOOP('',(#10406,#10407,#10409,#10410));
#10412=FACE_OUTER_BOUND('',#10411,.F.);
#10414=CARTESIAN_POINT('',(2.65E0,1.173156788795E-1,-2.977970103188E0));
#10415=DIRECTION('',(1.E0,0.E0,0.E0));
#10416=DIRECTION('',(0.E0,-1.E0,0.E0));
#10417=AXIS2_PLACEMENT_3D('',#10414,#10415,#10416);
#10418=CYLINDRICAL_SURFACE('',#10417,1.5E-1);
#10419=ORIENTED_EDGE('',*,*,#10309,.F.);
#10421=ORIENTED_EDGE('',*,*,#10420,.T.);
#10422=ORIENTED_EDGE('',*,*,#10354,.T.);
#10423=ORIENTED_EDGE('',*,*,#10408,.F.);
#10424=EDGE_LOOP('',(#10419,#10421,#10422,#10423));
#10425=FACE_OUTER_BOUND('',#10424,.F.);
#10427=CARTESIAN_POINT('',(2.65E0,3.75E-1,-2.64E0));
#10428=DIRECTION('',(1.E0,0.E0,0.E0));
#10429=DIRECTION('',(0.E0,-1.E0,0.E0));
#10430=AXIS2_PLACEMENT_3D('',#10427,#10428,#10429);
#10431=CYLINDRICAL_SURFACE('',#10430,2.75E-1);
#10432=ORIENTED_EDGE('',*,*,#10307,.F.);
#10434=ORIENTED_EDGE('',*,*,#10433,.T.);
#10435=ORIENTED_EDGE('',*,*,#10356,.T.);
#10436=ORIENTED_EDGE('',*,*,#10420,.F.);
#10437=EDGE_LOOP('',(#10432,#10434,#10435,#10436));
#10438=FACE_OUTER_BOUND('',#10437,.F.);
#10440=CARTESIAN_POINT('',(2.65E0,4.E-1,-2.242422786931E0));
#10441=DIRECTION('',(0.E0,-6.787494784965E-1,7.343698968780E-1));
#10442=DIRECTION('',(0.E0,-7.343698968780E-1,-6.787494784965E-1));
#10443=AXIS2_PLACEMENT_3D('',#10440,#10441,#10442);
#10444=PLANE('',#10443);
#10445=ORIENTED_EDGE('',*,*,#8199,.T.);
#10446=ORIENTED_EDGE('',*,*,#10358,.T.);
#10447=ORIENTED_EDGE('',*,*,#10433,.F.);
#10448=ORIENTED_EDGE('',*,*,#10305,.F.);
#10449=EDGE_LOOP('',(#10445,#10446,#10447,#10448));
#10450=FACE_OUTER_BOUND('',#10449,.F.);
#10452=CARTESIAN_POINT('',(3.08E0,-3.000014285743E-1,-1.5E-1));
#10453=DIRECTION('',(0.E0,0.E0,1.E0));
#10454=DIRECTION('',(1.E0,0.E0,0.E0));
#10455=AXIS2_PLACEMENT_3D('',#10452,#10453,#10454);
#10456=CYLINDRICAL_SURFACE('',#10455,3.5E-1);
#10457=ORIENTED_EDGE('',*,*,#8243,.T.);
#10458=ORIENTED_EDGE('',*,*,#8272,.F.);
#10459=ORIENTED_EDGE('',*,*,#7973,.T.);
#10460=ORIENTED_EDGE('',*,*,#7656,.T.);
#10462=ORIENTED_EDGE('',*,*,#10461,.T.);
#10463=EDGE_LOOP('',(#10457,#10458,#10459,#10460,#10462));
#10464=FACE_OUTER_BOUND('',#10463,.F.);
#10466=CARTESIAN_POINT('',(-3.08E0,-6.5E-1,-1.5E-1));
#10467=DIRECTION('',(0.E0,-1.E0,0.E0));
#10468=DIRECTION('',(1.E0,0.E0,0.E0));
#10469=AXIS2_PLACEMENT_3D('',#10466,#10467,#10468);
#10470=PLANE('',#10469);
#10471=ORIENTED_EDGE('',*,*,#8245,.T.);
#10472=ORIENTED_EDGE('',*,*,#10461,.F.);
#10473=ORIENTED_EDGE('',*,*,#7671,.T.);
#10474=ORIENTED_EDGE('',*,*,#7702,.T.);
#10475=EDGE_LOOP('',(#10471,#10472,#10473,#10474));
#10476=FACE_OUTER_BOUND('',#10475,.F.);
#10478=ORIENTED_EDGE('',*,*,#10477,.T.);
#10480=ORIENTED_EDGE('',*,*,#10479,.T.);
#10482=ORIENTED_EDGE('',*,*,#10481,.F.);
#10484=ORIENTED_EDGE('',*,*,#10483,.F.);
#10485=EDGE_LOOP('',(#10478,#10480,#10482,#10484));
#10486=FACE_BOUND('',#10485,.F.);
#10488=ORIENTED_EDGE('',*,*,#10487,.F.);
#10490=ORIENTED_EDGE('',*,*,#10489,.F.);
#10492=ORIENTED_EDGE('',*,*,#10491,.T.);
#10494=ORIENTED_EDGE('',*,*,#10493,.T.);
#10495=EDGE_LOOP('',(#10488,#10490,#10492,#10494));
#10496=FACE_BOUND('',#10495,.F.);
#10498=ORIENTED_EDGE('',*,*,#10497,.T.);
#10500=ORIENTED_EDGE('',*,*,#10499,.T.);
#10502=ORIENTED_EDGE('',*,*,#10501,.F.);
#10504=ORIENTED_EDGE('',*,*,#10503,.F.);
#10505=EDGE_LOOP('',(#10498,#10500,#10502,#10504));
#10506=FACE_BOUND('',#10505,.F.);
#10508=CARTESIAN_POINT('',(-2.65E0,-6.5E-1,-8.804040840745E-1));
#10509=DIRECTION('',(0.E0,-7.141428917333E-1,-6.999999501334E-1));
#10510=DIRECTION('',(0.E0,6.999999501334E-1,-7.141428917333E-1));
#10511=AXIS2_PLACEMENT_3D('',#10508,#10509,#10510);
#10512=PLANE('',#10511);
#10514=ORIENTED_EDGE('',*,*,#10513,.F.);
#10515=ORIENTED_EDGE('',*,*,#10481,.T.);
#10517=ORIENTED_EDGE('',*,*,#10516,.T.);
#10519=ORIENTED_EDGE('',*,*,#10518,.F.);
#10520=EDGE_LOOP('',(#10514,#10515,#10517,#10519));
#10521=FACE_OUTER_BOUND('',#10520,.F.);
#10523=CARTESIAN_POINT('',(-2.65E0,-6.5E-1,-8.804040840745E-1));
#10524=DIRECTION('',(0.E0,-7.141428917333E-1,-6.999999501334E-1));
#10525=DIRECTION('',(0.E0,6.999999501334E-1,-7.141428917333E-1));
#10526=AXIS2_PLACEMENT_3D('',#10523,#10524,#10525);
#10527=PLANE('',#10526);
#10529=ORIENTED_EDGE('',*,*,#10528,.T.);
#10531=ORIENTED_EDGE('',*,*,#10530,.F.);
#10533=ORIENTED_EDGE('',*,*,#10532,.F.);
#10534=ORIENTED_EDGE('',*,*,#10501,.T.);
#10535=EDGE_LOOP('',(#10529,#10531,#10533,#10534));
#10536=FACE_OUTER_BOUND('',#10535,.F.);
#10538=CARTESIAN_POINT('',(-2.65E0,-6.5E-1,-8.804040840745E-1));
#10539=DIRECTION('',(0.E0,-7.141428917333E-1,-6.999999501334E-1));
#10540=DIRECTION('',(0.E0,6.999999501334E-1,-7.141428917333E-1));
#10541=AXIS2_PLACEMENT_3D('',#10538,#10539,#10540);
#10542=PLANE('',#10541);
#10544=ORIENTED_EDGE('',*,*,#10543,.F.);
#10545=ORIENTED_EDGE('',*,*,#10487,.T.);
#10547=ORIENTED_EDGE('',*,*,#10546,.T.);
#10549=ORIENTED_EDGE('',*,*,#10548,.F.);
#10550=EDGE_LOOP('',(#10544,#10545,#10547,#10549));
#10551=FACE_OUTER_BOUND('',#10550,.F.);
#10553=CARTESIAN_POINT('',(-2.65E-1,-6.5E-1,-1.5E-1));
#10554=DIRECTION('',(1.E0,0.E0,0.E0));
#10555=DIRECTION('',(0.E0,1.E0,0.E0));
#10556=AXIS2_PLACEMENT_3D('',#10553,#10554,#10555);
#10557=PLANE('',#10556);
#10559=ORIENTED_EDGE('',*,*,#10558,.F.);
#10561=ORIENTED_EDGE('',*,*,#10560,.T.);
#10562=ORIENTED_EDGE('',*,*,#10483,.T.);
#10563=ORIENTED_EDGE('',*,*,#10513,.T.);
#10564=EDGE_LOOP('',(#10559,#10561,#10562,#10563));
#10565=FACE_OUTER_BOUND('',#10564,.F.);
#10567=CARTESIAN_POINT('',(-2.65E0,-6.7E-1,-8.6E-1));
#10568=DIRECTION('',(1.E0,0.E0,0.E0));
#10569=DIRECTION('',(0.E0,0.E0,-1.E0));
#10570=AXIS2_PLACEMENT_3D('',#10567,#10568,#10569);
#10571=CYLINDRICAL_SURFACE('',#10570,2.E-1);
#10572=ORIENTED_EDGE('',*,*,#10558,.T.);
#10573=ORIENTED_EDGE('',*,*,#10518,.T.);
#10575=ORIENTED_EDGE('',*,*,#10574,.T.);
#10577=ORIENTED_EDGE('',*,*,#10576,.F.);
#10578=EDGE_LOOP('',(#10572,#10573,#10575,#10577));
#10579=FACE_OUTER_BOUND('',#10578,.F.);
#10581=CARTESIAN_POINT('',(-2.65E0,-6.7E-1,-8.6E-1));
#10582=DIRECTION('',(1.E0,0.E0,0.E0));
#10583=DIRECTION('',(0.E0,0.E0,-1.E0));
#10584=AXIS2_PLACEMENT_3D('',#10581,#10582,#10583);
#10585=CYLINDRICAL_SURFACE('',#10584,2.E-1);
#10587=ORIENTED_EDGE('',*,*,#10586,.T.);
#10589=ORIENTED_EDGE('',*,*,#10588,.F.);
#10591=ORIENTED_EDGE('',*,*,#10590,.T.);
#10592=ORIENTED_EDGE('',*,*,#10530,.T.);
#10593=EDGE_LOOP('',(#10587,#10589,#10591,#10592));
#10594=FACE_OUTER_BOUND('',#10593,.F.);
#10596=CARTESIAN_POINT('',(-2.65E0,-6.7E-1,-8.6E-1));
#10597=DIRECTION('',(1.E0,0.E0,0.E0));
#10598=DIRECTION('',(0.E0,0.E0,-1.E0));
#10599=AXIS2_PLACEMENT_3D('',#10596,#10597,#10598);
#10600=CYLINDRICAL_SURFACE('',#10599,2.E-1);
#10602=ORIENTED_EDGE('',*,*,#10601,.T.);
#10603=ORIENTED_EDGE('',*,*,#10548,.T.);
#10605=ORIENTED_EDGE('',*,*,#10604,.T.);
#10607=ORIENTED_EDGE('',*,*,#10606,.F.);
#10608=EDGE_LOOP('',(#10602,#10603,#10605,#10607));
#10609=FACE_OUTER_BOUND('',#10608,.F.);
#10611=CARTESIAN_POINT('',(2.65E-1,-4.7E-1,-1.5E-1));
#10612=DIRECTION('',(-1.E0,0.E0,0.E0));
#10613=DIRECTION('',(0.E0,-1.E0,0.E0));
#10614=AXIS2_PLACEMENT_3D('',#10611,#10612,#10613);
#10615=PLANE('',#10614);
#10616=ORIENTED_EDGE('',*,*,#10574,.F.);
#10617=ORIENTED_EDGE('',*,*,#10516,.F.);
#10618=ORIENTED_EDGE('',*,*,#10479,.F.);
#10620=ORIENTED_EDGE('',*,*,#10619,.F.);
#10621=EDGE_LOOP('',(#10616,#10617,#10618,#10620));
#10622=FACE_OUTER_BOUND('',#10621,.F.);
#10624=CARTESIAN_POINT('',(-2.65E0,-5.817113577471E-1,-6.805421619178E-1));
#10625=DIRECTION('',(0.E0,4.414432112647E-1,8.972891904109E-1));
#10626=DIRECTION('',(0.E0,-8.972891904109E-1,4.414432112647E-1));
#10627=AXIS2_PLACEMENT_3D('',#10624,#10625,#10626);
#10628=PLANE('',#10627);
#10629=ORIENTED_EDGE('',*,*,#10560,.F.);
#10630=ORIENTED_EDGE('',*,*,#10576,.T.);
#10631=ORIENTED_EDGE('',*,*,#10619,.T.);
#10632=ORIENTED_EDGE('',*,*,#10477,.F.);
#10633=EDGE_LOOP('',(#10629,#10630,#10631,#10632));
#10634=FACE_OUTER_BOUND('',#10633,.F.);
#10636=CARTESIAN_POINT('',(-2.65E0,-5.817113577471E-1,-6.805421619178E-1));
#10637=DIRECTION('',(0.E0,4.414432112647E-1,8.972891904109E-1));
#10638=DIRECTION('',(0.E0,-8.972891904109E-1,4.414432112647E-1));
#10639=AXIS2_PLACEMENT_3D('',#10636,#10637,#10638);
#10640=PLANE('',#10639);
#10642=ORIENTED_EDGE('',*,*,#10641,.T.);
#10643=ORIENTED_EDGE('',*,*,#10497,.F.);
#10645=ORIENTED_EDGE('',*,*,#10644,.F.);
#10646=ORIENTED_EDGE('',*,*,#10588,.T.);
#10647=EDGE_LOOP('',(#10642,#10643,#10645,#10646));
#10648=FACE_OUTER_BOUND('',#10647,.F.);
#10650=CARTESIAN_POINT('',(-2.65E0,-5.817113577471E-1,-6.805421619178E-1));
#10651=DIRECTION('',(0.E0,4.414432112647E-1,8.972891904109E-1));
#10652=DIRECTION('',(0.E0,-8.972891904109E-1,4.414432112647E-1));
#10653=AXIS2_PLACEMENT_3D('',#10650,#10651,#10652);
#10654=PLANE('',#10653);
#10656=ORIENTED_EDGE('',*,*,#10655,.F.);
#10657=ORIENTED_EDGE('',*,*,#10606,.T.);
#10659=ORIENTED_EDGE('',*,*,#10658,.T.);
#10660=ORIENTED_EDGE('',*,*,#10491,.F.);
#10661=EDGE_LOOP('',(#10656,#10657,#10659,#10660));
#10662=FACE_OUTER_BOUND('',#10661,.F.);
#10664=CARTESIAN_POINT('',(-1.75E0,-4.7E-1,-1.5E-1));
#10665=DIRECTION('',(-1.E0,0.E0,0.E0));
#10666=DIRECTION('',(0.E0,-1.E0,0.E0));
#10667=AXIS2_PLACEMENT_3D('',#10664,#10665,#10666);
#10668=PLANE('',#10667);
#10669=ORIENTED_EDGE('',*,*,#10586,.F.);
#10670=ORIENTED_EDGE('',*,*,#10528,.F.);
#10671=ORIENTED_EDGE('',*,*,#10499,.F.);
#10672=ORIENTED_EDGE('',*,*,#10641,.F.);
#10673=EDGE_LOOP('',(#10669,#10670,#10671,#10672));
#10674=FACE_OUTER_BOUND('',#10673,.F.);
#10676=CARTESIAN_POINT('',(-2.65E0,0.E0,0.E0));
#10677=DIRECTION('',(1.E0,0.E0,0.E0));
#10678=DIRECTION('',(0.E0,0.E0,-1.E0));
#10679=AXIS2_PLACEMENT_3D('',#10676,#10677,#10678);
#10680=PLANE('',#10679);
#10681=ORIENTED_EDGE('',*,*,#10503,.T.);
#10682=ORIENTED_EDGE('',*,*,#10532,.T.);
#10683=ORIENTED_EDGE('',*,*,#10590,.F.);
#10684=ORIENTED_EDGE('',*,*,#10644,.T.);
#10685=EDGE_LOOP('',(#10681,#10682,#10683,#10684));
#10686=FACE_OUTER_BOUND('',#10685,.F.);
#10688=CARTESIAN_POINT('',(-2.65E0,0.E0,0.E0));
#10689=DIRECTION('',(1.E0,0.E0,0.E0));
#10690=DIRECTION('',(0.E0,0.E0,-1.E0));
#10691=AXIS2_PLACEMENT_3D('',#10688,#10689,#10690);
#10692=PLANE('',#10691);
#10694=ORIENTED_EDGE('',*,*,#10693,.F.);
#10696=ORIENTED_EDGE('',*,*,#10695,.T.);
#10698=ORIENTED_EDGE('',*,*,#10697,.F.);
#10700=ORIENTED_EDGE('',*,*,#10699,.T.);
#10701=EDGE_LOOP('',(#10694,#10696,#10698,#10700));
#10702=FACE_OUTER_BOUND('',#10701,.F.);
#10704=CARTESIAN_POINT('',(3.079E0,6.5E-1,-1.5E-1));
#10705=DIRECTION('',(0.E0,1.E0,0.E0));
#10706=DIRECTION('',(-1.E0,0.E0,0.E0));
#10707=AXIS2_PLACEMENT_3D('',#10704,#10705,#10706);
#10708=PLANE('',#10707);
#10709=ORIENTED_EDGE('',*,*,#8258,.T.);
#10710=ORIENTED_EDGE('',*,*,#8231,.F.);
#10712=ORIENTED_EDGE('',*,*,#10711,.T.);
#10714=ORIENTED_EDGE('',*,*,#10713,.T.);
#10715=EDGE_LOOP('',(#10709,#10710,#10712,#10714));
#10716=FACE_OUTER_BOUND('',#10715,.F.);
#10718=ORIENTED_EDGE('',*,*,#10717,.T.);
#10720=ORIENTED_EDGE('',*,*,#10719,.F.);
#10722=ORIENTED_EDGE('',*,*,#10721,.F.);
#10724=ORIENTED_EDGE('',*,*,#10723,.T.);
#10725=EDGE_LOOP('',(#10718,#10720,#10722,#10724));
#10726=FACE_BOUND('',#10725,.F.);
#10728=ORIENTED_EDGE('',*,*,#10727,.F.);
#10730=ORIENTED_EDGE('',*,*,#10729,.T.);
#10732=ORIENTED_EDGE('',*,*,#10731,.T.);
#10734=ORIENTED_EDGE('',*,*,#10733,.F.);
#10735=EDGE_LOOP('',(#10728,#10730,#10732,#10734));
#10736=FACE_BOUND('',#10735,.F.);
#10738=ORIENTED_EDGE('',*,*,#10737,.T.);
#10740=ORIENTED_EDGE('',*,*,#10739,.F.);
#10742=ORIENTED_EDGE('',*,*,#10741,.F.);
#10743=ORIENTED_EDGE('',*,*,#10693,.T.);
#10744=EDGE_LOOP('',(#10738,#10740,#10742,#10743));
#10745=FACE_BOUND('',#10744,.F.);
#10747=CARTESIAN_POINT('',(-2.65E0,6.5E-1,-6.469459057150E-1));
#10748=DIRECTION('',(0.E0,-4.414432112647E-1,8.972891904109E-1));
#10749=DIRECTION('',(0.E0,-8.972891904109E-1,-4.414432112647E-1));
#10750=AXIS2_PLACEMENT_3D('',#10747,#10748,#10749);
#10751=PLANE('',#10750);
#10753=ORIENTED_EDGE('',*,*,#10752,.F.);
#10754=ORIENTED_EDGE('',*,*,#10695,.F.);
#10755=ORIENTED_EDGE('',*,*,#10741,.T.);
#10757=ORIENTED_EDGE('',*,*,#10756,.T.);
#10758=EDGE_LOOP('',(#10753,#10754,#10755,#10757));
#10759=FACE_OUTER_BOUND('',#10758,.F.);
#10761=CARTESIAN_POINT('',(-2.65E0,6.5E-1,-6.469459057150E-1));
#10762=DIRECTION('',(0.E0,-4.414432112647E-1,8.972891904109E-1));
#10763=DIRECTION('',(0.E0,-8.972891904109E-1,-4.414432112647E-1));
#10764=AXIS2_PLACEMENT_3D('',#10761,#10762,#10763);
#10765=PLANE('',#10764);
#10767=ORIENTED_EDGE('',*,*,#10766,.F.);
#10769=ORIENTED_EDGE('',*,*,#10768,.F.);
#10770=ORIENTED_EDGE('',*,*,#10721,.T.);
#10772=ORIENTED_EDGE('',*,*,#10771,.T.);
#10773=EDGE_LOOP('',(#10767,#10769,#10770,#10772));
#10774=FACE_OUTER_BOUND('',#10773,.F.);
#10776=CARTESIAN_POINT('',(-2.65E0,6.5E-1,-6.469459057150E-1));
#10777=DIRECTION('',(0.E0,-4.414432112647E-1,8.972891904109E-1));
#10778=DIRECTION('',(0.E0,-8.972891904109E-1,-4.414432112647E-1));
#10779=AXIS2_PLACEMENT_3D('',#10776,#10777,#10778);
#10780=PLANE('',#10779);
#10782=ORIENTED_EDGE('',*,*,#10781,.F.);
#10783=ORIENTED_EDGE('',*,*,#10727,.T.);
#10785=ORIENTED_EDGE('',*,*,#10784,.T.);
#10787=ORIENTED_EDGE('',*,*,#10786,.F.);
#10788=EDGE_LOOP('',(#10782,#10783,#10785,#10787));
#10789=FACE_OUTER_BOUND('',#10788,.F.);
#10791=CARTESIAN_POINT('',(-2.65E0,6.7E-1,-8.6E-1));
#10792=DIRECTION('',(1.E0,0.E0,0.E0));
#10793=DIRECTION('',(0.E0,0.E0,-1.E0));
#10794=AXIS2_PLACEMENT_3D('',#10791,#10792,#10793);
#10795=CYLINDRICAL_SURFACE('',#10794,2.E-1);
#10796=ORIENTED_EDGE('',*,*,#10752,.T.);
#10798=ORIENTED_EDGE('',*,*,#10797,.T.);
#10800=ORIENTED_EDGE('',*,*,#10799,.F.);
#10801=ORIENTED_EDGE('',*,*,#10697,.T.);
#10802=EDGE_LOOP('',(#10796,#10798,#10800,#10801));
#10803=FACE_OUTER_BOUND('',#10802,.F.);
#10805=CARTESIAN_POINT('',(-2.65E0,6.7E-1,-8.6E-1));
#10806=DIRECTION('',(1.E0,0.E0,0.E0));
#10807=DIRECTION('',(0.E0,0.E0,-1.E0));
#10808=AXIS2_PLACEMENT_3D('',#10805,#10806,#10807);
#10809=CYLINDRICAL_SURFACE('',#10808,2.E-1);
#10810=ORIENTED_EDGE('',*,*,#10766,.T.);
#10812=ORIENTED_EDGE('',*,*,#10811,.T.);
#10814=ORIENTED_EDGE('',*,*,#10813,.F.);
#10816=ORIENTED_EDGE('',*,*,#10815,.T.);
#10817=EDGE_LOOP('',(#10810,#10812,#10814,#10816));
#10818=FACE_OUTER_BOUND('',#10817,.F.);
#10820=CARTESIAN_POINT('',(-2.65E0,6.7E-1,-8.6E-1));
#10821=DIRECTION('',(1.E0,0.E0,0.E0));
#10822=DIRECTION('',(0.E0,0.E0,-1.E0));
#10823=AXIS2_PLACEMENT_3D('',#10820,#10821,#10822);
#10824=CYLINDRICAL_SURFACE('',#10823,2.E-1);
#10826=ORIENTED_EDGE('',*,*,#10825,.T.);
#10827=ORIENTED_EDGE('',*,*,#10786,.T.);
#10829=ORIENTED_EDGE('',*,*,#10828,.T.);
#10831=ORIENTED_EDGE('',*,*,#10830,.F.);
#10832=EDGE_LOOP('',(#10826,#10827,#10829,#10831));
#10833=FACE_OUTER_BOUND('',#10832,.F.);
#10835=CARTESIAN_POINT('',(-1.75E0,6.5E-1,-1.5E-1));
#10836=DIRECTION('',(-1.E0,0.E0,0.E0));
#10837=DIRECTION('',(0.E0,-1.E0,0.E0));
#10838=AXIS2_PLACEMENT_3D('',#10835,#10836,#10837);
#10839=PLANE('',#10838);
#10840=ORIENTED_EDGE('',*,*,#10797,.F.);
#10841=ORIENTED_EDGE('',*,*,#10756,.F.);
#10842=ORIENTED_EDGE('',*,*,#10739,.T.);
#10844=ORIENTED_EDGE('',*,*,#10843,.F.);
#10845=EDGE_LOOP('',(#10840,#10841,#10842,#10844));
#10846=FACE_OUTER_BOUND('',#10845,.F.);
#10848=CARTESIAN_POINT('',(-2.65E0,5.300000099733E-1,-1.002828578347E0));
#10849=DIRECTION('',(0.E0,7.141428917333E-1,-6.999999501334E-1));
#10850=DIRECTION('',(0.E0,6.999999501334E-1,7.141428917333E-1));
#10851=AXIS2_PLACEMENT_3D('',#10848,#10849,#10850);
#10852=PLANE('',#10851);
#10853=ORIENTED_EDGE('',*,*,#10799,.T.);
#10854=ORIENTED_EDGE('',*,*,#10843,.T.);
#10855=ORIENTED_EDGE('',*,*,#10737,.F.);
#10856=ORIENTED_EDGE('',*,*,#10699,.F.);
#10857=EDGE_LOOP('',(#10853,#10854,#10855,#10856));
#10858=FACE_OUTER_BOUND('',#10857,.F.);
#10860=CARTESIAN_POINT('',(-2.65E0,5.300000099733E-1,-1.002828578347E0));
#10861=DIRECTION('',(0.E0,7.141428917333E-1,-6.999999501334E-1));
#10862=DIRECTION('',(0.E0,6.999999501334E-1,7.141428917333E-1));
#10863=AXIS2_PLACEMENT_3D('',#10860,#10861,#10862);
#10864=PLANE('',#10863);
#10865=ORIENTED_EDGE('',*,*,#10813,.T.);
#10867=ORIENTED_EDGE('',*,*,#10866,.T.);
#10868=ORIENTED_EDGE('',*,*,#10717,.F.);
#10870=ORIENTED_EDGE('',*,*,#10869,.F.);
#10871=EDGE_LOOP('',(#10865,#10867,#10868,#10870));
#10872=FACE_OUTER_BOUND('',#10871,.F.);
#10874=CARTESIAN_POINT('',(-2.65E0,5.300000099733E-1,-1.002828578347E0));
#10875=DIRECTION('',(0.E0,7.141428917333E-1,-6.999999501334E-1));
#10876=DIRECTION('',(0.E0,6.999999501334E-1,7.141428917333E-1));
#10877=AXIS2_PLACEMENT_3D('',#10874,#10875,#10876);
#10878=PLANE('',#10877);
#10880=ORIENTED_EDGE('',*,*,#10879,.F.);
#10881=ORIENTED_EDGE('',*,*,#10830,.T.);
#10883=ORIENTED_EDGE('',*,*,#10882,.T.);
#10884=ORIENTED_EDGE('',*,*,#10731,.F.);
#10885=EDGE_LOOP('',(#10880,#10881,#10883,#10884));
#10886=FACE_OUTER_BOUND('',#10885,.F.);
#10888=CARTESIAN_POINT('',(2.65E-1,6.5E-1,-1.5E-1));
#10889=DIRECTION('',(-1.E0,0.E0,0.E0));
#10890=DIRECTION('',(0.E0,-1.E0,0.E0));
#10891=AXIS2_PLACEMENT_3D('',#10888,#10889,#10890);
#10892=PLANE('',#10891);
#10893=ORIENTED_EDGE('',*,*,#10811,.F.);
#10894=ORIENTED_EDGE('',*,*,#10771,.F.);
#10895=ORIENTED_EDGE('',*,*,#10719,.T.);
#10896=ORIENTED_EDGE('',*,*,#10866,.F.);
#10897=EDGE_LOOP('',(#10893,#10894,#10895,#10896));
#10898=FACE_OUTER_BOUND('',#10897,.F.);
#10900=CARTESIAN_POINT('',(-2.65E-1,4.7E-1,-1.5E-1));
#10901=DIRECTION('',(1.E0,0.E0,0.E0));
#10902=DIRECTION('',(0.E0,1.E0,0.E0));
#10903=AXIS2_PLACEMENT_3D('',#10900,#10901,#10902);
#10904=PLANE('',#10903);
#10905=ORIENTED_EDGE('',*,*,#10815,.F.);
#10906=ORIENTED_EDGE('',*,*,#10869,.T.);
#10907=ORIENTED_EDGE('',*,*,#10723,.F.);
#10908=ORIENTED_EDGE('',*,*,#10768,.T.);
#10909=EDGE_LOOP('',(#10905,#10906,#10907,#10908));
#10910=FACE_OUTER_BOUND('',#10909,.F.);
#10912=CARTESIAN_POINT('',(1.75E0,4.7E-1,-1.5E-1));
#10913=DIRECTION('',(1.E0,0.E0,0.E0));
#10914=DIRECTION('',(0.E0,1.E0,0.E0));
#10915=AXIS2_PLACEMENT_3D('',#10912,#10913,#10914);
#10916=PLANE('',#10915);
#10917=ORIENTED_EDGE('',*,*,#10825,.F.);
#10918=ORIENTED_EDGE('',*,*,#10879,.T.);
#10919=ORIENTED_EDGE('',*,*,#10729,.F.);
#10920=ORIENTED_EDGE('',*,*,#10781,.T.);
#10921=EDGE_LOOP('',(#10917,#10918,#10919,#10920));
#10922=FACE_OUTER_BOUND('',#10921,.F.);
#10924=CARTESIAN_POINT('',(2.65E0,0.E0,0.E0));
#10925=DIRECTION('',(1.E0,0.E0,0.E0));
#10926=DIRECTION('',(0.E0,0.E0,-1.E0));
#10927=AXIS2_PLACEMENT_3D('',#10924,#10925,#10926);
#10928=PLANE('',#10927);
#10929=ORIENTED_EDGE('',*,*,#10493,.F.);
#10930=ORIENTED_EDGE('',*,*,#10658,.F.);
#10931=ORIENTED_EDGE('',*,*,#10604,.F.);
#10932=ORIENTED_EDGE('',*,*,#10546,.F.);
#10933=EDGE_LOOP('',(#10929,#10930,#10931,#10932));
#10934=FACE_OUTER_BOUND('',#10933,.F.);
#10936=CARTESIAN_POINT('',(2.65E0,0.E0,0.E0));
#10937=DIRECTION('',(1.E0,0.E0,0.E0));
#10938=DIRECTION('',(0.E0,0.E0,-1.E0));
#10939=AXIS2_PLACEMENT_3D('',#10936,#10937,#10938);
#10940=PLANE('',#10939);
#10941=ORIENTED_EDGE('',*,*,#10733,.T.);
#10942=ORIENTED_EDGE('',*,*,#10882,.F.);
#10943=ORIENTED_EDGE('',*,*,#10828,.F.);
#10944=ORIENTED_EDGE('',*,*,#10784,.F.);
#10945=EDGE_LOOP('',(#10941,#10942,#10943,#10944));
#10946=FACE_OUTER_BOUND('',#10945,.F.);
#10948=CARTESIAN_POINT('',(-5.000000000004E-4,7.E-1,-2.E-1));
#10949=DIRECTION('',(0.E0,-7.071067811865E-1,7.071067811865E-1));
#10950=DIRECTION('',(0.E0,-7.071067811865E-1,-7.071067811865E-1));
#10951=AXIS2_PLACEMENT_3D('',#10948,#10949,#10950);
#10952=PLANE('',#10951);
#10953=ORIENTED_EDGE('',*,*,#7561,.T.);
#10955=ORIENTED_EDGE('',*,*,#10954,.T.);
#10956=ORIENTED_EDGE('',*,*,#10711,.F.);
#10958=ORIENTED_EDGE('',*,*,#10957,.F.);
#10959=EDGE_LOOP('',(#10953,#10955,#10956,#10958));
#10960=FACE_OUTER_BOUND('',#10959,.F.);
#10962=CARTESIAN_POINT('',(3.08E0,3.000014285743E-1,-1.999906345832E-1));
#10963=DIRECTION('',(0.E0,0.E0,1.E0));
#10964=DIRECTION('',(0.E0,-1.E0,0.E0));
#10965=AXIS2_PLACEMENT_3D('',#10962,#10963,#10964);
#10966=CONICAL_SURFACE('',#10965,4.000093654168E-1,4.5E1);
#10968=ORIENTED_EDGE('',*,*,#10967,.F.);
#10969=ORIENTED_EDGE('',*,*,#10954,.F.);
#10970=ORIENTED_EDGE('',*,*,#7559,.T.);
#10972=ORIENTED_EDGE('',*,*,#10971,.F.);
#10973=EDGE_LOOP('',(#10968,#10969,#10970,#10972));
#10974=FACE_OUTER_BOUND('',#10973,.F.);
#10976=CARTESIAN_POINT('',(3.08E0,3.000014285743E-1,-1.5E-1));
#10977=DIRECTION('',(0.E0,0.E0,1.E0));
#10978=DIRECTION('',(1.E0,0.E0,0.E0));
#10979=AXIS2_PLACEMENT_3D('',#10976,#10977,#10978);
#10980=CYLINDRICAL_SURFACE('',#10979,3.5E-1);
#10981=ORIENTED_EDGE('',*,*,#7969,.T.);
#10982=ORIENTED_EDGE('',*,*,#8215,.F.);
#10983=ORIENTED_EDGE('',*,*,#8260,.T.);
#10984=ORIENTED_EDGE('',*,*,#10713,.F.);
#10985=ORIENTED_EDGE('',*,*,#10967,.T.);
#10986=EDGE_LOOP('',(#10981,#10982,#10983,#10984,#10985));
#10987=FACE_OUTER_BOUND('',#10986,.F.);
#10989=CARTESIAN_POINT('',(3.465410622540E0,0.E0,-2.E-1));
#10990=DIRECTION('',(-7.071067811865E-1,0.E0,7.071067811865E-1));
#10991=DIRECTION('',(-7.071067811865E-1,0.E0,-7.071067811865E-1));
#10992=AXIS2_PLACEMENT_3D('',#10989,#10990,#10991);
#10993=PLANE('',#10992);
#10994=ORIENTED_EDGE('',*,*,#7971,.F.);
#10995=ORIENTED_EDGE('',*,*,#10971,.T.);
#10996=ORIENTED_EDGE('',*,*,#7557,.T.);
#10997=ORIENTED_EDGE('',*,*,#7658,.F.);
#10998=EDGE_LOOP('',(#10994,#10995,#10996,#10997));
#10999=FACE_OUTER_BOUND('',#10998,.F.);
#11001=CARTESIAN_POINT('',(-3.08E0,3.E-1,-1.999913184962E-1));
#11002=DIRECTION('',(0.E0,0.E0,1.E0));
#11003=DIRECTION('',(0.E0,-1.E0,0.E0));
#11004=AXIS2_PLACEMENT_3D('',#11001,#11002,#11003);
#11005=CONICAL_SURFACE('',#11004,4.000086815038E-1,4.5E1);
#11006=ORIENTED_EDGE('',*,*,#7563,.T.);
#11007=ORIENTED_EDGE('',*,*,#10957,.T.);
#11008=ORIENTED_EDGE('',*,*,#8229,.F.);
#11010=ORIENTED_EDGE('',*,*,#11009,.T.);
#11011=EDGE_LOOP('',(#11006,#11007,#11008,#11010));
#11012=FACE_OUTER_BOUND('',#11011,.F.);
#11014=CARTESIAN_POINT('',(-3.465E0,0.E0,-2.E-1));
#11015=DIRECTION('',(7.071067811865E-1,0.E0,7.071067811865E-1));
#11016=DIRECTION('',(7.071067811865E-1,0.E0,-7.071067811865E-1));
#11017=AXIS2_PLACEMENT_3D('',#11014,#11015,#11016);
#11018=PLANE('',#11017);
#11019=ORIENTED_EDGE('',*,*,#7565,.T.);
#11020=ORIENTED_EDGE('',*,*,#11009,.F.);
#11021=ORIENTED_EDGE('',*,*,#7722,.F.);
#11022=ORIENTED_EDGE('',*,*,#7686,.T.);
#11023=EDGE_LOOP('',(#11019,#11020,#11021,#11022));
#11024=FACE_OUTER_BOUND('',#11023,.F.);
#11026=CARTESIAN_POINT('',(1.75E0,-6.5E-1,-1.5E-1));
#11027=DIRECTION('',(1.E0,0.E0,0.E0));
#11028=DIRECTION('',(0.E0,1.E0,0.E0));
#11029=AXIS2_PLACEMENT_3D('',#11026,#11027,#11028);
#11030=PLANE('',#11029);
#11031=ORIENTED_EDGE('',*,*,#10601,.F.);
#11032=ORIENTED_EDGE('',*,*,#10655,.T.);
#11033=ORIENTED_EDGE('',*,*,#10489,.T.);
#11034=ORIENTED_EDGE('',*,*,#10543,.T.);
#11035=EDGE_LOOP('',(#11031,#11032,#11033,#11034));
#11036=FACE_OUTER_BOUND('',#11035,.F.);
#11038=CARTESIAN_POINT('',(-2.925E0,-1.2E0,0.E0));
#11039=DIRECTION('',(0.E0,-1.E0,0.E0));
#11040=DIRECTION('',(1.E0,0.E0,0.E0));
#11041=AXIS2_PLACEMENT_3D('',#11038,#11039,#11040);
#11042=PLANE('',#11041);
#11044=ORIENTED_EDGE('',*,*,#11043,.T.);
#11045=ORIENTED_EDGE('',*,*,#7468,.T.);
#11046=ORIENTED_EDGE('',*,*,#7297,.F.);
#11047=ORIENTED_EDGE('',*,*,#7394,.F.);
#11048=EDGE_LOOP('',(#11044,#11045,#11046,#11047));
#11049=FACE_OUTER_BOUND('',#11048,.F.);
#11051=CARTESIAN_POINT('',(-2.9403768E0,-9.E-1,-3.E-1));
#11052=DIRECTION('',(1.E0,0.E0,0.E0));
#11053=DIRECTION('',(0.E0,0.E0,1.E0));
#11054=AXIS2_PLACEMENT_3D('',#11051,#11052,#11053);
#11055=CYLINDRICAL_SURFACE('',#11054,3.E-1);
#11056=ORIENTED_EDGE('',*,*,#7428,.T.);
#11057=ORIENTED_EDGE('',*,*,#7447,.T.);
#11058=ORIENTED_EDGE('',*,*,#11043,.F.);
#11059=ORIENTED_EDGE('',*,*,#7411,.F.);
#11060=EDGE_LOOP('',(#11056,#11057,#11058,#11059));
#11061=FACE_OUTER_BOUND('',#11060,.F.);
#11063=CARTESIAN_POINT('',(3.8E0,8.5E-1,-9.5E0));
#11064=DIRECTION('',(0.E0,0.E0,-1.E0));
#11065=DIRECTION('',(-1.E0,0.E0,0.E0));
#11066=AXIS2_PLACEMENT_3D('',#11063,#11064,#11065);
#11067=CYLINDRICAL_SURFACE('',#11066,6.E-1);
#11068=ORIENTED_EDGE('',*,*,#6889,.F.);
#11069=ORIENTED_EDGE('',*,*,#6823,.T.);
#11070=ORIENTED_EDGE('',*,*,#6770,.F.);
#11071=ORIENTED_EDGE('',*,*,#7254,.F.);
#11072=EDGE_LOOP('',(#11068,#11069,#11070,#11071));
#11073=FACE_OUTER_BOUND('',#11072,.F.);
#11075=CARTESIAN_POINT('',(1.587168E1,-1.E-1,-1.265E1));
#11076=DIRECTION('',(-1.E0,0.E0,0.E0));
#11077=DIRECTION('',(0.E0,0.E0,1.E0));
#11078=AXIS2_PLACEMENT_3D('',#11075,#11076,#11077);
#11079=CYLINDRICAL_SURFACE('',#11078,1.5E-1);
#11080=ORIENTED_EDGE('',*,*,#6583,.F.);
#11081=ORIENTED_EDGE('',*,*,#7169,.T.);
#11083=ORIENTED_EDGE('',*,*,#11082,.T.);
#11084=ORIENTED_EDGE('',*,*,#7205,.T.);
#11085=EDGE_LOOP('',(#11080,#11081,#11083,#11084));
#11086=FACE_OUTER_BOUND('',#11085,.F.);
#11088=CARTESIAN_POINT('',(-4.2E0,5.E-2,-1.25E1));
#11089=DIRECTION('',(0.E0,-1.E0,0.E0));
#11090=DIRECTION('',(-1.E0,0.E0,0.E0));
#11091=AXIS2_PLACEMENT_3D('',#11088,#11089,#11090);
#11092=PLANE('',#11091);
#11093=ORIENTED_EDGE('',*,*,#7184,.T.);
#11094=ORIENTED_EDGE('',*,*,#7207,.F.);
#11095=ORIENTED_EDGE('',*,*,#11082,.F.);
#11096=ORIENTED_EDGE('',*,*,#7167,.T.);
#11097=EDGE_LOOP('',(#11093,#11094,#11095,#11096));
#11098=FACE_OUTER_BOUND('',#11097,.F.);
#11100=CARTESIAN_POINT('',(3.8E0,8.5E-1,-1.25E1));
#11101=DIRECTION('',(0.E0,0.E0,-1.E0));
#11102=DIRECTION('',(-1.E0,0.E0,0.E0));
#11103=AXIS2_PLACEMENT_3D('',#11100,#11101,#11102);
#11104=CYLINDRICAL_SURFACE('',#11103,4.E-1);
#11105=ORIENTED_EDGE('',*,*,#6575,.T.);
#11106=ORIENTED_EDGE('',*,*,#6800,.T.);
#11107=ORIENTED_EDGE('',*,*,#6818,.T.);
#11108=ORIENTED_EDGE('',*,*,#7134,.F.);
#11109=EDGE_LOOP('',(#11105,#11106,#11107,#11108));
#11110=FACE_OUTER_BOUND('',#11109,.F.);
#11112=CARTESIAN_POINT('',(3.4E0,1.05E0,-1.39E1));
#11113=DIRECTION('',(0.E0,0.E0,-1.E0));
#11114=DIRECTION('',(-1.E0,0.E0,0.E0));
#11115=AXIS2_PLACEMENT_3D('',#11112,#11113,#11114);
#11116=CYLINDRICAL_SURFACE('',#11115,2.E-1);
#11117=ORIENTED_EDGE('',*,*,#7139,.T.);
#11118=ORIENTED_EDGE('',*,*,#7105,.F.);
#11119=ORIENTED_EDGE('',*,*,#7034,.T.);
#11120=ORIENTED_EDGE('',*,*,#7019,.T.);
#11121=EDGE_LOOP('',(#11117,#11118,#11119,#11120));
#11122=FACE_OUTER_BOUND('',#11121,.F.);
#11124=CARTESIAN_POINT('',(-3.4E0,1.05E0,-1.39E1));
#11125=DIRECTION('',(0.E0,0.E0,-1.E0));
#11126=DIRECTION('',(-1.E0,0.E0,0.E0));
#11127=AXIS2_PLACEMENT_3D('',#11124,#11125,#11126);
#11128=CYLINDRICAL_SURFACE('',#11127,2.E-1);
#11129=ORIENTED_EDGE('',*,*,#6974,.F.);
#11130=ORIENTED_EDGE('',*,*,#6944,.F.);
#11131=ORIENTED_EDGE('',*,*,#7142,.T.);
#11132=ORIENTED_EDGE('',*,*,#7015,.T.);
#11133=EDGE_LOOP('',(#11129,#11130,#11131,#11132));
#11134=FACE_OUTER_BOUND('',#11133,.F.);
#11136=CARTESIAN_POINT('',(-3.4E0,1.05E0,-1.39E1));
#11137=DIRECTION('',(0.E0,0.E0,-1.E0));
#11138=DIRECTION('',(-1.E0,0.E0,0.E0));
#11139=AXIS2_PLACEMENT_3D('',#11136,#11137,#11138);
#11140=CYLINDRICAL_SURFACE('',#11139,4.E-1);
#11141=ORIENTED_EDGE('',*,*,#6879,.T.);
#11142=ORIENTED_EDGE('',*,*,#6941,.F.);
#11143=ORIENTED_EDGE('',*,*,#6960,.F.);
#11145=ORIENTED_EDGE('',*,*,#11144,.T.);
#11146=ORIENTED_EDGE('',*,*,#7009,.T.);
#11147=EDGE_LOOP('',(#11141,#11142,#11143,#11145,#11146));
#11148=FACE_OUTER_BOUND('',#11147,.F.);
#11150=CARTESIAN_POINT('',(-3.8E0,-1.05E0,-1.39E1));
#11151=DIRECTION('',(-1.E0,0.E0,0.E0));
#11152=DIRECTION('',(0.E0,1.E0,0.E0));
#11153=AXIS2_PLACEMENT_3D('',#11150,#11151,#11152);
#11154=PLANE('',#11153);
#11155=ORIENTED_EDGE('',*,*,#6958,.T.);
#11156=ORIENTED_EDGE('',*,*,#6989,.T.);
#11157=ORIENTED_EDGE('',*,*,#7011,.T.);
#11158=ORIENTED_EDGE('',*,*,#11144,.F.);
#11159=EDGE_LOOP('',(#11155,#11156,#11157,#11158));
#11160=FACE_OUTER_BOUND('',#11159,.F.);
#11162=CARTESIAN_POINT('',(4.4E0,5.E-2,-1.25E1));
#11163=DIRECTION('',(0.E0,-1.E0,0.E0));
#11164=DIRECTION('',(-1.E0,0.E0,0.E0));
#11165=AXIS2_PLACEMENT_3D('',#11162,#11163,#11164);
#11166=PLANE('',#11165);
#11167=ORIENTED_EDGE('',*,*,#6784,.T.);
#11168=ORIENTED_EDGE('',*,*,#6804,.F.);
#11169=ORIENTED_EDGE('',*,*,#6748,.F.);
#11170=ORIENTED_EDGE('',*,*,#6762,.T.);
#11171=EDGE_LOOP('',(#11167,#11168,#11169,#11170));
#11172=FACE_OUTER_BOUND('',#11171,.F.);
#11174=CARTESIAN_POINT('',(4.15E0,-1.E-1,-1.25E1));
#11175=DIRECTION('',(0.E0,-1.E0,0.E0));
#11176=DIRECTION('',(-1.E0,0.E0,0.E0));
#11177=AXIS2_PLACEMENT_3D('',#11174,#11175,#11176);
#11178=PLANE('',#11177);
#11180=ORIENTED_EDGE('',*,*,#11179,.T.);
#11182=ORIENTED_EDGE('',*,*,#11181,.T.);
#11184=ORIENTED_EDGE('',*,*,#11183,.F.);
#11185=ORIENTED_EDGE('',*,*,#6605,.F.);
#11186=EDGE_LOOP('',(#11180,#11182,#11184,#11185));
#11187=FACE_OUTER_BOUND('',#11186,.F.);
#11189=CARTESIAN_POINT('',(4.15E0,-1.E-1,-1.25E1));
#11190=DIRECTION('',(0.E0,-1.E0,0.E0));
#11191=DIRECTION('',(-1.E0,0.E0,0.E0));
#11192=AXIS2_PLACEMENT_3D('',#11189,#11190,#11191);
#11193=PLANE('',#11192);
#11195=ORIENTED_EDGE('',*,*,#11194,.F.);
#11196=ORIENTED_EDGE('',*,*,#6597,.F.);
#11198=ORIENTED_EDGE('',*,*,#11197,.T.);
#11200=ORIENTED_EDGE('',*,*,#11199,.T.);
#11201=EDGE_LOOP('',(#11195,#11196,#11198,#11200));
#11202=FACE_OUTER_BOUND('',#11201,.F.);
#11204=CARTESIAN_POINT('',(-3.4E0,-1.E-1,-1.35E1));
#11205=DIRECTION('',(-1.E0,0.E0,0.E0));
#11206=DIRECTION('',(0.E0,1.E0,0.E0));
#11207=AXIS2_PLACEMENT_3D('',#11204,#11205,#11206);
#11208=PLANE('',#11207);
#11210=ORIENTED_EDGE('',*,*,#11209,.F.);
#11211=ORIENTED_EDGE('',*,*,#11179,.F.);
#11212=ORIENTED_EDGE('',*,*,#6603,.T.);
#11214=ORIENTED_EDGE('',*,*,#11213,.F.);
#11215=EDGE_LOOP('',(#11210,#11211,#11212,#11214));
#11216=FACE_OUTER_BOUND('',#11215,.F.);
#11218=CARTESIAN_POINT('',(0.E0,0.E0,-1.35E1));
#11219=DIRECTION('',(0.E0,0.E0,-1.E0));
#11220=DIRECTION('',(-1.E0,0.E0,0.E0));
#11221=AXIS2_PLACEMENT_3D('',#11218,#11219,#11220);
#11222=PLANE('',#11221);
#11224=ORIENTED_EDGE('',*,*,#11223,.F.);
#11226=ORIENTED_EDGE('',*,*,#11225,.F.);
#11227=ORIENTED_EDGE('',*,*,#11181,.F.);
#11228=ORIENTED_EDGE('',*,*,#11209,.T.);
#11229=EDGE_LOOP('',(#11224,#11226,#11227,#11228));
#11230=FACE_OUTER_BOUND('',#11229,.F.);
#11232=CARTESIAN_POINT('',(0.E0,0.E0,-1.35E1));
#11233=DIRECTION('',(0.E0,0.E0,-1.E0));
#11234=DIRECTION('',(-1.E0,0.E0,0.E0));
#11235=AXIS2_PLACEMENT_3D('',#11232,#11233,#11234);
#11236=PLANE('',#11235);
#11238=ORIENTED_EDGE('',*,*,#11237,.T.);
#11240=ORIENTED_EDGE('',*,*,#11239,.F.);
#11241=ORIENTED_EDGE('',*,*,#11199,.F.);
#11243=ORIENTED_EDGE('',*,*,#11242,.F.);
#11244=EDGE_LOOP('',(#11238,#11240,#11241,#11243));
#11245=FACE_OUTER_BOUND('',#11244,.F.);
#11247=CARTESIAN_POINT('',(-3.4E0,1.E-1,-1.35E1));
#11248=DIRECTION('',(0.E0,1.E0,0.E0));
#11249=DIRECTION('',(1.E0,0.E0,0.E0));
#11250=AXIS2_PLACEMENT_3D('',#11247,#11248,#11249);
#11251=PLANE('',#11250);
#11253=ORIENTED_EDGE('',*,*,#11252,.T.);
#11255=ORIENTED_EDGE('',*,*,#11254,.F.);
#11257=ORIENTED_EDGE('',*,*,#11256,.F.);
#11259=ORIENTED_EDGE('',*,*,#11258,.T.);
#11261=ORIENTED_EDGE('',*,*,#11260,.F.);
#11262=ORIENTED_EDGE('',*,*,#11223,.T.);
#11263=ORIENTED_EDGE('',*,*,#11213,.T.);
#11264=ORIENTED_EDGE('',*,*,#6601,.T.);
#11266=ORIENTED_EDGE('',*,*,#11265,.F.);
#11267=ORIENTED_EDGE('',*,*,#11237,.F.);
#11269=ORIENTED_EDGE('',*,*,#11268,.T.);
#11271=ORIENTED_EDGE('',*,*,#11270,.T.);
#11273=ORIENTED_EDGE('',*,*,#11272,.T.);
#11275=ORIENTED_EDGE('',*,*,#11274,.F.);
#11277=ORIENTED_EDGE('',*,*,#11276,.F.);
#11279=ORIENTED_EDGE('',*,*,#11278,.T.);
#11281=ORIENTED_EDGE('',*,*,#11280,.T.);
#11283=ORIENTED_EDGE('',*,*,#11282,.F.);
#11285=ORIENTED_EDGE('',*,*,#11284,.F.);
#11287=ORIENTED_EDGE('',*,*,#11286,.T.);
#11289=ORIENTED_EDGE('',*,*,#11288,.T.);
#11291=ORIENTED_EDGE('',*,*,#11290,.F.);
#11293=ORIENTED_EDGE('',*,*,#11292,.F.);
#11295=ORIENTED_EDGE('',*,*,#11294,.T.);
#11297=ORIENTED_EDGE('',*,*,#11296,.T.);
#11299=ORIENTED_EDGE('',*,*,#11298,.F.);
#11301=ORIENTED_EDGE('',*,*,#11300,.F.);
#11303=ORIENTED_EDGE('',*,*,#11302,.T.);
#11305=ORIENTED_EDGE('',*,*,#11304,.T.);
#11307=ORIENTED_EDGE('',*,*,#11306,.F.);
#11309=ORIENTED_EDGE('',*,*,#11308,.F.);
#11311=ORIENTED_EDGE('',*,*,#11310,.T.);
#11313=ORIENTED_EDGE('',*,*,#11312,.T.);
#11315=ORIENTED_EDGE('',*,*,#11314,.F.);
#11317=ORIENTED_EDGE('',*,*,#11316,.F.);
#11319=ORIENTED_EDGE('',*,*,#11318,.T.);
#11321=ORIENTED_EDGE('',*,*,#11320,.T.);
#11323=ORIENTED_EDGE('',*,*,#11322,.F.);
#11325=ORIENTED_EDGE('',*,*,#11324,.F.);
#11327=ORIENTED_EDGE('',*,*,#11326,.T.);
#11329=ORIENTED_EDGE('',*,*,#11328,.T.);
#11331=ORIENTED_EDGE('',*,*,#11330,.F.);
#11333=ORIENTED_EDGE('',*,*,#11332,.F.);
#11335=ORIENTED_EDGE('',*,*,#11334,.T.);
#11337=ORIENTED_EDGE('',*,*,#11336,.T.);
#11339=ORIENTED_EDGE('',*,*,#11338,.F.);
#11341=ORIENTED_EDGE('',*,*,#11340,.F.);
#11343=ORIENTED_EDGE('',*,*,#11342,.T.);
#11345=ORIENTED_EDGE('',*,*,#11344,.T.);
#11347=ORIENTED_EDGE('',*,*,#11346,.F.);
#11349=ORIENTED_EDGE('',*,*,#11348,.F.);
#11351=ORIENTED_EDGE('',*,*,#11350,.T.);
#11353=ORIENTED_EDGE('',*,*,#11352,.T.);
#11355=ORIENTED_EDGE('',*,*,#11354,.F.);
#11357=ORIENTED_EDGE('',*,*,#11356,.F.);
#11359=ORIENTED_EDGE('',*,*,#11358,.T.);
#11360=EDGE_LOOP('',(#11253,#11255,#11257,#11259,#11261,#11262,#11263,#11264,
#11266,#11267,#11269,#11271,#11273,#11275,#11277,#11279,#11281,#11283,#11285,
#11287,#11289,#11291,#11293,#11295,#11297,#11299,#11301,#11303,#11305,#11307,
#11309,#11311,#11313,#11315,#11317,#11319,#11321,#11323,#11325,#11327,#11329,
#11331,#11333,#11335,#11337,#11339,#11341,#11343,#11345,#11347,#11349,#11351,
#11353,#11355,#11357,#11359));
#11361=FACE_OUTER_BOUND('',#11360,.F.);
#11363=CARTESIAN_POINT('',(-2.525E0,0.E0,-1.35E1));
#11364=DIRECTION('',(1.E0,0.E0,0.E0));
#11365=DIRECTION('',(0.E0,0.E0,-1.E0));
#11366=AXIS2_PLACEMENT_3D('',#11363,#11364,#11365);
#11367=PLANE('',#11366);
#11369=ORIENTED_EDGE('',*,*,#11368,.F.);
#11370=ORIENTED_EDGE('',*,*,#11252,.F.);
#11372=ORIENTED_EDGE('',*,*,#11371,.F.);
#11374=ORIENTED_EDGE('',*,*,#11373,.F.);
#11376=ORIENTED_EDGE('',*,*,#11375,.F.);
#11378=ORIENTED_EDGE('',*,*,#11377,.F.);
#11380=ORIENTED_EDGE('',*,*,#11379,.F.);
#11381=EDGE_LOOP('',(#11369,#11370,#11372,#11374,#11376,#11378,#11380));
#11382=FACE_OUTER_BOUND('',#11381,.F.);
#11384=CARTESIAN_POINT('',(-2.525E0,1.E-1,-1.403877840118E1));
#11385=DIRECTION('',(0.E0,-4.539904997395E-1,8.910065241884E-1));
#11386=DIRECTION('',(0.E0,-8.910065241884E-1,-4.539904997395E-1));
#11387=AXIS2_PLACEMENT_3D('',#11384,#11385,#11386);
#11388=PLANE('',#11387);
#11389=ORIENTED_EDGE('',*,*,#11368,.T.);
#11391=ORIENTED_EDGE('',*,*,#11390,.T.);
#11393=ORIENTED_EDGE('',*,*,#11392,.F.);
#11394=ORIENTED_EDGE('',*,*,#11254,.T.);
#11395=EDGE_LOOP('',(#11389,#11391,#11393,#11394));
#11396=FACE_OUTER_BOUND('',#11395,.F.);
#11398=CARTESIAN_POINT('',(-2.525E0,1.5E-1,-1.435E1));
#11399=DIRECTION('',(1.E0,0.E0,0.E0));
#11400=DIRECTION('',(0.E0,0.E0,-1.E0));
#11401=AXIS2_PLACEMENT_3D('',#11398,#11399,#11400);
#11402=CYLINDRICAL_SURFACE('',#11401,3.E-1);
#11403=ORIENTED_EDGE('',*,*,#11379,.T.);
#11405=ORIENTED_EDGE('',*,*,#11404,.T.);
#11407=ORIENTED_EDGE('',*,*,#11406,.F.);
#11408=ORIENTED_EDGE('',*,*,#11390,.F.);
#11409=EDGE_LOOP('',(#11403,#11405,#11407,#11408));
#11410=FACE_OUTER_BOUND('',#11409,.F.);
#11412=CARTESIAN_POINT('',(-2.525E0,-1.5E-1,-1.435E1));
#11413=DIRECTION('',(0.E0,-1.E0,0.E0));
#11414=DIRECTION('',(0.E0,0.E0,-1.E0));
#11415=AXIS2_PLACEMENT_3D('',#11412,#11413,#11414);
#11416=PLANE('',#11415);
#11417=ORIENTED_EDGE('',*,*,#11377,.T.);
#11419=ORIENTED_EDGE('',*,*,#11418,.T.);
#11421=ORIENTED_EDGE('',*,*,#11420,.F.);
#11422=ORIENTED_EDGE('',*,*,#11404,.F.);
#11423=EDGE_LOOP('',(#11417,#11419,#11421,#11422));
#11424=FACE_OUTER_BOUND('',#11423,.F.);
#11426=CARTESIAN_POINT('',(-2.525E0,-1.5E-1,-1.5E1));
#11427=DIRECTION('',(0.E0,0.E0,-1.E0));
#11428=DIRECTION('',(0.E0,1.E0,0.E0));
#11429=AXIS2_PLACEMENT_3D('',#11426,#11427,#11428);
#11430=PLANE('',#11429);
#11431=ORIENTED_EDGE('',*,*,#11375,.T.);
#11433=ORIENTED_EDGE('',*,*,#11432,.T.);
#11435=ORIENTED_EDGE('',*,*,#11434,.F.);
#11436=ORIENTED_EDGE('',*,*,#11418,.F.);
#11437=EDGE_LOOP('',(#11431,#11433,#11435,#11436));
#11438=FACE_OUTER_BOUND('',#11437,.F.);
#11440=CARTESIAN_POINT('',(-2.525E0,0.E0,-1.5E1));
#11441=DIRECTION('',(0.E0,1.E0,0.E0));
#11442=DIRECTION('',(0.E0,0.E0,1.E0));
#11443=AXIS2_PLACEMENT_3D('',#11440,#11441,#11442);
#11444=PLANE('',#11443);
#11445=ORIENTED_EDGE('',*,*,#11373,.T.);
#11447=ORIENTED_EDGE('',*,*,#11446,.T.);
#11449=ORIENTED_EDGE('',*,*,#11448,.F.);
#11450=ORIENTED_EDGE('',*,*,#11432,.F.);
#11451=EDGE_LOOP('',(#11445,#11447,#11449,#11450));
#11452=FACE_OUTER_BOUND('',#11451,.F.);
#11454=CARTESIAN_POINT('',(0.E0,0.E0,-1.44E1));
#11455=DIRECTION('',(0.E0,0.E0,-1.E0));
#11456=DIRECTION('',(-1.E0,0.E0,0.E0));
#11457=AXIS2_PLACEMENT_3D('',#11454,#11455,#11456);
#11458=PLANE('',#11457);
#11459=ORIENTED_EDGE('',*,*,#11258,.F.);
#11461=ORIENTED_EDGE('',*,*,#11460,.F.);
#11462=ORIENTED_EDGE('',*,*,#11446,.F.);
#11463=ORIENTED_EDGE('',*,*,#11371,.T.);
#11464=ORIENTED_EDGE('',*,*,#11358,.F.);
#11466=ORIENTED_EDGE('',*,*,#11465,.F.);
#11468=ORIENTED_EDGE('',*,*,#11467,.F.);
#11470=ORIENTED_EDGE('',*,*,#11469,.T.);
#11471=ORIENTED_EDGE('',*,*,#11350,.F.);
#11473=ORIENTED_EDGE('',*,*,#11472,.F.);
#11475=ORIENTED_EDGE('',*,*,#11474,.F.);
#11477=ORIENTED_EDGE('',*,*,#11476,.T.);
#11478=ORIENTED_EDGE('',*,*,#11342,.F.);
#11480=ORIENTED_EDGE('',*,*,#11479,.F.);
#11482=ORIENTED_EDGE('',*,*,#11481,.F.);
#11484=ORIENTED_EDGE('',*,*,#11483,.T.);
#11485=ORIENTED_EDGE('',*,*,#11334,.F.);
#11487=ORIENTED_EDGE('',*,*,#11486,.F.);
#11489=ORIENTED_EDGE('',*,*,#11488,.F.);
#11491=ORIENTED_EDGE('',*,*,#11490,.T.);
#11492=ORIENTED_EDGE('',*,*,#11326,.F.);
#11494=ORIENTED_EDGE('',*,*,#11493,.F.);
#11496=ORIENTED_EDGE('',*,*,#11495,.F.);
#11498=ORIENTED_EDGE('',*,*,#11497,.T.);
#11499=ORIENTED_EDGE('',*,*,#11318,.F.);
#11501=ORIENTED_EDGE('',*,*,#11500,.F.);
#11503=ORIENTED_EDGE('',*,*,#11502,.F.);
#11505=ORIENTED_EDGE('',*,*,#11504,.T.);
#11506=ORIENTED_EDGE('',*,*,#11310,.F.);
#11508=ORIENTED_EDGE('',*,*,#11507,.F.);
#11510=ORIENTED_EDGE('',*,*,#11509,.F.);
#11512=ORIENTED_EDGE('',*,*,#11511,.T.);
#11513=ORIENTED_EDGE('',*,*,#11302,.F.);
#11515=ORIENTED_EDGE('',*,*,#11514,.F.);
#11517=ORIENTED_EDGE('',*,*,#11516,.F.);
#11519=ORIENTED_EDGE('',*,*,#11518,.T.);
#11520=ORIENTED_EDGE('',*,*,#11294,.F.);
#11522=ORIENTED_EDGE('',*,*,#11521,.F.);
#11524=ORIENTED_EDGE('',*,*,#11523,.F.);
#11526=ORIENTED_EDGE('',*,*,#11525,.T.);
#11527=ORIENTED_EDGE('',*,*,#11286,.F.);
#11529=ORIENTED_EDGE('',*,*,#11528,.F.);
#11531=ORIENTED_EDGE('',*,*,#11530,.F.);
#11533=ORIENTED_EDGE('',*,*,#11532,.T.);
#11534=ORIENTED_EDGE('',*,*,#11278,.F.);
#11536=ORIENTED_EDGE('',*,*,#11535,.F.);
#11538=ORIENTED_EDGE('',*,*,#11537,.F.);
#11540=ORIENTED_EDGE('',*,*,#11539,.T.);
#11541=ORIENTED_EDGE('',*,*,#11270,.F.);
#11543=ORIENTED_EDGE('',*,*,#11542,.F.);
#11545=ORIENTED_EDGE('',*,*,#11544,.F.);
#11547=ORIENTED_EDGE('',*,*,#11546,.F.);
#11549=ORIENTED_EDGE('',*,*,#11548,.F.);
#11551=ORIENTED_EDGE('',*,*,#11550,.F.);
#11552=EDGE_LOOP('',(#11459,#11461,#11462,#11463,#11464,#11466,#11468,#11470,
#11471,#11473,#11475,#11477,#11478,#11480,#11482,#11484,#11485,#11487,#11489,
#11491,#11492,#11494,#11496,#11498,#11499,#11501,#11503,#11505,#11506,#11508,
#11510,#11512,#11513,#11515,#11517,#11519,#11520,#11522,#11524,#11526,#11527,
#11529,#11531,#11533,#11534,#11536,#11538,#11540,#11541,#11543,#11545,#11547,
#11549,#11551));
#11553=FACE_OUTER_BOUND('',#11552,.F.);
#11555=CARTESIAN_POINT('',(-2.725E0,0.E0,-1.35E1));
#11556=DIRECTION('',(1.E0,0.E0,0.E0));
#11557=DIRECTION('',(0.E0,0.E0,-1.E0));
#11558=AXIS2_PLACEMENT_3D('',#11555,#11556,#11557);
#11559=PLANE('',#11558);
#11560=ORIENTED_EDGE('',*,*,#11392,.T.);
#11561=ORIENTED_EDGE('',*,*,#11406,.T.);
#11562=ORIENTED_EDGE('',*,*,#11420,.T.);
#11563=ORIENTED_EDGE('',*,*,#11434,.T.);
#11564=ORIENTED_EDGE('',*,*,#11448,.T.);
#11565=ORIENTED_EDGE('',*,*,#11460,.T.);
#11566=ORIENTED_EDGE('',*,*,#11256,.T.);
#11567=EDGE_LOOP('',(#11560,#11561,#11562,#11563,#11564,#11565,#11566));
#11568=FACE_OUTER_BOUND('',#11567,.F.);
#11570=CARTESIAN_POINT('',(-2.225E0,0.E0,-1.35E1));
#11571=DIRECTION('',(1.E0,0.E0,0.E0));
#11572=DIRECTION('',(0.E0,0.E0,-1.E0));
#11573=AXIS2_PLACEMENT_3D('',#11570,#11571,#11572);
#11574=PLANE('',#11573);
#11576=ORIENTED_EDGE('',*,*,#11575,.T.);
#11578=ORIENTED_EDGE('',*,*,#11577,.T.);
#11580=ORIENTED_EDGE('',*,*,#11579,.T.);
#11582=ORIENTED_EDGE('',*,*,#11581,.T.);
#11584=ORIENTED_EDGE('',*,*,#11583,.T.);
#11585=ORIENTED_EDGE('',*,*,#11465,.T.);
#11586=ORIENTED_EDGE('',*,*,#11356,.T.);
#11587=EDGE_LOOP('',(#11576,#11578,#11580,#11582,#11584,#11585,#11586));
#11588=FACE_OUTER_BOUND('',#11587,.F.);
#11590=CARTESIAN_POINT('',(-2.025E0,1.E-1,-1.403877840118E1));
#11591=DIRECTION('',(0.E0,-4.539904997395E-1,8.910065241884E-1));
#11592=DIRECTION('',(0.E0,-8.910065241884E-1,-4.539904997395E-1));
#11593=AXIS2_PLACEMENT_3D('',#11590,#11591,#11592);
#11594=PLANE('',#11593);
#11596=ORIENTED_EDGE('',*,*,#11595,.T.);
#11598=ORIENTED_EDGE('',*,*,#11597,.T.);
#11599=ORIENTED_EDGE('',*,*,#11575,.F.);
#11600=ORIENTED_EDGE('',*,*,#11354,.T.);
#11601=EDGE_LOOP('',(#11596,#11598,#11599,#11600));
#11602=FACE_OUTER_BOUND('',#11601,.F.);
#11604=CARTESIAN_POINT('',(-2.025E0,0.E0,-1.35E1));
#11605=DIRECTION('',(1.E0,0.E0,0.E0));
#11606=DIRECTION('',(0.E0,0.E0,-1.E0));
#11607=AXIS2_PLACEMENT_3D('',#11604,#11605,#11606);
#11608=PLANE('',#11607);
#11609=ORIENTED_EDGE('',*,*,#11595,.F.);
#11610=ORIENTED_EDGE('',*,*,#11352,.F.);
#11611=ORIENTED_EDGE('',*,*,#11469,.F.);
#11613=ORIENTED_EDGE('',*,*,#11612,.F.);
#11615=ORIENTED_EDGE('',*,*,#11614,.F.);
#11617=ORIENTED_EDGE('',*,*,#11616,.F.);
#11619=ORIENTED_EDGE('',*,*,#11618,.F.);
#11620=EDGE_LOOP('',(#11609,#11610,#11611,#11613,#11615,#11617,#11619));
#11621=FACE_OUTER_BOUND('',#11620,.F.);
#11623=CARTESIAN_POINT('',(-2.025E0,0.E0,-1.5E1));
#11624=DIRECTION('',(0.E0,1.E0,0.E0));
#11625=DIRECTION('',(0.E0,0.E0,1.E0));
#11626=AXIS2_PLACEMENT_3D('',#11623,#11624,#11625);
#11627=PLANE('',#11626);
#11628=ORIENTED_EDGE('',*,*,#11612,.T.);
#11629=ORIENTED_EDGE('',*,*,#11467,.T.);
#11630=ORIENTED_EDGE('',*,*,#11583,.F.);
#11632=ORIENTED_EDGE('',*,*,#11631,.F.);
#11633=EDGE_LOOP('',(#11628,#11629,#11630,#11632));
#11634=FACE_OUTER_BOUND('',#11633,.F.);
#11636=CARTESIAN_POINT('',(-2.025E0,-1.5E-1,-1.5E1));
#11637=DIRECTION('',(0.E0,0.E0,-1.E0));
#11638=DIRECTION('',(0.E0,1.E0,0.E0));
#11639=AXIS2_PLACEMENT_3D('',#11636,#11637,#11638);
#11640=PLANE('',#11639);
#11641=ORIENTED_EDGE('',*,*,#11614,.T.);
#11642=ORIENTED_EDGE('',*,*,#11631,.T.);
#11643=ORIENTED_EDGE('',*,*,#11581,.F.);
#11645=ORIENTED_EDGE('',*,*,#11644,.F.);
#11646=EDGE_LOOP('',(#11641,#11642,#11643,#11645));
#11647=FACE_OUTER_BOUND('',#11646,.F.);
#11649=CARTESIAN_POINT('',(-2.025E0,-1.5E-1,-1.435E1));
#11650=DIRECTION('',(0.E0,-1.E0,0.E0));
#11651=DIRECTION('',(0.E0,0.E0,-1.E0));
#11652=AXIS2_PLACEMENT_3D('',#11649,#11650,#11651);
#11653=PLANE('',#11652);
#11654=ORIENTED_EDGE('',*,*,#11616,.T.);
#11655=ORIENTED_EDGE('',*,*,#11644,.T.);
#11656=ORIENTED_EDGE('',*,*,#11579,.F.);
#11658=ORIENTED_EDGE('',*,*,#11657,.F.);
#11659=EDGE_LOOP('',(#11654,#11655,#11656,#11658));
#11660=FACE_OUTER_BOUND('',#11659,.F.);
#11662=CARTESIAN_POINT('',(-2.025E0,1.5E-1,-1.435E1));
#11663=DIRECTION('',(1.E0,0.E0,0.E0));
#11664=DIRECTION('',(0.E0,0.E0,-1.E0));
#11665=AXIS2_PLACEMENT_3D('',#11662,#11663,#11664);
#11666=CYLINDRICAL_SURFACE('',#11665,3.E-1);
#11667=ORIENTED_EDGE('',*,*,#11618,.T.);
#11668=ORIENTED_EDGE('',*,*,#11657,.T.);
#11669=ORIENTED_EDGE('',*,*,#11577,.F.);
#11670=ORIENTED_EDGE('',*,*,#11597,.F.);
#11671=EDGE_LOOP('',(#11667,#11668,#11669,#11670));
#11672=FACE_OUTER_BOUND('',#11671,.F.);
#11674=CARTESIAN_POINT('',(-1.725E0,0.E0,-1.35E1));
#11675=DIRECTION('',(1.E0,0.E0,0.E0));
#11676=DIRECTION('',(0.E0,0.E0,-1.E0));
#11677=AXIS2_PLACEMENT_3D('',#11674,#11675,#11676);
#11678=PLANE('',#11677);
#11680=ORIENTED_EDGE('',*,*,#11679,.T.);
#11682=ORIENTED_EDGE('',*,*,#11681,.T.);
#11684=ORIENTED_EDGE('',*,*,#11683,.T.);
#11686=ORIENTED_EDGE('',*,*,#11685,.T.);
#11688=ORIENTED_EDGE('',*,*,#11687,.T.);
#11689=ORIENTED_EDGE('',*,*,#11472,.T.);
#11690=ORIENTED_EDGE('',*,*,#11348,.T.);
#11691=EDGE_LOOP('',(#11680,#11682,#11684,#11686,#11688,#11689,#11690));
#11692=FACE_OUTER_BOUND('',#11691,.F.);
#11694=CARTESIAN_POINT('',(-1.525E0,1.E-1,-1.403877840118E1));
#11695=DIRECTION('',(0.E0,-4.539904997395E-1,8.910065241884E-1));
#11696=DIRECTION('',(0.E0,-8.910065241884E-1,-4.539904997395E-1));
#11697=AXIS2_PLACEMENT_3D('',#11694,#11695,#11696);
#11698=PLANE('',#11697);
#11700=ORIENTED_EDGE('',*,*,#11699,.T.);
#11702=ORIENTED_EDGE('',*,*,#11701,.T.);
#11703=ORIENTED_EDGE('',*,*,#11679,.F.);
#11704=ORIENTED_EDGE('',*,*,#11346,.T.);
#11705=EDGE_LOOP('',(#11700,#11702,#11703,#11704));
#11706=FACE_OUTER_BOUND('',#11705,.F.);
#11708=CARTESIAN_POINT('',(-1.525E0,0.E0,-1.35E1));
#11709=DIRECTION('',(1.E0,0.E0,0.E0));
#11710=DIRECTION('',(0.E0,0.E0,-1.E0));
#11711=AXIS2_PLACEMENT_3D('',#11708,#11709,#11710);
#11712=PLANE('',#11711);
#11713=ORIENTED_EDGE('',*,*,#11699,.F.);
#11714=ORIENTED_EDGE('',*,*,#11344,.F.);
#11715=ORIENTED_EDGE('',*,*,#11476,.F.);
#11717=ORIENTED_EDGE('',*,*,#11716,.F.);
#11719=ORIENTED_EDGE('',*,*,#11718,.F.);
#11721=ORIENTED_EDGE('',*,*,#11720,.F.);
#11723=ORIENTED_EDGE('',*,*,#11722,.F.);
#11724=EDGE_LOOP('',(#11713,#11714,#11715,#11717,#11719,#11721,#11723));
#11725=FACE_OUTER_BOUND('',#11724,.F.);
#11727=CARTESIAN_POINT('',(-1.525E0,0.E0,-1.5E1));
#11728=DIRECTION('',(0.E0,1.E0,0.E0));
#11729=DIRECTION('',(0.E0,0.E0,1.E0));
#11730=AXIS2_PLACEMENT_3D('',#11727,#11728,#11729);
#11731=PLANE('',#11730);
#11732=ORIENTED_EDGE('',*,*,#11716,.T.);
#11733=ORIENTED_EDGE('',*,*,#11474,.T.);
#11734=ORIENTED_EDGE('',*,*,#11687,.F.);
#11736=ORIENTED_EDGE('',*,*,#11735,.F.);
#11737=EDGE_LOOP('',(#11732,#11733,#11734,#11736));
#11738=FACE_OUTER_BOUND('',#11737,.F.);
#11740=CARTESIAN_POINT('',(-1.525E0,-1.5E-1,-1.5E1));
#11741=DIRECTION('',(0.E0,0.E0,-1.E0));
#11742=DIRECTION('',(0.E0,1.E0,0.E0));
#11743=AXIS2_PLACEMENT_3D('',#11740,#11741,#11742);
#11744=PLANE('',#11743);
#11745=ORIENTED_EDGE('',*,*,#11718,.T.);
#11746=ORIENTED_EDGE('',*,*,#11735,.T.);
#11747=ORIENTED_EDGE('',*,*,#11685,.F.);
#11749=ORIENTED_EDGE('',*,*,#11748,.F.);
#11750=EDGE_LOOP('',(#11745,#11746,#11747,#11749));
#11751=FACE_OUTER_BOUND('',#11750,.F.);
#11753=CARTESIAN_POINT('',(-1.525E0,-1.5E-1,-1.435E1));
#11754=DIRECTION('',(0.E0,-1.E0,0.E0));
#11755=DIRECTION('',(0.E0,0.E0,-1.E0));
#11756=AXIS2_PLACEMENT_3D('',#11753,#11754,#11755);
#11757=PLANE('',#11756);
#11758=ORIENTED_EDGE('',*,*,#11720,.T.);
#11759=ORIENTED_EDGE('',*,*,#11748,.T.);
#11760=ORIENTED_EDGE('',*,*,#11683,.F.);
#11762=ORIENTED_EDGE('',*,*,#11761,.F.);
#11763=EDGE_LOOP('',(#11758,#11759,#11760,#11762));
#11764=FACE_OUTER_BOUND('',#11763,.F.);
#11766=CARTESIAN_POINT('',(-1.525E0,1.5E-1,-1.435E1));
#11767=DIRECTION('',(1.E0,0.E0,0.E0));
#11768=DIRECTION('',(0.E0,0.E0,-1.E0));
#11769=AXIS2_PLACEMENT_3D('',#11766,#11767,#11768);
#11770=CYLINDRICAL_SURFACE('',#11769,3.E-1);
#11771=ORIENTED_EDGE('',*,*,#11722,.T.);
#11772=ORIENTED_EDGE('',*,*,#11761,.T.);
#11773=ORIENTED_EDGE('',*,*,#11681,.F.);
#11774=ORIENTED_EDGE('',*,*,#11701,.F.);
#11775=EDGE_LOOP('',(#11771,#11772,#11773,#11774));
#11776=FACE_OUTER_BOUND('',#11775,.F.);
#11778=CARTESIAN_POINT('',(-1.225E0,0.E0,-1.35E1));
#11779=DIRECTION('',(1.E0,0.E0,0.E0));
#11780=DIRECTION('',(0.E0,0.E0,-1.E0));
#11781=AXIS2_PLACEMENT_3D('',#11778,#11779,#11780);
#11782=PLANE('',#11781);
#11784=ORIENTED_EDGE('',*,*,#11783,.T.);
#11786=ORIENTED_EDGE('',*,*,#11785,.T.);
#11788=ORIENTED_EDGE('',*,*,#11787,.T.);
#11790=ORIENTED_EDGE('',*,*,#11789,.T.);
#11792=ORIENTED_EDGE('',*,*,#11791,.T.);
#11793=ORIENTED_EDGE('',*,*,#11479,.T.);
#11794=ORIENTED_EDGE('',*,*,#11340,.T.);
#11795=EDGE_LOOP('',(#11784,#11786,#11788,#11790,#11792,#11793,#11794));
#11796=FACE_OUTER_BOUND('',#11795,.F.);
#11798=CARTESIAN_POINT('',(-1.025E0,1.E-1,-1.403877840118E1));
#11799=DIRECTION('',(0.E0,-4.539904997395E-1,8.910065241884E-1));
#11800=DIRECTION('',(0.E0,-8.910065241884E-1,-4.539904997395E-1));
#11801=AXIS2_PLACEMENT_3D('',#11798,#11799,#11800);
#11802=PLANE('',#11801);
#11804=ORIENTED_EDGE('',*,*,#11803,.T.);
#11806=ORIENTED_EDGE('',*,*,#11805,.T.);
#11807=ORIENTED_EDGE('',*,*,#11783,.F.);
#11808=ORIENTED_EDGE('',*,*,#11338,.T.);
#11809=EDGE_LOOP('',(#11804,#11806,#11807,#11808));
#11810=FACE_OUTER_BOUND('',#11809,.F.);
#11812=CARTESIAN_POINT('',(-1.025E0,0.E0,-1.35E1));
#11813=DIRECTION('',(1.E0,0.E0,0.E0));
#11814=DIRECTION('',(0.E0,0.E0,-1.E0));
#11815=AXIS2_PLACEMENT_3D('',#11812,#11813,#11814);
#11816=PLANE('',#11815);
#11817=ORIENTED_EDGE('',*,*,#11803,.F.);
#11818=ORIENTED_EDGE('',*,*,#11336,.F.);
#11819=ORIENTED_EDGE('',*,*,#11483,.F.);
#11821=ORIENTED_EDGE('',*,*,#11820,.F.);
#11823=ORIENTED_EDGE('',*,*,#11822,.F.);
#11825=ORIENTED_EDGE('',*,*,#11824,.F.);
#11827=ORIENTED_EDGE('',*,*,#11826,.F.);
#11828=EDGE_LOOP('',(#11817,#11818,#11819,#11821,#11823,#11825,#11827));
#11829=FACE_OUTER_BOUND('',#11828,.F.);
#11831=CARTESIAN_POINT('',(-1.025E0,0.E0,-1.5E1));
#11832=DIRECTION('',(0.E0,1.E0,0.E0));
#11833=DIRECTION('',(0.E0,0.E0,1.E0));
#11834=AXIS2_PLACEMENT_3D('',#11831,#11832,#11833);
#11835=PLANE('',#11834);
#11836=ORIENTED_EDGE('',*,*,#11820,.T.);
#11837=ORIENTED_EDGE('',*,*,#11481,.T.);
#11838=ORIENTED_EDGE('',*,*,#11791,.F.);
#11840=ORIENTED_EDGE('',*,*,#11839,.F.);
#11841=EDGE_LOOP('',(#11836,#11837,#11838,#11840));
#11842=FACE_OUTER_BOUND('',#11841,.F.);
#11844=CARTESIAN_POINT('',(-1.025E0,-1.5E-1,-1.5E1));
#11845=DIRECTION('',(0.E0,0.E0,-1.E0));
#11846=DIRECTION('',(0.E0,1.E0,0.E0));
#11847=AXIS2_PLACEMENT_3D('',#11844,#11845,#11846);
#11848=PLANE('',#11847);
#11849=ORIENTED_EDGE('',*,*,#11822,.T.);
#11850=ORIENTED_EDGE('',*,*,#11839,.T.);
#11851=ORIENTED_EDGE('',*,*,#11789,.F.);
#11853=ORIENTED_EDGE('',*,*,#11852,.F.);
#11854=EDGE_LOOP('',(#11849,#11850,#11851,#11853));
#11855=FACE_OUTER_BOUND('',#11854,.F.);
#11857=CARTESIAN_POINT('',(-1.025E0,-1.5E-1,-1.435E1));
#11858=DIRECTION('',(0.E0,-1.E0,0.E0));
#11859=DIRECTION('',(0.E0,0.E0,-1.E0));
#11860=AXIS2_PLACEMENT_3D('',#11857,#11858,#11859);
#11861=PLANE('',#11860);
#11862=ORIENTED_EDGE('',*,*,#11824,.T.);
#11863=ORIENTED_EDGE('',*,*,#11852,.T.);
#11864=ORIENTED_EDGE('',*,*,#11787,.F.);
#11866=ORIENTED_EDGE('',*,*,#11865,.F.);
#11867=EDGE_LOOP('',(#11862,#11863,#11864,#11866));
#11868=FACE_OUTER_BOUND('',#11867,.F.);
#11870=CARTESIAN_POINT('',(-1.025E0,1.5E-1,-1.435E1));
#11871=DIRECTION('',(1.E0,0.E0,0.E0));
#11872=DIRECTION('',(0.E0,0.E0,-1.E0));
#11873=AXIS2_PLACEMENT_3D('',#11870,#11871,#11872);
#11874=CYLINDRICAL_SURFACE('',#11873,3.E-1);
#11875=ORIENTED_EDGE('',*,*,#11826,.T.);
#11876=ORIENTED_EDGE('',*,*,#11865,.T.);
#11877=ORIENTED_EDGE('',*,*,#11785,.F.);
#11878=ORIENTED_EDGE('',*,*,#11805,.F.);
#11879=EDGE_LOOP('',(#11875,#11876,#11877,#11878));
#11880=FACE_OUTER_BOUND('',#11879,.F.);
#11882=CARTESIAN_POINT('',(-7.25E-1,0.E0,-1.35E1));
#11883=DIRECTION('',(1.E0,0.E0,0.E0));
#11884=DIRECTION('',(0.E0,0.E0,-1.E0));
#11885=AXIS2_PLACEMENT_3D('',#11882,#11883,#11884);
#11886=PLANE('',#11885);
#11888=ORIENTED_EDGE('',*,*,#11887,.T.);
#11890=ORIENTED_EDGE('',*,*,#11889,.T.);
#11892=ORIENTED_EDGE('',*,*,#11891,.T.);
#11894=ORIENTED_EDGE('',*,*,#11893,.T.);
#11896=ORIENTED_EDGE('',*,*,#11895,.T.);
#11897=ORIENTED_EDGE('',*,*,#11486,.T.);
#11898=ORIENTED_EDGE('',*,*,#11332,.T.);
#11899=EDGE_LOOP('',(#11888,#11890,#11892,#11894,#11896,#11897,#11898));
#11900=FACE_OUTER_BOUND('',#11899,.F.);
#11902=CARTESIAN_POINT('',(-5.25E-1,1.E-1,-1.403877840118E1));
#11903=DIRECTION('',(0.E0,-4.539904997395E-1,8.910065241884E-1));
#11904=DIRECTION('',(0.E0,-8.910065241884E-1,-4.539904997395E-1));
#11905=AXIS2_PLACEMENT_3D('',#11902,#11903,#11904);
#11906=PLANE('',#11905);
#11908=ORIENTED_EDGE('',*,*,#11907,.T.);
#11910=ORIENTED_EDGE('',*,*,#11909,.T.);
#11911=ORIENTED_EDGE('',*,*,#11887,.F.);
#11912=ORIENTED_EDGE('',*,*,#11330,.T.);
#11913=EDGE_LOOP('',(#11908,#11910,#11911,#11912));
#11914=FACE_OUTER_BOUND('',#11913,.F.);
#11916=CARTESIAN_POINT('',(-5.25E-1,0.E0,-1.35E1));
#11917=DIRECTION('',(1.E0,0.E0,0.E0));
#11918=DIRECTION('',(0.E0,0.E0,-1.E0));
#11919=AXIS2_PLACEMENT_3D('',#11916,#11917,#11918);
#11920=PLANE('',#11919);
#11921=ORIENTED_EDGE('',*,*,#11907,.F.);
#11922=ORIENTED_EDGE('',*,*,#11328,.F.);
#11923=ORIENTED_EDGE('',*,*,#11490,.F.);
#11925=ORIENTED_EDGE('',*,*,#11924,.F.);
#11927=ORIENTED_EDGE('',*,*,#11926,.F.);
#11929=ORIENTED_EDGE('',*,*,#11928,.F.);
#11931=ORIENTED_EDGE('',*,*,#11930,.F.);
#11932=EDGE_LOOP('',(#11921,#11922,#11923,#11925,#11927,#11929,#11931));
#11933=FACE_OUTER_BOUND('',#11932,.F.);
#11935=CARTESIAN_POINT('',(-5.25E-1,0.E0,-1.5E1));
#11936=DIRECTION('',(0.E0,1.E0,0.E0));
#11937=DIRECTION('',(0.E0,0.E0,1.E0));
#11938=AXIS2_PLACEMENT_3D('',#11935,#11936,#11937);
#11939=PLANE('',#11938);
#11940=ORIENTED_EDGE('',*,*,#11924,.T.);
#11941=ORIENTED_EDGE('',*,*,#11488,.T.);
#11942=ORIENTED_EDGE('',*,*,#11895,.F.);
#11944=ORIENTED_EDGE('',*,*,#11943,.F.);
#11945=EDGE_LOOP('',(#11940,#11941,#11942,#11944));
#11946=FACE_OUTER_BOUND('',#11945,.F.);
#11948=CARTESIAN_POINT('',(-5.25E-1,-1.5E-1,-1.5E1));
#11949=DIRECTION('',(0.E0,0.E0,-1.E0));
#11950=DIRECTION('',(0.E0,1.E0,0.E0));
#11951=AXIS2_PLACEMENT_3D('',#11948,#11949,#11950);
#11952=PLANE('',#11951);
#11953=ORIENTED_EDGE('',*,*,#11926,.T.);
#11954=ORIENTED_EDGE('',*,*,#11943,.T.);
#11955=ORIENTED_EDGE('',*,*,#11893,.F.);
#11957=ORIENTED_EDGE('',*,*,#11956,.F.);
#11958=EDGE_LOOP('',(#11953,#11954,#11955,#11957));
#11959=FACE_OUTER_BOUND('',#11958,.F.);
#11961=CARTESIAN_POINT('',(-5.25E-1,-1.5E-1,-1.435E1));
#11962=DIRECTION('',(0.E0,-1.E0,0.E0));
#11963=DIRECTION('',(0.E0,0.E0,-1.E0));
#11964=AXIS2_PLACEMENT_3D('',#11961,#11962,#11963);
#11965=PLANE('',#11964);
#11966=ORIENTED_EDGE('',*,*,#11928,.T.);
#11967=ORIENTED_EDGE('',*,*,#11956,.T.);
#11968=ORIENTED_EDGE('',*,*,#11891,.F.);
#11970=ORIENTED_EDGE('',*,*,#11969,.F.);
#11971=EDGE_LOOP('',(#11966,#11967,#11968,#11970));
#11972=FACE_OUTER_BOUND('',#11971,.F.);
#11974=CARTESIAN_POINT('',(-5.25E-1,1.5E-1,-1.435E1));
#11975=DIRECTION('',(1.E0,0.E0,0.E0));
#11976=DIRECTION('',(0.E0,0.E0,-1.E0));
#11977=AXIS2_PLACEMENT_3D('',#11974,#11975,#11976);
#11978=CYLINDRICAL_SURFACE('',#11977,3.E-1);
#11979=ORIENTED_EDGE('',*,*,#11930,.T.);
#11980=ORIENTED_EDGE('',*,*,#11969,.T.);
#11981=ORIENTED_EDGE('',*,*,#11889,.F.);
#11982=ORIENTED_EDGE('',*,*,#11909,.F.);
#11983=EDGE_LOOP('',(#11979,#11980,#11981,#11982));
#11984=FACE_OUTER_BOUND('',#11983,.F.);
#11986=CARTESIAN_POINT('',(-2.25E-1,0.E0,-1.35E1));
#11987=DIRECTION('',(1.E0,0.E0,0.E0));
#11988=DIRECTION('',(0.E0,0.E0,-1.E0));
#11989=AXIS2_PLACEMENT_3D('',#11986,#11987,#11988);
#11990=PLANE('',#11989);
#11992=ORIENTED_EDGE('',*,*,#11991,.T.);
#11994=ORIENTED_EDGE('',*,*,#11993,.T.);
#11996=ORIENTED_EDGE('',*,*,#11995,.T.);
#11998=ORIENTED_EDGE('',*,*,#11997,.T.);
#12000=ORIENTED_EDGE('',*,*,#11999,.T.);
#12001=ORIENTED_EDGE('',*,*,#11493,.T.);
#12002=ORIENTED_EDGE('',*,*,#11324,.T.);
#12003=EDGE_LOOP('',(#11992,#11994,#11996,#11998,#12000,#12001,#12002));
#12004=FACE_OUTER_BOUND('',#12003,.F.);
#12006=CARTESIAN_POINT('',(-2.5E-2,1.E-1,-1.403877840118E1));
#12007=DIRECTION('',(0.E0,-4.539904997395E-1,8.910065241884E-1));
#12008=DIRECTION('',(0.E0,-8.910065241884E-1,-4.539904997395E-1));
#12009=AXIS2_PLACEMENT_3D('',#12006,#12007,#12008);
#12010=PLANE('',#12009);
#12012=ORIENTED_EDGE('',*,*,#12011,.T.);
#12014=ORIENTED_EDGE('',*,*,#12013,.T.);
#12015=ORIENTED_EDGE('',*,*,#11991,.F.);
#12016=ORIENTED_EDGE('',*,*,#11322,.T.);
#12017=EDGE_LOOP('',(#12012,#12014,#12015,#12016));
#12018=FACE_OUTER_BOUND('',#12017,.F.);
#12020=CARTESIAN_POINT('',(-2.5E-2,0.E0,-1.35E1));
#12021=DIRECTION('',(1.E0,0.E0,0.E0));
#12022=DIRECTION('',(0.E0,0.E0,-1.E0));
#12023=AXIS2_PLACEMENT_3D('',#12020,#12021,#12022);
#12024=PLANE('',#12023);
#12025=ORIENTED_EDGE('',*,*,#12011,.F.);
#12026=ORIENTED_EDGE('',*,*,#11320,.F.);
#12027=ORIENTED_EDGE('',*,*,#11497,.F.);
#12029=ORIENTED_EDGE('',*,*,#12028,.F.);
#12031=ORIENTED_EDGE('',*,*,#12030,.F.);
#12033=ORIENTED_EDGE('',*,*,#12032,.F.);
#12035=ORIENTED_EDGE('',*,*,#12034,.F.);
#12036=EDGE_LOOP('',(#12025,#12026,#12027,#12029,#12031,#12033,#12035));
#12037=FACE_OUTER_BOUND('',#12036,.F.);
#12039=CARTESIAN_POINT('',(-2.5E-2,0.E0,-1.5E1));
#12040=DIRECTION('',(0.E0,1.E0,0.E0));
#12041=DIRECTION('',(0.E0,0.E0,1.E0));
#12042=AXIS2_PLACEMENT_3D('',#12039,#12040,#12041);
#12043=PLANE('',#12042);
#12044=ORIENTED_EDGE('',*,*,#12028,.T.);
#12045=ORIENTED_EDGE('',*,*,#11495,.T.);
#12046=ORIENTED_EDGE('',*,*,#11999,.F.);
#12048=ORIENTED_EDGE('',*,*,#12047,.F.);
#12049=EDGE_LOOP('',(#12044,#12045,#12046,#12048));
#12050=FACE_OUTER_BOUND('',#12049,.F.);
#12052=CARTESIAN_POINT('',(-2.5E-2,-1.5E-1,-1.5E1));
#12053=DIRECTION('',(0.E0,0.E0,-1.E0));
#12054=DIRECTION('',(0.E0,1.E0,0.E0));
#12055=AXIS2_PLACEMENT_3D('',#12052,#12053,#12054);
#12056=PLANE('',#12055);
#12057=ORIENTED_EDGE('',*,*,#12030,.T.);
#12058=ORIENTED_EDGE('',*,*,#12047,.T.);
#12059=ORIENTED_EDGE('',*,*,#11997,.F.);
#12061=ORIENTED_EDGE('',*,*,#12060,.F.);
#12062=EDGE_LOOP('',(#12057,#12058,#12059,#12061));
#12063=FACE_OUTER_BOUND('',#12062,.F.);
#12065=CARTESIAN_POINT('',(-2.5E-2,-1.5E-1,-1.435E1));
#12066=DIRECTION('',(0.E0,-1.E0,0.E0));
#12067=DIRECTION('',(0.E0,0.E0,-1.E0));
#12068=AXIS2_PLACEMENT_3D('',#12065,#12066,#12067);
#12069=PLANE('',#12068);
#12070=ORIENTED_EDGE('',*,*,#12032,.T.);
#12071=ORIENTED_EDGE('',*,*,#12060,.T.);
#12072=ORIENTED_EDGE('',*,*,#11995,.F.);
#12074=ORIENTED_EDGE('',*,*,#12073,.F.);
#12075=EDGE_LOOP('',(#12070,#12071,#12072,#12074));
#12076=FACE_OUTER_BOUND('',#12075,.F.);
#12078=CARTESIAN_POINT('',(-2.5E-2,1.5E-1,-1.435E1));
#12079=DIRECTION('',(1.E0,0.E0,0.E0));
#12080=DIRECTION('',(0.E0,0.E0,-1.E0));
#12081=AXIS2_PLACEMENT_3D('',#12078,#12079,#12080);
#12082=CYLINDRICAL_SURFACE('',#12081,3.E-1);
#12083=ORIENTED_EDGE('',*,*,#12034,.T.);
#12084=ORIENTED_EDGE('',*,*,#12073,.T.);
#12085=ORIENTED_EDGE('',*,*,#11993,.F.);
#12086=ORIENTED_EDGE('',*,*,#12013,.F.);
#12087=EDGE_LOOP('',(#12083,#12084,#12085,#12086));
#12088=FACE_OUTER_BOUND('',#12087,.F.);
#12090=CARTESIAN_POINT('',(2.75E-1,0.E0,-1.35E1));
#12091=DIRECTION('',(1.E0,0.E0,0.E0));
#12092=DIRECTION('',(0.E0,0.E0,-1.E0));
#12093=AXIS2_PLACEMENT_3D('',#12090,#12091,#12092);
#12094=PLANE('',#12093);
#12096=ORIENTED_EDGE('',*,*,#12095,.T.);
#12098=ORIENTED_EDGE('',*,*,#12097,.T.);
#12100=ORIENTED_EDGE('',*,*,#12099,.T.);
#12102=ORIENTED_EDGE('',*,*,#12101,.T.);
#12104=ORIENTED_EDGE('',*,*,#12103,.T.);
#12105=ORIENTED_EDGE('',*,*,#11500,.T.);
#12106=ORIENTED_EDGE('',*,*,#11316,.T.);
#12107=EDGE_LOOP('',(#12096,#12098,#12100,#12102,#12104,#12105,#12106));
#12108=FACE_OUTER_BOUND('',#12107,.F.);
#12110=CARTESIAN_POINT('',(4.75E-1,1.E-1,-1.403877840118E1));
#12111=DIRECTION('',(0.E0,-4.539904997395E-1,8.910065241884E-1));
#12112=DIRECTION('',(0.E0,-8.910065241884E-1,-4.539904997395E-1));
#12113=AXIS2_PLACEMENT_3D('',#12110,#12111,#12112);
#12114=PLANE('',#12113);
#12116=ORIENTED_EDGE('',*,*,#12115,.T.);
#12118=ORIENTED_EDGE('',*,*,#12117,.T.);
#12119=ORIENTED_EDGE('',*,*,#12095,.F.);
#12120=ORIENTED_EDGE('',*,*,#11314,.T.);
#12121=EDGE_LOOP('',(#12116,#12118,#12119,#12120));
#12122=FACE_OUTER_BOUND('',#12121,.F.);
#12124=CARTESIAN_POINT('',(4.75E-1,0.E0,-1.35E1));
#12125=DIRECTION('',(1.E0,0.E0,0.E0));
#12126=DIRECTION('',(0.E0,0.E0,-1.E0));
#12127=AXIS2_PLACEMENT_3D('',#12124,#12125,#12126);
#12128=PLANE('',#12127);
#12129=ORIENTED_EDGE('',*,*,#12115,.F.);
#12130=ORIENTED_EDGE('',*,*,#11312,.F.);
#12131=ORIENTED_EDGE('',*,*,#11504,.F.);
#12133=ORIENTED_EDGE('',*,*,#12132,.F.);
#12135=ORIENTED_EDGE('',*,*,#12134,.F.);
#12137=ORIENTED_EDGE('',*,*,#12136,.F.);
#12139=ORIENTED_EDGE('',*,*,#12138,.F.);
#12140=EDGE_LOOP('',(#12129,#12130,#12131,#12133,#12135,#12137,#12139));
#12141=FACE_OUTER_BOUND('',#12140,.F.);
#12143=CARTESIAN_POINT('',(4.75E-1,0.E0,-1.5E1));
#12144=DIRECTION('',(0.E0,1.E0,0.E0));
#12145=DIRECTION('',(0.E0,0.E0,1.E0));
#12146=AXIS2_PLACEMENT_3D('',#12143,#12144,#12145);
#12147=PLANE('',#12146);
#12148=ORIENTED_EDGE('',*,*,#12132,.T.);
#12149=ORIENTED_EDGE('',*,*,#11502,.T.);
#12150=ORIENTED_EDGE('',*,*,#12103,.F.);
#12152=ORIENTED_EDGE('',*,*,#12151,.F.);
#12153=EDGE_LOOP('',(#12148,#12149,#12150,#12152));
#12154=FACE_OUTER_BOUND('',#12153,.F.);
#12156=CARTESIAN_POINT('',(4.75E-1,-1.5E-1,-1.5E1));
#12157=DIRECTION('',(0.E0,0.E0,-1.E0));
#12158=DIRECTION('',(0.E0,1.E0,0.E0));
#12159=AXIS2_PLACEMENT_3D('',#12156,#12157,#12158);
#12160=PLANE('',#12159);
#12161=ORIENTED_EDGE('',*,*,#12134,.T.);
#12162=ORIENTED_EDGE('',*,*,#12151,.T.);
#12163=ORIENTED_EDGE('',*,*,#12101,.F.);
#12165=ORIENTED_EDGE('',*,*,#12164,.F.);
#12166=EDGE_LOOP('',(#12161,#12162,#12163,#12165));
#12167=FACE_OUTER_BOUND('',#12166,.F.);
#12169=CARTESIAN_POINT('',(4.75E-1,-1.5E-1,-1.435E1));
#12170=DIRECTION('',(0.E0,-1.E0,0.E0));
#12171=DIRECTION('',(0.E0,0.E0,-1.E0));
#12172=AXIS2_PLACEMENT_3D('',#12169,#12170,#12171);
#12173=PLANE('',#12172);
#12174=ORIENTED_EDGE('',*,*,#12136,.T.);
#12175=ORIENTED_EDGE('',*,*,#12164,.T.);
#12176=ORIENTED_EDGE('',*,*,#12099,.F.);
#12178=ORIENTED_EDGE('',*,*,#12177,.F.);
#12179=EDGE_LOOP('',(#12174,#12175,#12176,#12178));
#12180=FACE_OUTER_BOUND('',#12179,.F.);
#12182=CARTESIAN_POINT('',(4.75E-1,1.5E-1,-1.435E1));
#12183=DIRECTION('',(1.E0,0.E0,0.E0));
#12184=DIRECTION('',(0.E0,0.E0,-1.E0));
#12185=AXIS2_PLACEMENT_3D('',#12182,#12183,#12184);
#12186=CYLINDRICAL_SURFACE('',#12185,3.E-1);
#12187=ORIENTED_EDGE('',*,*,#12138,.T.);
#12188=ORIENTED_EDGE('',*,*,#12177,.T.);
#12189=ORIENTED_EDGE('',*,*,#12097,.F.);
#12190=ORIENTED_EDGE('',*,*,#12117,.F.);
#12191=EDGE_LOOP('',(#12187,#12188,#12189,#12190));
#12192=FACE_OUTER_BOUND('',#12191,.F.);
#12194=CARTESIAN_POINT('',(7.75E-1,0.E0,-1.35E1));
#12195=DIRECTION('',(1.E0,0.E0,0.E0));
#12196=DIRECTION('',(0.E0,0.E0,-1.E0));
#12197=AXIS2_PLACEMENT_3D('',#12194,#12195,#12196);
#12198=PLANE('',#12197);
#12200=ORIENTED_EDGE('',*,*,#12199,.T.);
#12202=ORIENTED_EDGE('',*,*,#12201,.T.);
#12204=ORIENTED_EDGE('',*,*,#12203,.T.);
#12206=ORIENTED_EDGE('',*,*,#12205,.T.);
#12208=ORIENTED_EDGE('',*,*,#12207,.T.);
#12209=ORIENTED_EDGE('',*,*,#11507,.T.);
#12210=ORIENTED_EDGE('',*,*,#11308,.T.);
#12211=EDGE_LOOP('',(#12200,#12202,#12204,#12206,#12208,#12209,#12210));
#12212=FACE_OUTER_BOUND('',#12211,.F.);
#12214=CARTESIAN_POINT('',(9.75E-1,1.E-1,-1.403877840118E1));
#12215=DIRECTION('',(0.E0,-4.539904997395E-1,8.910065241884E-1));
#12216=DIRECTION('',(0.E0,-8.910065241884E-1,-4.539904997395E-1));
#12217=AXIS2_PLACEMENT_3D('',#12214,#12215,#12216);
#12218=PLANE('',#12217);
#12220=ORIENTED_EDGE('',*,*,#12219,.T.);
#12222=ORIENTED_EDGE('',*,*,#12221,.T.);
#12223=ORIENTED_EDGE('',*,*,#12199,.F.);
#12224=ORIENTED_EDGE('',*,*,#11306,.T.);
#12225=EDGE_LOOP('',(#12220,#12222,#12223,#12224));
#12226=FACE_OUTER_BOUND('',#12225,.F.);
#12228=CARTESIAN_POINT('',(9.75E-1,0.E0,-1.35E1));
#12229=DIRECTION('',(1.E0,0.E0,0.E0));
#12230=DIRECTION('',(0.E0,0.E0,-1.E0));
#12231=AXIS2_PLACEMENT_3D('',#12228,#12229,#12230);
#12232=PLANE('',#12231);
#12233=ORIENTED_EDGE('',*,*,#12219,.F.);
#12234=ORIENTED_EDGE('',*,*,#11304,.F.);
#12235=ORIENTED_EDGE('',*,*,#11511,.F.);
#12237=ORIENTED_EDGE('',*,*,#12236,.F.);
#12239=ORIENTED_EDGE('',*,*,#12238,.F.);
#12241=ORIENTED_EDGE('',*,*,#12240,.F.);
#12243=ORIENTED_EDGE('',*,*,#12242,.F.);
#12244=EDGE_LOOP('',(#12233,#12234,#12235,#12237,#12239,#12241,#12243));
#12245=FACE_OUTER_BOUND('',#12244,.F.);
#12247=CARTESIAN_POINT('',(9.75E-1,0.E0,-1.5E1));
#12248=DIRECTION('',(0.E0,1.E0,0.E0));
#12249=DIRECTION('',(0.E0,0.E0,1.E0));
#12250=AXIS2_PLACEMENT_3D('',#12247,#12248,#12249);
#12251=PLANE('',#12250);
#12252=ORIENTED_EDGE('',*,*,#12236,.T.);
#12253=ORIENTED_EDGE('',*,*,#11509,.T.);
#12254=ORIENTED_EDGE('',*,*,#12207,.F.);
#12256=ORIENTED_EDGE('',*,*,#12255,.F.);
#12257=EDGE_LOOP('',(#12252,#12253,#12254,#12256));
#12258=FACE_OUTER_BOUND('',#12257,.F.);
#12260=CARTESIAN_POINT('',(9.75E-1,-1.5E-1,-1.5E1));
#12261=DIRECTION('',(0.E0,0.E0,-1.E0));
#12262=DIRECTION('',(0.E0,1.E0,0.E0));
#12263=AXIS2_PLACEMENT_3D('',#12260,#12261,#12262);
#12264=PLANE('',#12263);
#12265=ORIENTED_EDGE('',*,*,#12238,.T.);
#12266=ORIENTED_EDGE('',*,*,#12255,.T.);
#12267=ORIENTED_EDGE('',*,*,#12205,.F.);
#12269=ORIENTED_EDGE('',*,*,#12268,.F.);
#12270=EDGE_LOOP('',(#12265,#12266,#12267,#12269));
#12271=FACE_OUTER_BOUND('',#12270,.F.);
#12273=CARTESIAN_POINT('',(9.75E-1,-1.5E-1,-1.435E1));
#12274=DIRECTION('',(0.E0,-1.E0,0.E0));
#12275=DIRECTION('',(0.E0,0.E0,-1.E0));
#12276=AXIS2_PLACEMENT_3D('',#12273,#12274,#12275);
#12277=PLANE('',#12276);
#12278=ORIENTED_EDGE('',*,*,#12240,.T.);
#12279=ORIENTED_EDGE('',*,*,#12268,.T.);
#12280=ORIENTED_EDGE('',*,*,#12203,.F.);
#12282=ORIENTED_EDGE('',*,*,#12281,.F.);
#12283=EDGE_LOOP('',(#12278,#12279,#12280,#12282));
#12284=FACE_OUTER_BOUND('',#12283,.F.);
#12286=CARTESIAN_POINT('',(9.75E-1,1.5E-1,-1.435E1));
#12287=DIRECTION('',(1.E0,0.E0,0.E0));
#12288=DIRECTION('',(0.E0,0.E0,-1.E0));
#12289=AXIS2_PLACEMENT_3D('',#12286,#12287,#12288);
#12290=CYLINDRICAL_SURFACE('',#12289,3.E-1);
#12291=ORIENTED_EDGE('',*,*,#12242,.T.);
#12292=ORIENTED_EDGE('',*,*,#12281,.T.);
#12293=ORIENTED_EDGE('',*,*,#12201,.F.);
#12294=ORIENTED_EDGE('',*,*,#12221,.F.);
#12295=EDGE_LOOP('',(#12291,#12292,#12293,#12294));
#12296=FACE_OUTER_BOUND('',#12295,.F.);
#12298=CARTESIAN_POINT('',(1.275E0,0.E0,-1.35E1));
#12299=DIRECTION('',(1.E0,0.E0,0.E0));
#12300=DIRECTION('',(0.E0,0.E0,-1.E0));
#12301=AXIS2_PLACEMENT_3D('',#12298,#12299,#12300);
#12302=PLANE('',#12301);
#12304=ORIENTED_EDGE('',*,*,#12303,.T.);
#12306=ORIENTED_EDGE('',*,*,#12305,.T.);
#12308=ORIENTED_EDGE('',*,*,#12307,.T.);
#12310=ORIENTED_EDGE('',*,*,#12309,.T.);
#12312=ORIENTED_EDGE('',*,*,#12311,.T.);
#12313=ORIENTED_EDGE('',*,*,#11514,.T.);
#12314=ORIENTED_EDGE('',*,*,#11300,.T.);
#12315=EDGE_LOOP('',(#12304,#12306,#12308,#12310,#12312,#12313,#12314));
#12316=FACE_OUTER_BOUND('',#12315,.F.);
#12318=CARTESIAN_POINT('',(1.475E0,1.E-1,-1.403877840118E1));
#12319=DIRECTION('',(0.E0,-4.539904997395E-1,8.910065241884E-1));
#12320=DIRECTION('',(0.E0,-8.910065241884E-1,-4.539904997395E-1));
#12321=AXIS2_PLACEMENT_3D('',#12318,#12319,#12320);
#12322=PLANE('',#12321);
#12324=ORIENTED_EDGE('',*,*,#12323,.T.);
#12326=ORIENTED_EDGE('',*,*,#12325,.T.);
#12327=ORIENTED_EDGE('',*,*,#12303,.F.);
#12328=ORIENTED_EDGE('',*,*,#11298,.T.);
#12329=EDGE_LOOP('',(#12324,#12326,#12327,#12328));
#12330=FACE_OUTER_BOUND('',#12329,.F.);
#12332=CARTESIAN_POINT('',(1.475E0,0.E0,-1.35E1));
#12333=DIRECTION('',(1.E0,0.E0,0.E0));
#12334=DIRECTION('',(0.E0,0.E0,-1.E0));
#12335=AXIS2_PLACEMENT_3D('',#12332,#12333,#12334);
#12336=PLANE('',#12335);
#12337=ORIENTED_EDGE('',*,*,#12323,.F.);
#12338=ORIENTED_EDGE('',*,*,#11296,.F.);
#12339=ORIENTED_EDGE('',*,*,#11518,.F.);
#12341=ORIENTED_EDGE('',*,*,#12340,.F.);
#12343=ORIENTED_EDGE('',*,*,#12342,.F.);
#12345=ORIENTED_EDGE('',*,*,#12344,.F.);
#12347=ORIENTED_EDGE('',*,*,#12346,.F.);
#12348=EDGE_LOOP('',(#12337,#12338,#12339,#12341,#12343,#12345,#12347));
#12349=FACE_OUTER_BOUND('',#12348,.F.);
#12351=CARTESIAN_POINT('',(1.475E0,0.E0,-1.5E1));
#12352=DIRECTION('',(0.E0,1.E0,0.E0));
#12353=DIRECTION('',(0.E0,0.E0,1.E0));
#12354=AXIS2_PLACEMENT_3D('',#12351,#12352,#12353);
#12355=PLANE('',#12354);
#12356=ORIENTED_EDGE('',*,*,#12340,.T.);
#12357=ORIENTED_EDGE('',*,*,#11516,.T.);
#12358=ORIENTED_EDGE('',*,*,#12311,.F.);
#12360=ORIENTED_EDGE('',*,*,#12359,.F.);
#12361=EDGE_LOOP('',(#12356,#12357,#12358,#12360));
#12362=FACE_OUTER_BOUND('',#12361,.F.);
#12364=CARTESIAN_POINT('',(1.475E0,-1.5E-1,-1.5E1));
#12365=DIRECTION('',(0.E0,0.E0,-1.E0));
#12366=DIRECTION('',(0.E0,1.E0,0.E0));
#12367=AXIS2_PLACEMENT_3D('',#12364,#12365,#12366);
#12368=PLANE('',#12367);
#12369=ORIENTED_EDGE('',*,*,#12342,.T.);
#12370=ORIENTED_EDGE('',*,*,#12359,.T.);
#12371=ORIENTED_EDGE('',*,*,#12309,.F.);
#12373=ORIENTED_EDGE('',*,*,#12372,.F.);
#12374=EDGE_LOOP('',(#12369,#12370,#12371,#12373));
#12375=FACE_OUTER_BOUND('',#12374,.F.);
#12377=CARTESIAN_POINT('',(1.475E0,-1.5E-1,-1.435E1));
#12378=DIRECTION('',(0.E0,-1.E0,0.E0));
#12379=DIRECTION('',(0.E0,0.E0,-1.E0));
#12380=AXIS2_PLACEMENT_3D('',#12377,#12378,#12379);
#12381=PLANE('',#12380);
#12382=ORIENTED_EDGE('',*,*,#12344,.T.);
#12383=ORIENTED_EDGE('',*,*,#12372,.T.);
#12384=ORIENTED_EDGE('',*,*,#12307,.F.);
#12386=ORIENTED_EDGE('',*,*,#12385,.F.);
#12387=EDGE_LOOP('',(#12382,#12383,#12384,#12386));
#12388=FACE_OUTER_BOUND('',#12387,.F.);
#12390=CARTESIAN_POINT('',(1.475E0,1.5E-1,-1.435E1));
#12391=DIRECTION('',(1.E0,0.E0,0.E0));
#12392=DIRECTION('',(0.E0,0.E0,-1.E0));
#12393=AXIS2_PLACEMENT_3D('',#12390,#12391,#12392);
#12394=CYLINDRICAL_SURFACE('',#12393,3.E-1);
#12395=ORIENTED_EDGE('',*,*,#12346,.T.);
#12396=ORIENTED_EDGE('',*,*,#12385,.T.);
#12397=ORIENTED_EDGE('',*,*,#12305,.F.);
#12398=ORIENTED_EDGE('',*,*,#12325,.F.);
#12399=EDGE_LOOP('',(#12395,#12396,#12397,#12398));
#12400=FACE_OUTER_BOUND('',#12399,.F.);
#12402=CARTESIAN_POINT('',(1.775E0,0.E0,-1.35E1));
#12403=DIRECTION('',(1.E0,0.E0,0.E0));
#12404=DIRECTION('',(0.E0,0.E0,-1.E0));
#12405=AXIS2_PLACEMENT_3D('',#12402,#12403,#12404);
#12406=PLANE('',#12405);
#12408=ORIENTED_EDGE('',*,*,#12407,.T.);
#12410=ORIENTED_EDGE('',*,*,#12409,.T.);
#12412=ORIENTED_EDGE('',*,*,#12411,.T.);
#12414=ORIENTED_EDGE('',*,*,#12413,.T.);
#12416=ORIENTED_EDGE('',*,*,#12415,.T.);
#12417=ORIENTED_EDGE('',*,*,#11521,.T.);
#12418=ORIENTED_EDGE('',*,*,#11292,.T.);
#12419=EDGE_LOOP('',(#12408,#12410,#12412,#12414,#12416,#12417,#12418));
#12420=FACE_OUTER_BOUND('',#12419,.F.);
#12422=CARTESIAN_POINT('',(1.975E0,1.E-1,-1.403877840118E1));
#12423=DIRECTION('',(0.E0,-4.539904997395E-1,8.910065241884E-1));
#12424=DIRECTION('',(0.E0,-8.910065241884E-1,-4.539904997395E-1));
#12425=AXIS2_PLACEMENT_3D('',#12422,#12423,#12424);
#12426=PLANE('',#12425);
#12428=ORIENTED_EDGE('',*,*,#12427,.T.);
#12430=ORIENTED_EDGE('',*,*,#12429,.T.);
#12431=ORIENTED_EDGE('',*,*,#12407,.F.);
#12432=ORIENTED_EDGE('',*,*,#11290,.T.);
#12433=EDGE_LOOP('',(#12428,#12430,#12431,#12432));
#12434=FACE_OUTER_BOUND('',#12433,.F.);
#12436=CARTESIAN_POINT('',(1.975E0,0.E0,-1.35E1));
#12437=DIRECTION('',(1.E0,0.E0,0.E0));
#12438=DIRECTION('',(0.E0,0.E0,-1.E0));
#12439=AXIS2_PLACEMENT_3D('',#12436,#12437,#12438);
#12440=PLANE('',#12439);
#12441=ORIENTED_EDGE('',*,*,#12427,.F.);
#12442=ORIENTED_EDGE('',*,*,#11288,.F.);
#12443=ORIENTED_EDGE('',*,*,#11525,.F.);
#12445=ORIENTED_EDGE('',*,*,#12444,.F.);
#12447=ORIENTED_EDGE('',*,*,#12446,.F.);
#12449=ORIENTED_EDGE('',*,*,#12448,.F.);
#12451=ORIENTED_EDGE('',*,*,#12450,.F.);
#12452=EDGE_LOOP('',(#12441,#12442,#12443,#12445,#12447,#12449,#12451));
#12453=FACE_OUTER_BOUND('',#12452,.F.);
#12455=CARTESIAN_POINT('',(1.975E0,0.E0,-1.5E1));
#12456=DIRECTION('',(0.E0,1.E0,0.E0));
#12457=DIRECTION('',(0.E0,0.E0,1.E0));
#12458=AXIS2_PLACEMENT_3D('',#12455,#12456,#12457);
#12459=PLANE('',#12458);
#12460=ORIENTED_EDGE('',*,*,#12444,.T.);
#12461=ORIENTED_EDGE('',*,*,#11523,.T.);
#12462=ORIENTED_EDGE('',*,*,#12415,.F.);
#12464=ORIENTED_EDGE('',*,*,#12463,.F.);
#12465=EDGE_LOOP('',(#12460,#12461,#12462,#12464));
#12466=FACE_OUTER_BOUND('',#12465,.F.);
#12468=CARTESIAN_POINT('',(1.975E0,-1.5E-1,-1.5E1));
#12469=DIRECTION('',(0.E0,0.E0,-1.E0));
#12470=DIRECTION('',(0.E0,1.E0,0.E0));
#12471=AXIS2_PLACEMENT_3D('',#12468,#12469,#12470);
#12472=PLANE('',#12471);
#12473=ORIENTED_EDGE('',*,*,#12446,.T.);
#12474=ORIENTED_EDGE('',*,*,#12463,.T.);
#12475=ORIENTED_EDGE('',*,*,#12413,.F.);
#12477=ORIENTED_EDGE('',*,*,#12476,.F.);
#12478=EDGE_LOOP('',(#12473,#12474,#12475,#12477));
#12479=FACE_OUTER_BOUND('',#12478,.F.);
#12481=CARTESIAN_POINT('',(1.975E0,-1.5E-1,-1.435E1));
#12482=DIRECTION('',(0.E0,-1.E0,0.E0));
#12483=DIRECTION('',(0.E0,0.E0,-1.E0));
#12484=AXIS2_PLACEMENT_3D('',#12481,#12482,#12483);
#12485=PLANE('',#12484);
#12486=ORIENTED_EDGE('',*,*,#12448,.T.);
#12487=ORIENTED_EDGE('',*,*,#12476,.T.);
#12488=ORIENTED_EDGE('',*,*,#12411,.F.);
#12490=ORIENTED_EDGE('',*,*,#12489,.F.);
#12491=EDGE_LOOP('',(#12486,#12487,#12488,#12490));
#12492=FACE_OUTER_BOUND('',#12491,.F.);
#12494=CARTESIAN_POINT('',(1.975E0,1.5E-1,-1.435E1));
#12495=DIRECTION('',(1.E0,0.E0,0.E0));
#12496=DIRECTION('',(0.E0,0.E0,-1.E0));
#12497=AXIS2_PLACEMENT_3D('',#12494,#12495,#12496);
#12498=CYLINDRICAL_SURFACE('',#12497,3.E-1);
#12499=ORIENTED_EDGE('',*,*,#12450,.T.);
#12500=ORIENTED_EDGE('',*,*,#12489,.T.);
#12501=ORIENTED_EDGE('',*,*,#12409,.F.);
#12502=ORIENTED_EDGE('',*,*,#12429,.F.);
#12503=EDGE_LOOP('',(#12499,#12500,#12501,#12502));
#12504=FACE_OUTER_BOUND('',#12503,.F.);
#12506=CARTESIAN_POINT('',(2.275E0,0.E0,-1.35E1));
#12507=DIRECTION('',(1.E0,0.E0,0.E0));
#12508=DIRECTION('',(0.E0,0.E0,-1.E0));
#12509=AXIS2_PLACEMENT_3D('',#12506,#12507,#12508);
#12510=PLANE('',#12509);
#12512=ORIENTED_EDGE('',*,*,#12511,.T.);
#12514=ORIENTED_EDGE('',*,*,#12513,.T.);
#12516=ORIENTED_EDGE('',*,*,#12515,.T.);
#12518=ORIENTED_EDGE('',*,*,#12517,.T.);
#12520=ORIENTED_EDGE('',*,*,#12519,.T.);
#12521=ORIENTED_EDGE('',*,*,#11528,.T.);
#12522=ORIENTED_EDGE('',*,*,#11284,.T.);
#12523=EDGE_LOOP('',(#12512,#12514,#12516,#12518,#12520,#12521,#12522));
#12524=FACE_OUTER_BOUND('',#12523,.F.);
#12526=CARTESIAN_POINT('',(2.475E0,1.E-1,-1.403877840118E1));
#12527=DIRECTION('',(0.E0,-4.539904997395E-1,8.910065241884E-1));
#12528=DIRECTION('',(0.E0,-8.910065241884E-1,-4.539904997395E-1));
#12529=AXIS2_PLACEMENT_3D('',#12526,#12527,#12528);
#12530=PLANE('',#12529);
#12532=ORIENTED_EDGE('',*,*,#12531,.T.);
#12534=ORIENTED_EDGE('',*,*,#12533,.T.);
#12535=ORIENTED_EDGE('',*,*,#12511,.F.);
#12536=ORIENTED_EDGE('',*,*,#11282,.T.);
#12537=EDGE_LOOP('',(#12532,#12534,#12535,#12536));
#12538=FACE_OUTER_BOUND('',#12537,.F.);
#12540=CARTESIAN_POINT('',(2.475E0,0.E0,-1.35E1));
#12541=DIRECTION('',(1.E0,0.E0,0.E0));
#12542=DIRECTION('',(0.E0,0.E0,-1.E0));
#12543=AXIS2_PLACEMENT_3D('',#12540,#12541,#12542);
#12544=PLANE('',#12543);
#12545=ORIENTED_EDGE('',*,*,#12531,.F.);
#12546=ORIENTED_EDGE('',*,*,#11280,.F.);
#12547=ORIENTED_EDGE('',*,*,#11532,.F.);
#12549=ORIENTED_EDGE('',*,*,#12548,.F.);
#12551=ORIENTED_EDGE('',*,*,#12550,.F.);
#12553=ORIENTED_EDGE('',*,*,#12552,.F.);
#12555=ORIENTED_EDGE('',*,*,#12554,.F.);
#12556=EDGE_LOOP('',(#12545,#12546,#12547,#12549,#12551,#12553,#12555));
#12557=FACE_OUTER_BOUND('',#12556,.F.);
#12559=CARTESIAN_POINT('',(2.475E0,0.E0,-1.5E1));
#12560=DIRECTION('',(0.E0,1.E0,0.E0));
#12561=DIRECTION('',(0.E0,0.E0,1.E0));
#12562=AXIS2_PLACEMENT_3D('',#12559,#12560,#12561);
#12563=PLANE('',#12562);
#12564=ORIENTED_EDGE('',*,*,#12548,.T.);
#12565=ORIENTED_EDGE('',*,*,#11530,.T.);
#12566=ORIENTED_EDGE('',*,*,#12519,.F.);
#12568=ORIENTED_EDGE('',*,*,#12567,.F.);
#12569=EDGE_LOOP('',(#12564,#12565,#12566,#12568));
#12570=FACE_OUTER_BOUND('',#12569,.F.);
#12572=CARTESIAN_POINT('',(2.475E0,-1.5E-1,-1.5E1));
#12573=DIRECTION('',(0.E0,0.E0,-1.E0));
#12574=DIRECTION('',(0.E0,1.E0,0.E0));
#12575=AXIS2_PLACEMENT_3D('',#12572,#12573,#12574);
#12576=PLANE('',#12575);
#12577=ORIENTED_EDGE('',*,*,#12550,.T.);
#12578=ORIENTED_EDGE('',*,*,#12567,.T.);
#12579=ORIENTED_EDGE('',*,*,#12517,.F.);
#12581=ORIENTED_EDGE('',*,*,#12580,.F.);
#12582=EDGE_LOOP('',(#12577,#12578,#12579,#12581));
#12583=FACE_OUTER_BOUND('',#12582,.F.);
#12585=CARTESIAN_POINT('',(2.475E0,-1.5E-1,-1.435E1));
#12586=DIRECTION('',(0.E0,-1.E0,0.E0));
#12587=DIRECTION('',(0.E0,0.E0,-1.E0));
#12588=AXIS2_PLACEMENT_3D('',#12585,#12586,#12587);
#12589=PLANE('',#12588);
#12590=ORIENTED_EDGE('',*,*,#12552,.T.);
#12591=ORIENTED_EDGE('',*,*,#12580,.T.);
#12592=ORIENTED_EDGE('',*,*,#12515,.F.);
#12594=ORIENTED_EDGE('',*,*,#12593,.F.);
#12595=EDGE_LOOP('',(#12590,#12591,#12592,#12594));
#12596=FACE_OUTER_BOUND('',#12595,.F.);
#12598=CARTESIAN_POINT('',(2.475E0,1.5E-1,-1.435E1));
#12599=DIRECTION('',(1.E0,0.E0,0.E0));
#12600=DIRECTION('',(0.E0,0.E0,-1.E0));
#12601=AXIS2_PLACEMENT_3D('',#12598,#12599,#12600);
#12602=CYLINDRICAL_SURFACE('',#12601,3.E-1);
#12603=ORIENTED_EDGE('',*,*,#12554,.T.);
#12604=ORIENTED_EDGE('',*,*,#12593,.T.);
#12605=ORIENTED_EDGE('',*,*,#12513,.F.);
#12606=ORIENTED_EDGE('',*,*,#12533,.F.);
#12607=EDGE_LOOP('',(#12603,#12604,#12605,#12606));
#12608=FACE_OUTER_BOUND('',#12607,.F.);
#12610=CARTESIAN_POINT('',(2.775E0,0.E0,-1.35E1));
#12611=DIRECTION('',(1.E0,0.E0,0.E0));
#12612=DIRECTION('',(0.E0,0.E0,-1.E0));
#12613=AXIS2_PLACEMENT_3D('',#12610,#12611,#12612);
#12614=PLANE('',#12613);
#12615=ORIENTED_EDGE('',*,*,#11276,.T.);
#12617=ORIENTED_EDGE('',*,*,#12616,.T.);
#12619=ORIENTED_EDGE('',*,*,#12618,.T.);
#12621=ORIENTED_EDGE('',*,*,#12620,.T.);
#12623=ORIENTED_EDGE('',*,*,#12622,.T.);
#12625=ORIENTED_EDGE('',*,*,#12624,.T.);
#12626=ORIENTED_EDGE('',*,*,#11535,.T.);
#12627=EDGE_LOOP('',(#12615,#12617,#12619,#12621,#12623,#12625,#12626));
#12628=FACE_OUTER_BOUND('',#12627,.F.);
#12630=CARTESIAN_POINT('',(2.975E0,1.E-1,-1.403877840118E1));
#12631=DIRECTION('',(0.E0,-4.539904997395E-1,8.910065241884E-1));
#12632=DIRECTION('',(0.E0,-8.910065241884E-1,-4.539904997395E-1));
#12633=AXIS2_PLACEMENT_3D('',#12630,#12631,#12632);
#12634=PLANE('',#12633);
#12635=ORIENTED_EDGE('',*,*,#11274,.T.);
#12637=ORIENTED_EDGE('',*,*,#12636,.T.);
#12639=ORIENTED_EDGE('',*,*,#12638,.T.);
#12640=ORIENTED_EDGE('',*,*,#12616,.F.);
#12641=EDGE_LOOP('',(#12635,#12637,#12639,#12640));
#12642=FACE_OUTER_BOUND('',#12641,.F.);
#12644=CARTESIAN_POINT('',(2.975E0,0.E0,-1.35E1));
#12645=DIRECTION('',(1.E0,0.E0,0.E0));
#12646=DIRECTION('',(0.E0,0.E0,-1.E0));
#12647=AXIS2_PLACEMENT_3D('',#12644,#12645,#12646);
#12648=PLANE('',#12647);
#12649=ORIENTED_EDGE('',*,*,#11272,.F.);
#12650=ORIENTED_EDGE('',*,*,#11539,.F.);
#12652=ORIENTED_EDGE('',*,*,#12651,.F.);
#12654=ORIENTED_EDGE('',*,*,#12653,.F.);
#12656=ORIENTED_EDGE('',*,*,#12655,.F.);
#12658=ORIENTED_EDGE('',*,*,#12657,.F.);
#12659=ORIENTED_EDGE('',*,*,#12636,.F.);
#12660=EDGE_LOOP('',(#12649,#12650,#12652,#12654,#12656,#12658,#12659));
#12661=FACE_OUTER_BOUND('',#12660,.F.);
#12663=CARTESIAN_POINT('',(2.975E0,0.E0,-1.5E1));
#12664=DIRECTION('',(0.E0,1.E0,0.E0));
#12665=DIRECTION('',(0.E0,0.E0,1.E0));
#12666=AXIS2_PLACEMENT_3D('',#12663,#12664,#12665);
#12667=PLANE('',#12666);
#12668=ORIENTED_EDGE('',*,*,#12651,.T.);
#12669=ORIENTED_EDGE('',*,*,#11537,.T.);
#12670=ORIENTED_EDGE('',*,*,#12624,.F.);
#12672=ORIENTED_EDGE('',*,*,#12671,.F.);
#12673=EDGE_LOOP('',(#12668,#12669,#12670,#12672));
#12674=FACE_OUTER_BOUND('',#12673,.F.);
#12676=CARTESIAN_POINT('',(2.975E0,-1.5E-1,-1.5E1));
#12677=DIRECTION('',(0.E0,0.E0,-1.E0));
#12678=DIRECTION('',(0.E0,1.E0,0.E0));
#12679=AXIS2_PLACEMENT_3D('',#12676,#12677,#12678);
#12680=PLANE('',#12679);
#12681=ORIENTED_EDGE('',*,*,#12653,.T.);
#12682=ORIENTED_EDGE('',*,*,#12671,.T.);
#12683=ORIENTED_EDGE('',*,*,#12622,.F.);
#12685=ORIENTED_EDGE('',*,*,#12684,.F.);
#12686=EDGE_LOOP('',(#12681,#12682,#12683,#12685));
#12687=FACE_OUTER_BOUND('',#12686,.F.);
#12689=CARTESIAN_POINT('',(2.975E0,-1.5E-1,-1.435E1));
#12690=DIRECTION('',(0.E0,-1.E0,0.E0));
#12691=DIRECTION('',(0.E0,0.E0,-1.E0));
#12692=AXIS2_PLACEMENT_3D('',#12689,#12690,#12691);
#12693=PLANE('',#12692);
#12694=ORIENTED_EDGE('',*,*,#12655,.T.);
#12695=ORIENTED_EDGE('',*,*,#12684,.T.);
#12696=ORIENTED_EDGE('',*,*,#12620,.F.);
#12698=ORIENTED_EDGE('',*,*,#12697,.F.);
#12699=EDGE_LOOP('',(#12694,#12695,#12696,#12698));
#12700=FACE_OUTER_BOUND('',#12699,.F.);
#12702=CARTESIAN_POINT('',(2.975E0,1.5E-1,-1.435E1));
#12703=DIRECTION('',(1.E0,0.E0,0.E0));
#12704=DIRECTION('',(0.E0,0.E0,-1.E0));
#12705=AXIS2_PLACEMENT_3D('',#12702,#12703,#12704);
#12706=CYLINDRICAL_SURFACE('',#12705,3.E-1);
#12707=ORIENTED_EDGE('',*,*,#12657,.T.);
#12708=ORIENTED_EDGE('',*,*,#12697,.T.);
#12709=ORIENTED_EDGE('',*,*,#12618,.F.);
#12710=ORIENTED_EDGE('',*,*,#12638,.F.);
#12711=EDGE_LOOP('',(#12707,#12708,#12709,#12710));
#12712=FACE_OUTER_BOUND('',#12711,.F.);
#12714=CARTESIAN_POINT('',(4.15E0,7.E-1,-1.25E1));
#12715=DIRECTION('',(1.E0,0.E0,0.E0));
#12716=DIRECTION('',(0.E0,-1.E0,0.E0));
#12717=AXIS2_PLACEMENT_3D('',#12714,#12715,#12716);
#12718=PLANE('',#12717);
#12720=ORIENTED_EDGE('',*,*,#12719,.T.);
#12721=ORIENTED_EDGE('',*,*,#11542,.T.);
#12722=ORIENTED_EDGE('',*,*,#11268,.F.);
#12723=ORIENTED_EDGE('',*,*,#11242,.T.);
#12724=ORIENTED_EDGE('',*,*,#11197,.F.);
#12725=ORIENTED_EDGE('',*,*,#6615,.F.);
#12726=EDGE_LOOP('',(#12720,#12721,#12722,#12723,#12724,#12725));
#12727=FACE_OUTER_BOUND('',#12726,.F.);
#12729=CARTESIAN_POINT('',(3.65E0,7.E-1,-1.25E1));
#12730=DIRECTION('',(0.E0,0.E0,-1.E0));
#12731=DIRECTION('',(-1.E0,0.E0,0.E0));
#12732=AXIS2_PLACEMENT_3D('',#12729,#12730,#12731);
#12733=CYLINDRICAL_SURFACE('',#12732,5.E-1);
#12735=ORIENTED_EDGE('',*,*,#12734,.T.);
#12736=ORIENTED_EDGE('',*,*,#11544,.T.);
#12737=ORIENTED_EDGE('',*,*,#12719,.F.);
#12738=ORIENTED_EDGE('',*,*,#6613,.F.);
#12739=EDGE_LOOP('',(#12735,#12736,#12737,#12738));
#12740=FACE_OUTER_BOUND('',#12739,.F.);
#12742=CARTESIAN_POINT('',(-3.65E0,1.2E0,-1.25E1));
#12743=DIRECTION('',(0.E0,1.E0,0.E0));
#12744=DIRECTION('',(1.E0,0.E0,0.E0));
#12745=AXIS2_PLACEMENT_3D('',#12742,#12743,#12744);
#12746=PLANE('',#12745);
#12748=ORIENTED_EDGE('',*,*,#12747,.T.);
#12749=ORIENTED_EDGE('',*,*,#11546,.T.);
#12750=ORIENTED_EDGE('',*,*,#12734,.F.);
#12751=ORIENTED_EDGE('',*,*,#6611,.F.);
#12752=EDGE_LOOP('',(#12748,#12749,#12750,#12751));
#12753=FACE_OUTER_BOUND('',#12752,.F.);
#12755=CARTESIAN_POINT('',(-3.65E0,7.E-1,-1.25E1));
#12756=DIRECTION('',(0.E0,0.E0,-1.E0));
#12757=DIRECTION('',(-1.E0,0.E0,0.E0));
#12758=AXIS2_PLACEMENT_3D('',#12755,#12756,#12757);
#12759=CYLINDRICAL_SURFACE('',#12758,5.E-1);
#12761=ORIENTED_EDGE('',*,*,#12760,.T.);
#12762=ORIENTED_EDGE('',*,*,#11548,.T.);
#12763=ORIENTED_EDGE('',*,*,#12747,.F.);
#12764=ORIENTED_EDGE('',*,*,#6609,.F.);
#12765=EDGE_LOOP('',(#12761,#12762,#12763,#12764));
#12766=FACE_OUTER_BOUND('',#12765,.F.);
#12768=CARTESIAN_POINT('',(-4.15E0,-1.E-1,-1.25E1));
#12769=DIRECTION('',(-1.E0,0.E0,0.E0));
#12770=DIRECTION('',(0.E0,1.E0,0.E0));
#12771=AXIS2_PLACEMENT_3D('',#12768,#12769,#12770);
#12772=PLANE('',#12771);
#12773=ORIENTED_EDGE('',*,*,#11225,.T.);
#12774=ORIENTED_EDGE('',*,*,#11260,.T.);
#12775=ORIENTED_EDGE('',*,*,#11550,.T.);
#12776=ORIENTED_EDGE('',*,*,#12760,.F.);
#12777=ORIENTED_EDGE('',*,*,#6607,.F.);
#12778=ORIENTED_EDGE('',*,*,#11183,.T.);
#12779=EDGE_LOOP('',(#12773,#12774,#12775,#12776,#12777,#12778));
#12780=FACE_OUTER_BOUND('',#12779,.F.);
#12782=CARTESIAN_POINT('',(3.4E0,1.E-1,-1.35E1));
#12783=DIRECTION('',(1.E0,0.E0,0.E0));
#12784=DIRECTION('',(0.E0,-1.E0,0.E0));
#12785=AXIS2_PLACEMENT_3D('',#12782,#12783,#12784);
#12786=PLANE('',#12785);
#12787=ORIENTED_EDGE('',*,*,#11239,.T.);
#12788=ORIENTED_EDGE('',*,*,#11265,.T.);
#12789=ORIENTED_EDGE('',*,*,#6599,.T.);
#12790=ORIENTED_EDGE('',*,*,#11194,.T.);
#12791=EDGE_LOOP('',(#12787,#12788,#12789,#12790));
#12792=FACE_OUTER_BOUND('',#12791,.F.);
#12794=CARTESIAN_POINT('',(2.725E0,0.E0,-1.25E1));
#12795=DIRECTION('',(1.E0,0.E0,0.E0));
#12796=DIRECTION('',(0.E0,-1.E0,0.E0));
#12797=AXIS2_PLACEMENT_3D('',#12794,#12795,#12796);
#12798=PLANE('',#12797);
#12799=ORIENTED_EDGE('',*,*,#6619,.F.);
#12801=ORIENTED_EDGE('',*,*,#12800,.T.);
#12803=ORIENTED_EDGE('',*,*,#12802,.T.);
#12805=ORIENTED_EDGE('',*,*,#12804,.F.);
#12806=EDGE_LOOP('',(#12799,#12801,#12803,#12805));
#12807=FACE_OUTER_BOUND('',#12806,.F.);
#12809=CARTESIAN_POINT('',(2.525E0,0.E0,-1.25E1));
#12810=DIRECTION('',(0.E0,1.E0,0.E0));
#12811=DIRECTION('',(1.E0,0.E0,0.E0));
#12812=AXIS2_PLACEMENT_3D('',#12809,#12810,#12811);
#12813=PLANE('',#12812);
#12814=ORIENTED_EDGE('',*,*,#6625,.F.);
#12816=ORIENTED_EDGE('',*,*,#12815,.T.);
#12818=ORIENTED_EDGE('',*,*,#12817,.T.);
#12819=ORIENTED_EDGE('',*,*,#12800,.F.);
#12820=EDGE_LOOP('',(#12814,#12816,#12818,#12819));
#12821=FACE_OUTER_BOUND('',#12820,.F.);
#12823=CARTESIAN_POINT('',(2.525E0,-1.5E-1,-1.25E1));
#12824=DIRECTION('',(-1.E0,0.E0,0.E0));
#12825=DIRECTION('',(0.E0,1.E0,0.E0));
#12826=AXIS2_PLACEMENT_3D('',#12823,#12824,#12825);
#12827=PLANE('',#12826);
#12828=ORIENTED_EDGE('',*,*,#6623,.F.);
#12830=ORIENTED_EDGE('',*,*,#12829,.T.);
#12832=ORIENTED_EDGE('',*,*,#12831,.T.);
#12833=ORIENTED_EDGE('',*,*,#12815,.F.);
#12834=EDGE_LOOP('',(#12828,#12830,#12832,#12833));
#12835=FACE_OUTER_BOUND('',#12834,.F.);
#12837=CARTESIAN_POINT('',(2.725E0,-1.5E-1,-1.25E1));
#12838=DIRECTION('',(0.E0,-1.E0,0.E0));
#12839=DIRECTION('',(-1.E0,0.E0,0.E0));
#12840=AXIS2_PLACEMENT_3D('',#12837,#12838,#12839);
#12841=PLANE('',#12840);
#12842=ORIENTED_EDGE('',*,*,#6621,.F.);
#12843=ORIENTED_EDGE('',*,*,#12804,.T.);
#12845=ORIENTED_EDGE('',*,*,#12844,.T.);
#12846=ORIENTED_EDGE('',*,*,#12829,.F.);
#12847=EDGE_LOOP('',(#12842,#12843,#12845,#12846));
#12848=FACE_OUTER_BOUND('',#12847,.F.);
#12850=CARTESIAN_POINT('',(0.E0,0.E0,-1.35E1));
#12851=DIRECTION('',(0.E0,0.E0,-1.E0));
#12852=DIRECTION('',(-1.E0,0.E0,0.E0));
#12853=AXIS2_PLACEMENT_3D('',#12850,#12851,#12852);
#12854=PLANE('',#12853);
#12855=ORIENTED_EDGE('',*,*,#12802,.F.);
#12856=ORIENTED_EDGE('',*,*,#12817,.F.);
#12857=ORIENTED_EDGE('',*,*,#12831,.F.);
#12858=ORIENTED_EDGE('',*,*,#12844,.F.);
#12859=EDGE_LOOP('',(#12855,#12856,#12857,#12858));
#12860=FACE_OUTER_BOUND('',#12859,.F.);
#12862=CARTESIAN_POINT('',(2.225E0,0.E0,-1.25E1));
#12863=DIRECTION('',(1.E0,0.E0,0.E0));
#12864=DIRECTION('',(0.E0,-1.E0,0.E0));
#12865=AXIS2_PLACEMENT_3D('',#12862,#12863,#12864);
#12866=PLANE('',#12865);
#12868=ORIENTED_EDGE('',*,*,#12867,.T.);
#12870=ORIENTED_EDGE('',*,*,#12869,.T.);
#12872=ORIENTED_EDGE('',*,*,#12871,.F.);
#12873=ORIENTED_EDGE('',*,*,#6629,.F.);
#12874=EDGE_LOOP('',(#12868,#12870,#12872,#12873));
#12875=FACE_OUTER_BOUND('',#12874,.F.);
#12877=CARTESIAN_POINT('',(2.025E0,0.E0,-1.25E1));
#12878=DIRECTION('',(0.E0,1.E0,0.E0));
#12879=DIRECTION('',(1.E0,0.E0,0.E0));
#12880=AXIS2_PLACEMENT_3D('',#12877,#12878,#12879);
#12881=PLANE('',#12880);
#12882=ORIENTED_EDGE('',*,*,#12867,.F.);
#12883=ORIENTED_EDGE('',*,*,#6635,.F.);
#12885=ORIENTED_EDGE('',*,*,#12884,.T.);
#12887=ORIENTED_EDGE('',*,*,#12886,.T.);
#12888=EDGE_LOOP('',(#12882,#12883,#12885,#12887));
#12889=FACE_OUTER_BOUND('',#12888,.F.);
#12891=CARTESIAN_POINT('',(2.025E0,-1.5E-1,-1.25E1));
#12892=DIRECTION('',(-1.E0,0.E0,0.E0));
#12893=DIRECTION('',(0.E0,1.E0,0.E0));
#12894=AXIS2_PLACEMENT_3D('',#12891,#12892,#12893);
#12895=PLANE('',#12894);
#12897=ORIENTED_EDGE('',*,*,#12896,.T.);
#12899=ORIENTED_EDGE('',*,*,#12898,.T.);
#12900=ORIENTED_EDGE('',*,*,#12884,.F.);
#12901=ORIENTED_EDGE('',*,*,#6633,.F.);
#12902=EDGE_LOOP('',(#12897,#12899,#12900,#12901));
#12903=FACE_OUTER_BOUND('',#12902,.F.);
#12905=CARTESIAN_POINT('',(2.225E0,-1.5E-1,-1.25E1));
#12906=DIRECTION('',(0.E0,-1.E0,0.E0));
#12907=DIRECTION('',(-1.E0,0.E0,0.E0));
#12908=AXIS2_PLACEMENT_3D('',#12905,#12906,#12907);
#12909=PLANE('',#12908);
#12910=ORIENTED_EDGE('',*,*,#12871,.T.);
#12912=ORIENTED_EDGE('',*,*,#12911,.T.);
#12913=ORIENTED_EDGE('',*,*,#12896,.F.);
#12914=ORIENTED_EDGE('',*,*,#6631,.F.);
#12915=EDGE_LOOP('',(#12910,#12912,#12913,#12914));
#12916=FACE_OUTER_BOUND('',#12915,.F.);
#12918=CARTESIAN_POINT('',(-5.E-1,0.E0,-1.35E1));
#12919=DIRECTION('',(0.E0,0.E0,-1.E0));
#12920=DIRECTION('',(-1.E0,0.E0,0.E0));
#12921=AXIS2_PLACEMENT_3D('',#12918,#12919,#12920);
#12922=PLANE('',#12921);
#12923=ORIENTED_EDGE('',*,*,#12869,.F.);
#12924=ORIENTED_EDGE('',*,*,#12886,.F.);
#12925=ORIENTED_EDGE('',*,*,#12898,.F.);
#12926=ORIENTED_EDGE('',*,*,#12911,.F.);
#12927=EDGE_LOOP('',(#12923,#12924,#12925,#12926));
#12928=FACE_OUTER_BOUND('',#12927,.F.);
#12930=CARTESIAN_POINT('',(1.725E0,0.E0,-1.25E1));
#12931=DIRECTION('',(1.E0,0.E0,0.E0));
#12932=DIRECTION('',(0.E0,-1.E0,0.E0));
#12933=AXIS2_PLACEMENT_3D('',#12930,#12931,#12932);
#12934=PLANE('',#12933);
#12936=ORIENTED_EDGE('',*,*,#12935,.T.);
#12938=ORIENTED_EDGE('',*,*,#12937,.T.);
#12940=ORIENTED_EDGE('',*,*,#12939,.F.);
#12941=ORIENTED_EDGE('',*,*,#6639,.F.);
#12942=EDGE_LOOP('',(#12936,#12938,#12940,#12941));
#12943=FACE_OUTER_BOUND('',#12942,.F.);
#12945=CARTESIAN_POINT('',(1.525E0,0.E0,-1.25E1));
#12946=DIRECTION('',(0.E0,1.E0,0.E0));
#12947=DIRECTION('',(1.E0,0.E0,0.E0));
#12948=AXIS2_PLACEMENT_3D('',#12945,#12946,#12947);
#12949=PLANE('',#12948);
#12950=ORIENTED_EDGE('',*,*,#12935,.F.);
#12951=ORIENTED_EDGE('',*,*,#6645,.F.);
#12953=ORIENTED_EDGE('',*,*,#12952,.T.);
#12955=ORIENTED_EDGE('',*,*,#12954,.T.);
#12956=EDGE_LOOP('',(#12950,#12951,#12953,#12955));
#12957=FACE_OUTER_BOUND('',#12956,.F.);
#12959=CARTESIAN_POINT('',(1.525E0,-1.5E-1,-1.25E1));
#12960=DIRECTION('',(-1.E0,0.E0,0.E0));
#12961=DIRECTION('',(0.E0,1.E0,0.E0));
#12962=AXIS2_PLACEMENT_3D('',#12959,#12960,#12961);
#12963=PLANE('',#12962);
#12965=ORIENTED_EDGE('',*,*,#12964,.T.);
#12967=ORIENTED_EDGE('',*,*,#12966,.T.);
#12968=ORIENTED_EDGE('',*,*,#12952,.F.);
#12969=ORIENTED_EDGE('',*,*,#6643,.F.);
#12970=EDGE_LOOP('',(#12965,#12967,#12968,#12969));
#12971=FACE_OUTER_BOUND('',#12970,.F.);
#12973=CARTESIAN_POINT('',(1.725E0,-1.5E-1,-1.25E1));
#12974=DIRECTION('',(0.E0,-1.E0,0.E0));
#12975=DIRECTION('',(-1.E0,0.E0,0.E0));
#12976=AXIS2_PLACEMENT_3D('',#12973,#12974,#12975);
#12977=PLANE('',#12976);
#12978=ORIENTED_EDGE('',*,*,#12939,.T.);
#12980=ORIENTED_EDGE('',*,*,#12979,.T.);
#12981=ORIENTED_EDGE('',*,*,#12964,.F.);
#12982=ORIENTED_EDGE('',*,*,#6641,.F.);
#12983=EDGE_LOOP('',(#12978,#12980,#12981,#12982));
#12984=FACE_OUTER_BOUND('',#12983,.F.);
#12986=CARTESIAN_POINT('',(-1.E0,0.E0,-1.35E1));
#12987=DIRECTION('',(0.E0,0.E0,-1.E0));
#12988=DIRECTION('',(-1.E0,0.E0,0.E0));
#12989=AXIS2_PLACEMENT_3D('',#12986,#12987,#12988);
#12990=PLANE('',#12989);
#12991=ORIENTED_EDGE('',*,*,#12937,.F.);
#12992=ORIENTED_EDGE('',*,*,#12954,.F.);
#12993=ORIENTED_EDGE('',*,*,#12966,.F.);
#12994=ORIENTED_EDGE('',*,*,#12979,.F.);
#12995=EDGE_LOOP('',(#12991,#12992,#12993,#12994));
#12996=FACE_OUTER_BOUND('',#12995,.F.);
#12998=CARTESIAN_POINT('',(1.225E0,0.E0,-1.25E1));
#12999=DIRECTION('',(1.E0,0.E0,0.E0));
#13000=DIRECTION('',(0.E0,-1.E0,0.E0));
#13001=AXIS2_PLACEMENT_3D('',#12998,#12999,#13000);
#13002=PLANE('',#13001);
#13004=ORIENTED_EDGE('',*,*,#13003,.T.);
#13006=ORIENTED_EDGE('',*,*,#13005,.T.);
#13008=ORIENTED_EDGE('',*,*,#13007,.F.);
#13009=ORIENTED_EDGE('',*,*,#6649,.F.);
#13010=EDGE_LOOP('',(#13004,#13006,#13008,#13009));
#13011=FACE_OUTER_BOUND('',#13010,.F.);
#13013=CARTESIAN_POINT('',(1.025E0,0.E0,-1.25E1));
#13014=DIRECTION('',(0.E0,1.E0,0.E0));
#13015=DIRECTION('',(1.E0,0.E0,0.E0));
#13016=AXIS2_PLACEMENT_3D('',#13013,#13014,#13015);
#13017=PLANE('',#13016);
#13018=ORIENTED_EDGE('',*,*,#13003,.F.);
#13019=ORIENTED_EDGE('',*,*,#6655,.F.);
#13021=ORIENTED_EDGE('',*,*,#13020,.T.);
#13023=ORIENTED_EDGE('',*,*,#13022,.T.);
#13024=EDGE_LOOP('',(#13018,#13019,#13021,#13023));
#13025=FACE_OUTER_BOUND('',#13024,.F.);
#13027=CARTESIAN_POINT('',(1.025E0,-1.5E-1,-1.25E1));
#13028=DIRECTION('',(-1.E0,0.E0,0.E0));
#13029=DIRECTION('',(0.E0,1.E0,0.E0));
#13030=AXIS2_PLACEMENT_3D('',#13027,#13028,#13029);
#13031=PLANE('',#13030);
#13033=ORIENTED_EDGE('',*,*,#13032,.T.);
#13035=ORIENTED_EDGE('',*,*,#13034,.T.);
#13036=ORIENTED_EDGE('',*,*,#13020,.F.);
#13037=ORIENTED_EDGE('',*,*,#6653,.F.);
#13038=EDGE_LOOP('',(#13033,#13035,#13036,#13037));
#13039=FACE_OUTER_BOUND('',#13038,.F.);
#13041=CARTESIAN_POINT('',(1.225E0,-1.5E-1,-1.25E1));
#13042=DIRECTION('',(0.E0,-1.E0,0.E0));
#13043=DIRECTION('',(-1.E0,0.E0,0.E0));
#13044=AXIS2_PLACEMENT_3D('',#13041,#13042,#13043);
#13045=PLANE('',#13044);
#13046=ORIENTED_EDGE('',*,*,#13007,.T.);
#13048=ORIENTED_EDGE('',*,*,#13047,.T.);
#13049=ORIENTED_EDGE('',*,*,#13032,.F.);
#13050=ORIENTED_EDGE('',*,*,#6651,.F.);
#13051=EDGE_LOOP('',(#13046,#13048,#13049,#13050));
#13052=FACE_OUTER_BOUND('',#13051,.F.);
#13054=CARTESIAN_POINT('',(-1.5E0,0.E0,-1.35E1));
#13055=DIRECTION('',(0.E0,0.E0,-1.E0));
#13056=DIRECTION('',(-1.E0,0.E0,0.E0));
#13057=AXIS2_PLACEMENT_3D('',#13054,#13055,#13056);
#13058=PLANE('',#13057);
#13059=ORIENTED_EDGE('',*,*,#13005,.F.);
#13060=ORIENTED_EDGE('',*,*,#13022,.F.);
#13061=ORIENTED_EDGE('',*,*,#13034,.F.);
#13062=ORIENTED_EDGE('',*,*,#13047,.F.);
#13063=EDGE_LOOP('',(#13059,#13060,#13061,#13062));
#13064=FACE_OUTER_BOUND('',#13063,.F.);
#13066=CARTESIAN_POINT('',(7.25E-1,0.E0,-1.25E1));
#13067=DIRECTION('',(1.E0,0.E0,0.E0));
#13068=DIRECTION('',(0.E0,-1.E0,0.E0));
#13069=AXIS2_PLACEMENT_3D('',#13066,#13067,#13068);
#13070=PLANE('',#13069);
#13072=ORIENTED_EDGE('',*,*,#13071,.T.);
#13074=ORIENTED_EDGE('',*,*,#13073,.T.);
#13076=ORIENTED_EDGE('',*,*,#13075,.F.);
#13077=ORIENTED_EDGE('',*,*,#6659,.F.);
#13078=EDGE_LOOP('',(#13072,#13074,#13076,#13077));
#13079=FACE_OUTER_BOUND('',#13078,.F.);
#13081=CARTESIAN_POINT('',(5.25E-1,0.E0,-1.25E1));
#13082=DIRECTION('',(0.E0,1.E0,0.E0));
#13083=DIRECTION('',(1.E0,0.E0,0.E0));
#13084=AXIS2_PLACEMENT_3D('',#13081,#13082,#13083);
#13085=PLANE('',#13084);
#13086=ORIENTED_EDGE('',*,*,#13071,.F.);
#13087=ORIENTED_EDGE('',*,*,#6665,.F.);
#13089=ORIENTED_EDGE('',*,*,#13088,.T.);
#13091=ORIENTED_EDGE('',*,*,#13090,.T.);
#13092=EDGE_LOOP('',(#13086,#13087,#13089,#13091));
#13093=FACE_OUTER_BOUND('',#13092,.F.);
#13095=CARTESIAN_POINT('',(5.25E-1,-1.5E-1,-1.25E1));
#13096=DIRECTION('',(-1.E0,0.E0,0.E0));
#13097=DIRECTION('',(0.E0,1.E0,0.E0));
#13098=AXIS2_PLACEMENT_3D('',#13095,#13096,#13097);
#13099=PLANE('',#13098);
#13101=ORIENTED_EDGE('',*,*,#13100,.T.);
#13103=ORIENTED_EDGE('',*,*,#13102,.T.);
#13104=ORIENTED_EDGE('',*,*,#13088,.F.);
#13105=ORIENTED_EDGE('',*,*,#6663,.F.);
#13106=EDGE_LOOP('',(#13101,#13103,#13104,#13105));
#13107=FACE_OUTER_BOUND('',#13106,.F.);
#13109=CARTESIAN_POINT('',(7.25E-1,-1.5E-1,-1.25E1));
#13110=DIRECTION('',(0.E0,-1.E0,0.E0));
#13111=DIRECTION('',(-1.E0,0.E0,0.E0));
#13112=AXIS2_PLACEMENT_3D('',#13109,#13110,#13111);
#13113=PLANE('',#13112);
#13114=ORIENTED_EDGE('',*,*,#13075,.T.);
#13116=ORIENTED_EDGE('',*,*,#13115,.T.);
#13117=ORIENTED_EDGE('',*,*,#13100,.F.);
#13118=ORIENTED_EDGE('',*,*,#6661,.F.);
#13119=EDGE_LOOP('',(#13114,#13116,#13117,#13118));
#13120=FACE_OUTER_BOUND('',#13119,.F.);
#13122=CARTESIAN_POINT('',(-2.E0,0.E0,-1.35E1));
#13123=DIRECTION('',(0.E0,0.E0,-1.E0));
#13124=DIRECTION('',(-1.E0,0.E0,0.E0));
#13125=AXIS2_PLACEMENT_3D('',#13122,#13123,#13124);
#13126=PLANE('',#13125);
#13127=ORIENTED_EDGE('',*,*,#13073,.F.);
#13128=ORIENTED_EDGE('',*,*,#13090,.F.);
#13129=ORIENTED_EDGE('',*,*,#13102,.F.);
#13130=ORIENTED_EDGE('',*,*,#13115,.F.);
#13131=EDGE_LOOP('',(#13127,#13128,#13129,#13130));
#13132=FACE_OUTER_BOUND('',#13131,.F.);
#13134=CARTESIAN_POINT('',(2.25E-1,0.E0,-1.25E1));
#13135=DIRECTION('',(1.E0,0.E0,0.E0));
#13136=DIRECTION('',(0.E0,-1.E0,0.E0));
#13137=AXIS2_PLACEMENT_3D('',#13134,#13135,#13136);
#13138=PLANE('',#13137);
#13140=ORIENTED_EDGE('',*,*,#13139,.T.);
#13142=ORIENTED_EDGE('',*,*,#13141,.T.);
#13144=ORIENTED_EDGE('',*,*,#13143,.F.);
#13145=ORIENTED_EDGE('',*,*,#6669,.F.);
#13146=EDGE_LOOP('',(#13140,#13142,#13144,#13145));
#13147=FACE_OUTER_BOUND('',#13146,.F.);
#13149=CARTESIAN_POINT('',(2.5E-2,0.E0,-1.25E1));
#13150=DIRECTION('',(0.E0,1.E0,0.E0));
#13151=DIRECTION('',(1.E0,0.E0,0.E0));
#13152=AXIS2_PLACEMENT_3D('',#13149,#13150,#13151);
#13153=PLANE('',#13152);
#13154=ORIENTED_EDGE('',*,*,#13139,.F.);
#13155=ORIENTED_EDGE('',*,*,#6675,.F.);
#13157=ORIENTED_EDGE('',*,*,#13156,.T.);
#13159=ORIENTED_EDGE('',*,*,#13158,.T.);
#13160=EDGE_LOOP('',(#13154,#13155,#13157,#13159));
#13161=FACE_OUTER_BOUND('',#13160,.F.);
#13163=CARTESIAN_POINT('',(2.5E-2,-1.5E-1,-1.25E1));
#13164=DIRECTION('',(-1.E0,0.E0,0.E0));
#13165=DIRECTION('',(0.E0,1.E0,0.E0));
#13166=AXIS2_PLACEMENT_3D('',#13163,#13164,#13165);
#13167=PLANE('',#13166);
#13169=ORIENTED_EDGE('',*,*,#13168,.T.);
#13171=ORIENTED_EDGE('',*,*,#13170,.T.);
#13172=ORIENTED_EDGE('',*,*,#13156,.F.);
#13173=ORIENTED_EDGE('',*,*,#6673,.F.);
#13174=EDGE_LOOP('',(#13169,#13171,#13172,#13173));
#13175=FACE_OUTER_BOUND('',#13174,.F.);
#13177=CARTESIAN_POINT('',(2.25E-1,-1.5E-1,-1.25E1));
#13178=DIRECTION('',(0.E0,-1.E0,0.E0));
#13179=DIRECTION('',(-1.E0,0.E0,0.E0));
#13180=AXIS2_PLACEMENT_3D('',#13177,#13178,#13179);
#13181=PLANE('',#13180);
#13182=ORIENTED_EDGE('',*,*,#13143,.T.);
#13184=ORIENTED_EDGE('',*,*,#13183,.T.);
#13185=ORIENTED_EDGE('',*,*,#13168,.F.);
#13186=ORIENTED_EDGE('',*,*,#6671,.F.);
#13187=EDGE_LOOP('',(#13182,#13184,#13185,#13186));
#13188=FACE_OUTER_BOUND('',#13187,.F.);
#13190=CARTESIAN_POINT('',(-2.5E0,0.E0,-1.35E1));
#13191=DIRECTION('',(0.E0,0.E0,-1.E0));
#13192=DIRECTION('',(-1.E0,0.E0,0.E0));
#13193=AXIS2_PLACEMENT_3D('',#13190,#13191,#13192);
#13194=PLANE('',#13193);
#13195=ORIENTED_EDGE('',*,*,#13141,.F.);
#13196=ORIENTED_EDGE('',*,*,#13158,.F.);
#13197=ORIENTED_EDGE('',*,*,#13170,.F.);
#13198=ORIENTED_EDGE('',*,*,#13183,.F.);
#13199=EDGE_LOOP('',(#13195,#13196,#13197,#13198));
#13200=FACE_OUTER_BOUND('',#13199,.F.);
#13202=CARTESIAN_POINT('',(-2.75E-1,0.E0,-1.25E1));
#13203=DIRECTION('',(1.E0,0.E0,0.E0));
#13204=DIRECTION('',(0.E0,-1.E0,0.E0));
#13205=AXIS2_PLACEMENT_3D('',#13202,#13203,#13204);
#13206=PLANE('',#13205);
#13208=ORIENTED_EDGE('',*,*,#13207,.T.);
#13210=ORIENTED_EDGE('',*,*,#13209,.T.);
#13212=ORIENTED_EDGE('',*,*,#13211,.F.);
#13213=ORIENTED_EDGE('',*,*,#6679,.F.);
#13214=EDGE_LOOP('',(#13208,#13210,#13212,#13213));
#13215=FACE_OUTER_BOUND('',#13214,.F.);
#13217=CARTESIAN_POINT('',(-4.75E-1,0.E0,-1.25E1));
#13218=DIRECTION('',(0.E0,1.E0,0.E0));
#13219=DIRECTION('',(1.E0,0.E0,0.E0));
#13220=AXIS2_PLACEMENT_3D('',#13217,#13218,#13219);
#13221=PLANE('',#13220);
#13222=ORIENTED_EDGE('',*,*,#13207,.F.);
#13223=ORIENTED_EDGE('',*,*,#6685,.F.);
#13225=ORIENTED_EDGE('',*,*,#13224,.T.);
#13227=ORIENTED_EDGE('',*,*,#13226,.T.);
#13228=EDGE_LOOP('',(#13222,#13223,#13225,#13227));
#13229=FACE_OUTER_BOUND('',#13228,.F.);
#13231=CARTESIAN_POINT('',(-4.75E-1,-1.5E-1,-1.25E1));
#13232=DIRECTION('',(-1.E0,0.E0,0.E0));
#13233=DIRECTION('',(0.E0,1.E0,0.E0));
#13234=AXIS2_PLACEMENT_3D('',#13231,#13232,#13233);
#13235=PLANE('',#13234);
#13237=ORIENTED_EDGE('',*,*,#13236,.T.);
#13239=ORIENTED_EDGE('',*,*,#13238,.T.);
#13240=ORIENTED_EDGE('',*,*,#13224,.F.);
#13241=ORIENTED_EDGE('',*,*,#6683,.F.);
#13242=EDGE_LOOP('',(#13237,#13239,#13240,#13241));
#13243=FACE_OUTER_BOUND('',#13242,.F.);
#13245=CARTESIAN_POINT('',(-2.75E-1,-1.5E-1,-1.25E1));
#13246=DIRECTION('',(0.E0,-1.E0,0.E0));
#13247=DIRECTION('',(-1.E0,0.E0,0.E0));
#13248=AXIS2_PLACEMENT_3D('',#13245,#13246,#13247);
#13249=PLANE('',#13248);
#13250=ORIENTED_EDGE('',*,*,#13211,.T.);
#13252=ORIENTED_EDGE('',*,*,#13251,.T.);
#13253=ORIENTED_EDGE('',*,*,#13236,.F.);
#13254=ORIENTED_EDGE('',*,*,#6681,.F.);
#13255=EDGE_LOOP('',(#13250,#13252,#13253,#13254));
#13256=FACE_OUTER_BOUND('',#13255,.F.);
#13258=CARTESIAN_POINT('',(-3.E0,0.E0,-1.35E1));
#13259=DIRECTION('',(0.E0,0.E0,-1.E0));
#13260=DIRECTION('',(-1.E0,0.E0,0.E0));
#13261=AXIS2_PLACEMENT_3D('',#13258,#13259,#13260);
#13262=PLANE('',#13261);
#13263=ORIENTED_EDGE('',*,*,#13209,.F.);
#13264=ORIENTED_EDGE('',*,*,#13226,.F.);
#13265=ORIENTED_EDGE('',*,*,#13238,.F.);
#13266=ORIENTED_EDGE('',*,*,#13251,.F.);
#13267=EDGE_LOOP('',(#13263,#13264,#13265,#13266));
#13268=FACE_OUTER_BOUND('',#13267,.F.);
#13270=CARTESIAN_POINT('',(-7.75E-1,0.E0,-1.25E1));
#13271=DIRECTION('',(1.E0,0.E0,0.E0));
#13272=DIRECTION('',(0.E0,-1.E0,0.E0));
#13273=AXIS2_PLACEMENT_3D('',#13270,#13271,#13272);
#13274=PLANE('',#13273);
#13276=ORIENTED_EDGE('',*,*,#13275,.T.);
#13278=ORIENTED_EDGE('',*,*,#13277,.T.);
#13280=ORIENTED_EDGE('',*,*,#13279,.F.);
#13281=ORIENTED_EDGE('',*,*,#6689,.F.);
#13282=EDGE_LOOP('',(#13276,#13278,#13280,#13281));
#13283=FACE_OUTER_BOUND('',#13282,.F.);
#13285=CARTESIAN_POINT('',(-9.75E-1,0.E0,-1.25E1));
#13286=DIRECTION('',(0.E0,1.E0,0.E0));
#13287=DIRECTION('',(1.E0,0.E0,0.E0));
#13288=AXIS2_PLACEMENT_3D('',#13285,#13286,#13287);
#13289=PLANE('',#13288);
#13290=ORIENTED_EDGE('',*,*,#13275,.F.);
#13291=ORIENTED_EDGE('',*,*,#6695,.F.);
#13293=ORIENTED_EDGE('',*,*,#13292,.T.);
#13295=ORIENTED_EDGE('',*,*,#13294,.T.);
#13296=EDGE_LOOP('',(#13290,#13291,#13293,#13295));
#13297=FACE_OUTER_BOUND('',#13296,.F.);
#13299=CARTESIAN_POINT('',(-9.75E-1,-1.5E-1,-1.25E1));
#13300=DIRECTION('',(-1.E0,0.E0,0.E0));
#13301=DIRECTION('',(0.E0,1.E0,0.E0));
#13302=AXIS2_PLACEMENT_3D('',#13299,#13300,#13301);
#13303=PLANE('',#13302);
#13305=ORIENTED_EDGE('',*,*,#13304,.T.);
#13307=ORIENTED_EDGE('',*,*,#13306,.T.);
#13308=ORIENTED_EDGE('',*,*,#13292,.F.);
#13309=ORIENTED_EDGE('',*,*,#6693,.F.);
#13310=EDGE_LOOP('',(#13305,#13307,#13308,#13309));
#13311=FACE_OUTER_BOUND('',#13310,.F.);
#13313=CARTESIAN_POINT('',(-7.75E-1,-1.5E-1,-1.25E1));
#13314=DIRECTION('',(0.E0,-1.E0,0.E0));
#13315=DIRECTION('',(-1.E0,0.E0,0.E0));
#13316=AXIS2_PLACEMENT_3D('',#13313,#13314,#13315);
#13317=PLANE('',#13316);
#13318=ORIENTED_EDGE('',*,*,#13279,.T.);
#13320=ORIENTED_EDGE('',*,*,#13319,.T.);
#13321=ORIENTED_EDGE('',*,*,#13304,.F.);
#13322=ORIENTED_EDGE('',*,*,#6691,.F.);
#13323=EDGE_LOOP('',(#13318,#13320,#13321,#13322));
#13324=FACE_OUTER_BOUND('',#13323,.F.);
#13326=CARTESIAN_POINT('',(-3.5E0,0.E0,-1.35E1));
#13327=DIRECTION('',(0.E0,0.E0,-1.E0));
#13328=DIRECTION('',(-1.E0,0.E0,0.E0));
#13329=AXIS2_PLACEMENT_3D('',#13326,#13327,#13328);
#13330=PLANE('',#13329);
#13331=ORIENTED_EDGE('',*,*,#13277,.F.);
#13332=ORIENTED_EDGE('',*,*,#13294,.F.);
#13333=ORIENTED_EDGE('',*,*,#13306,.F.);
#13334=ORIENTED_EDGE('',*,*,#13319,.F.);
#13335=EDGE_LOOP('',(#13331,#13332,#13333,#13334));
#13336=FACE_OUTER_BOUND('',#13335,.F.);
#13338=CARTESIAN_POINT('',(-1.275E0,0.E0,-1.25E1));
#13339=DIRECTION('',(1.E0,0.E0,0.E0));
#13340=DIRECTION('',(0.E0,-1.E0,0.E0));
#13341=AXIS2_PLACEMENT_3D('',#13338,#13339,#13340);
#13342=PLANE('',#13341);
#13344=ORIENTED_EDGE('',*,*,#13343,.T.);
#13346=ORIENTED_EDGE('',*,*,#13345,.T.);
#13348=ORIENTED_EDGE('',*,*,#13347,.F.);
#13349=ORIENTED_EDGE('',*,*,#6699,.F.);
#13350=EDGE_LOOP('',(#13344,#13346,#13348,#13349));
#13351=FACE_OUTER_BOUND('',#13350,.F.);
#13353=CARTESIAN_POINT('',(-1.475E0,0.E0,-1.25E1));
#13354=DIRECTION('',(0.E0,1.E0,0.E0));
#13355=DIRECTION('',(1.E0,0.E0,0.E0));
#13356=AXIS2_PLACEMENT_3D('',#13353,#13354,#13355);
#13357=PLANE('',#13356);
#13358=ORIENTED_EDGE('',*,*,#13343,.F.);
#13359=ORIENTED_EDGE('',*,*,#6705,.F.);
#13361=ORIENTED_EDGE('',*,*,#13360,.T.);
#13363=ORIENTED_EDGE('',*,*,#13362,.T.);
#13364=EDGE_LOOP('',(#13358,#13359,#13361,#13363));
#13365=FACE_OUTER_BOUND('',#13364,.F.);
#13367=CARTESIAN_POINT('',(-1.475E0,-1.5E-1,-1.25E1));
#13368=DIRECTION('',(-1.E0,0.E0,0.E0));
#13369=DIRECTION('',(0.E0,1.E0,0.E0));
#13370=AXIS2_PLACEMENT_3D('',#13367,#13368,#13369);
#13371=PLANE('',#13370);
#13373=ORIENTED_EDGE('',*,*,#13372,.T.);
#13375=ORIENTED_EDGE('',*,*,#13374,.T.);
#13376=ORIENTED_EDGE('',*,*,#13360,.F.);
#13377=ORIENTED_EDGE('',*,*,#6703,.F.);
#13378=EDGE_LOOP('',(#13373,#13375,#13376,#13377));
#13379=FACE_OUTER_BOUND('',#13378,.F.);
#13381=CARTESIAN_POINT('',(-1.275E0,-1.5E-1,-1.25E1));
#13382=DIRECTION('',(0.E0,-1.E0,0.E0));
#13383=DIRECTION('',(-1.E0,0.E0,0.E0));
#13384=AXIS2_PLACEMENT_3D('',#13381,#13382,#13383);
#13385=PLANE('',#13384);
#13386=ORIENTED_EDGE('',*,*,#13347,.T.);
#13388=ORIENTED_EDGE('',*,*,#13387,.T.);
#13389=ORIENTED_EDGE('',*,*,#13372,.F.);
#13390=ORIENTED_EDGE('',*,*,#6701,.F.);
#13391=EDGE_LOOP('',(#13386,#13388,#13389,#13390));
#13392=FACE_OUTER_BOUND('',#13391,.F.);
#13394=CARTESIAN_POINT('',(-4.E0,0.E0,-1.35E1));
#13395=DIRECTION('',(0.E0,0.E0,-1.E0));
#13396=DIRECTION('',(-1.E0,0.E0,0.E0));
#13397=AXIS2_PLACEMENT_3D('',#13394,#13395,#13396);
#13398=PLANE('',#13397);
#13399=ORIENTED_EDGE('',*,*,#13345,.F.);
#13400=ORIENTED_EDGE('',*,*,#13362,.F.);
#13401=ORIENTED_EDGE('',*,*,#13374,.F.);
#13402=ORIENTED_EDGE('',*,*,#13387,.F.);
#13403=EDGE_LOOP('',(#13399,#13400,#13401,#13402));
#13404=FACE_OUTER_BOUND('',#13403,.F.);
#13406=CARTESIAN_POINT('',(-1.775E0,0.E0,-1.25E1));
#13407=DIRECTION('',(1.E0,0.E0,0.E0));
#13408=DIRECTION('',(0.E0,-1.E0,0.E0));
#13409=AXIS2_PLACEMENT_3D('',#13406,#13407,#13408);
#13410=PLANE('',#13409);
#13412=ORIENTED_EDGE('',*,*,#13411,.T.);
#13414=ORIENTED_EDGE('',*,*,#13413,.T.);
#13416=ORIENTED_EDGE('',*,*,#13415,.F.);
#13417=ORIENTED_EDGE('',*,*,#6709,.F.);
#13418=EDGE_LOOP('',(#13412,#13414,#13416,#13417));
#13419=FACE_OUTER_BOUND('',#13418,.F.);
#13421=CARTESIAN_POINT('',(-1.975E0,0.E0,-1.25E1));
#13422=DIRECTION('',(0.E0,1.E0,0.E0));
#13423=DIRECTION('',(1.E0,0.E0,0.E0));
#13424=AXIS2_PLACEMENT_3D('',#13421,#13422,#13423);
#13425=PLANE('',#13424);
#13426=ORIENTED_EDGE('',*,*,#13411,.F.);
#13427=ORIENTED_EDGE('',*,*,#6715,.F.);
#13429=ORIENTED_EDGE('',*,*,#13428,.T.);
#13431=ORIENTED_EDGE('',*,*,#13430,.T.);
#13432=EDGE_LOOP('',(#13426,#13427,#13429,#13431));
#13433=FACE_OUTER_BOUND('',#13432,.F.);
#13435=CARTESIAN_POINT('',(-1.975E0,-1.5E-1,-1.25E1));
#13436=DIRECTION('',(-1.E0,0.E0,0.E0));
#13437=DIRECTION('',(0.E0,1.E0,0.E0));
#13438=AXIS2_PLACEMENT_3D('',#13435,#13436,#13437);
#13439=PLANE('',#13438);
#13441=ORIENTED_EDGE('',*,*,#13440,.T.);
#13443=ORIENTED_EDGE('',*,*,#13442,.T.);
#13444=ORIENTED_EDGE('',*,*,#13428,.F.);
#13445=ORIENTED_EDGE('',*,*,#6713,.F.);
#13446=EDGE_LOOP('',(#13441,#13443,#13444,#13445));
#13447=FACE_OUTER_BOUND('',#13446,.F.);
#13449=CARTESIAN_POINT('',(-1.775E0,-1.5E-1,-1.25E1));
#13450=DIRECTION('',(0.E0,-1.E0,0.E0));
#13451=DIRECTION('',(-1.E0,0.E0,0.E0));
#13452=AXIS2_PLACEMENT_3D('',#13449,#13450,#13451);
#13453=PLANE('',#13452);
#13454=ORIENTED_EDGE('',*,*,#13415,.T.);
#13456=ORIENTED_EDGE('',*,*,#13455,.T.);
#13457=ORIENTED_EDGE('',*,*,#13440,.F.);
#13458=ORIENTED_EDGE('',*,*,#6711,.F.);
#13459=EDGE_LOOP('',(#13454,#13456,#13457,#13458));
#13460=FACE_OUTER_BOUND('',#13459,.F.);
#13462=CARTESIAN_POINT('',(-4.5E0,0.E0,-1.35E1));
#13463=DIRECTION('',(0.E0,0.E0,-1.E0));
#13464=DIRECTION('',(-1.E0,0.E0,0.E0));
#13465=AXIS2_PLACEMENT_3D('',#13462,#13463,#13464);
#13466=PLANE('',#13465);
#13467=ORIENTED_EDGE('',*,*,#13413,.F.);
#13468=ORIENTED_EDGE('',*,*,#13430,.F.);
#13469=ORIENTED_EDGE('',*,*,#13442,.F.);
#13470=ORIENTED_EDGE('',*,*,#13455,.F.);
#13471=EDGE_LOOP('',(#13467,#13468,#13469,#13470));
#13472=FACE_OUTER_BOUND('',#13471,.F.);
#13474=CARTESIAN_POINT('',(-2.275E0,0.E0,-1.25E1));
#13475=DIRECTION('',(1.E0,0.E0,0.E0));
#13476=DIRECTION('',(0.E0,-1.E0,0.E0));
#13477=AXIS2_PLACEMENT_3D('',#13474,#13475,#13476);
#13478=PLANE('',#13477);
#13480=ORIENTED_EDGE('',*,*,#13479,.T.);
#13482=ORIENTED_EDGE('',*,*,#13481,.T.);
#13484=ORIENTED_EDGE('',*,*,#13483,.F.);
#13485=ORIENTED_EDGE('',*,*,#6719,.F.);
#13486=EDGE_LOOP('',(#13480,#13482,#13484,#13485));
#13487=FACE_OUTER_BOUND('',#13486,.F.);
#13489=CARTESIAN_POINT('',(-2.475E0,0.E0,-1.25E1));
#13490=DIRECTION('',(0.E0,1.E0,0.E0));
#13491=DIRECTION('',(1.E0,0.E0,0.E0));
#13492=AXIS2_PLACEMENT_3D('',#13489,#13490,#13491);
#13493=PLANE('',#13492);
#13494=ORIENTED_EDGE('',*,*,#13479,.F.);
#13495=ORIENTED_EDGE('',*,*,#6725,.F.);
#13497=ORIENTED_EDGE('',*,*,#13496,.T.);
#13499=ORIENTED_EDGE('',*,*,#13498,.T.);
#13500=EDGE_LOOP('',(#13494,#13495,#13497,#13499));
#13501=FACE_OUTER_BOUND('',#13500,.F.);
#13503=CARTESIAN_POINT('',(-2.475E0,-1.5E-1,-1.25E1));
#13504=DIRECTION('',(-1.E0,0.E0,0.E0));
#13505=DIRECTION('',(0.E0,1.E0,0.E0));
#13506=AXIS2_PLACEMENT_3D('',#13503,#13504,#13505);
#13507=PLANE('',#13506);
#13509=ORIENTED_EDGE('',*,*,#13508,.T.);
#13511=ORIENTED_EDGE('',*,*,#13510,.T.);
#13512=ORIENTED_EDGE('',*,*,#13496,.F.);
#13513=ORIENTED_EDGE('',*,*,#6723,.F.);
#13514=EDGE_LOOP('',(#13509,#13511,#13512,#13513));
#13515=FACE_OUTER_BOUND('',#13514,.F.);
#13517=CARTESIAN_POINT('',(-2.275E0,-1.5E-1,-1.25E1));
#13518=DIRECTION('',(0.E0,-1.E0,0.E0));
#13519=DIRECTION('',(-1.E0,0.E0,0.E0));
#13520=AXIS2_PLACEMENT_3D('',#13517,#13518,#13519);
#13521=PLANE('',#13520);
#13522=ORIENTED_EDGE('',*,*,#13483,.T.);
#13524=ORIENTED_EDGE('',*,*,#13523,.T.);
#13525=ORIENTED_EDGE('',*,*,#13508,.F.);
#13526=ORIENTED_EDGE('',*,*,#6721,.F.);
#13527=EDGE_LOOP('',(#13522,#13524,#13525,#13526));
#13528=FACE_OUTER_BOUND('',#13527,.F.);
#13530=CARTESIAN_POINT('',(-5.E0,0.E0,-1.35E1));
#13531=DIRECTION('',(0.E0,0.E0,-1.E0));
#13532=DIRECTION('',(-1.E0,0.E0,0.E0));
#13533=AXIS2_PLACEMENT_3D('',#13530,#13531,#13532);
#13534=PLANE('',#13533);
#13535=ORIENTED_EDGE('',*,*,#13481,.F.);
#13536=ORIENTED_EDGE('',*,*,#13498,.F.);
#13537=ORIENTED_EDGE('',*,*,#13510,.F.);
#13538=ORIENTED_EDGE('',*,*,#13523,.F.);
#13539=EDGE_LOOP('',(#13535,#13536,#13537,#13538));
#13540=FACE_OUTER_BOUND('',#13539,.F.);
#13542=CARTESIAN_POINT('',(-2.775E0,0.E0,-1.25E1));
#13543=DIRECTION('',(1.E0,0.E0,0.E0));
#13544=DIRECTION('',(0.E0,-1.E0,0.E0));
#13545=AXIS2_PLACEMENT_3D('',#13542,#13543,#13544);
#13546=PLANE('',#13545);
#13548=ORIENTED_EDGE('',*,*,#13547,.T.);
#13550=ORIENTED_EDGE('',*,*,#13549,.T.);
#13552=ORIENTED_EDGE('',*,*,#13551,.F.);
#13553=ORIENTED_EDGE('',*,*,#6729,.F.);
#13554=EDGE_LOOP('',(#13548,#13550,#13552,#13553));
#13555=FACE_OUTER_BOUND('',#13554,.F.);
#13557=CARTESIAN_POINT('',(-2.975E0,0.E0,-1.25E1));
#13558=DIRECTION('',(0.E0,1.E0,0.E0));
#13559=DIRECTION('',(1.E0,0.E0,0.E0));
#13560=AXIS2_PLACEMENT_3D('',#13557,#13558,#13559);
#13561=PLANE('',#13560);
#13562=ORIENTED_EDGE('',*,*,#13547,.F.);
#13563=ORIENTED_EDGE('',*,*,#6735,.F.);
#13565=ORIENTED_EDGE('',*,*,#13564,.T.);
#13567=ORIENTED_EDGE('',*,*,#13566,.T.);
#13568=EDGE_LOOP('',(#13562,#13563,#13565,#13567));
#13569=FACE_OUTER_BOUND('',#13568,.F.);
#13571=CARTESIAN_POINT('',(-2.975E0,-1.5E-1,-1.25E1));
#13572=DIRECTION('',(-1.E0,0.E0,0.E0));
#13573=DIRECTION('',(0.E0,1.E0,0.E0));
#13574=AXIS2_PLACEMENT_3D('',#13571,#13572,#13573);
#13575=PLANE('',#13574);
#13577=ORIENTED_EDGE('',*,*,#13576,.T.);
#13579=ORIENTED_EDGE('',*,*,#13578,.T.);
#13580=ORIENTED_EDGE('',*,*,#13564,.F.);
#13581=ORIENTED_EDGE('',*,*,#6733,.F.);
#13582=EDGE_LOOP('',(#13577,#13579,#13580,#13581));
#13583=FACE_OUTER_BOUND('',#13582,.F.);
#13585=CARTESIAN_POINT('',(-2.775E0,-1.5E-1,-1.25E1));
#13586=DIRECTION('',(0.E0,-1.E0,0.E0));
#13587=DIRECTION('',(-1.E0,0.E0,0.E0));
#13588=AXIS2_PLACEMENT_3D('',#13585,#13586,#13587);
#13589=PLANE('',#13588);
#13590=ORIENTED_EDGE('',*,*,#13551,.T.);
#13592=ORIENTED_EDGE('',*,*,#13591,.T.);
#13593=ORIENTED_EDGE('',*,*,#13576,.F.);
#13594=ORIENTED_EDGE('',*,*,#6731,.F.);
#13595=EDGE_LOOP('',(#13590,#13592,#13593,#13594));
#13596=FACE_OUTER_BOUND('',#13595,.F.);
#13598=CARTESIAN_POINT('',(-5.5E0,0.E0,-1.35E1));
#13599=DIRECTION('',(0.E0,0.E0,-1.E0));
#13600=DIRECTION('',(-1.E0,0.E0,0.E0));
#13601=AXIS2_PLACEMENT_3D('',#13598,#13599,#13600);
#13602=PLANE('',#13601);
#13603=ORIENTED_EDGE('',*,*,#13549,.F.);
#13604=ORIENTED_EDGE('',*,*,#13566,.F.);
#13605=ORIENTED_EDGE('',*,*,#13578,.F.);
#13606=ORIENTED_EDGE('',*,*,#13591,.F.);
#13607=EDGE_LOOP('',(#13603,#13604,#13605,#13606));
#13608=FACE_OUTER_BOUND('',#13607,.F.);
#13614=PLANE_ANGLE_MEASURE_WITH_UNIT(PLANE_ANGLE_MEASURE(1.745329251994E-2),
#13613);
#13615=(CONVERSION_BASED_UNIT('DEGREE',#13614)NAMED_UNIT(*)PLANE_ANGLE_UNIT());
#13617=UNCERTAINTY_MEASURE_WITH_UNIT(LENGTH_MEASURE(1.E-3),#13612,
'distance_accuracy_value',
'Maximum model space distance between geometric entities at asserted connectivities');
#13620=APPLICATION_CONTEXT('automotive_design');
#13621=APPLICATION_PROTOCOL_DEFINITION('international standard',
'automotive_design',2001,#13620);
#13622=PRODUCT_DEFINITION_CONTEXT('part definition',#13620,'design');
#13623=PRODUCT_CONTEXT('',#13620,'mechanical');
#13624=PRODUCT('C-2495698-1','C-2495698-1','NOT SPECIFIED',(#13623));
#13625=PRODUCT_DEFINITION_FORMATION('1','LAST_VERSION',#13624);
#13633=DERIVED_UNIT_ELEMENT(#13632,2.E0);
#13634=DERIVED_UNIT((#13633));
#13635=MEASURE_REPRESENTATION_ITEM('surface area measure',AREA_MEASURE(
5.032057518961E2),#13634);
#13640=DERIVED_UNIT_ELEMENT(#13639,3.E0);
#13641=DERIVED_UNIT((#13640));
#13642=MEASURE_REPRESENTATION_ITEM('volume measure',VOLUME_MEASURE(
2.541126244907E2),#13641);
#13646=CARTESIAN_POINT('centre point',(-3.685129013224E-6,6.867468805472E-2,
-7.922733097295E0));
#13651=DERIVED_UNIT_ELEMENT(#13650,2.E0);
#13652=DERIVED_UNIT((#13651));
#13653=MEASURE_REPRESENTATION_ITEM('surface area measure',AREA_MEASURE(
5.032057518961E2),#13652);
#13658=DERIVED_UNIT_ELEMENT(#13657,3.E0);
#13659=DERIVED_UNIT((#13658));
#13660=MEASURE_REPRESENTATION_ITEM('volume measure',VOLUME_MEASURE(
2.541126244907E2),#13659);
#13664=CARTESIAN_POINT('centre point',(-3.685129013224E-6,6.867468805472E-2,
-7.922733097295E0));
#13669=PRODUCT_RELATED_PRODUCT_CATEGORY('part','',(#13624));
#1=DRAUGHTING_PRE_DEFINED_COLOUR('black');
#2=COLOUR_RGB('',0.E0,0.E0,3.6E-1);
#3=COLOUR_RGB('',0.E0,0.E0,4.8E-1);
#4=DRAUGHTING_PRE_DEFINED_COLOUR('blue');
#5=COLOUR_RGB('',0.E0,5.8824E-2,4.58824E-1);
#6=COLOUR_RGB('',0.E0,1.80392E-1,4.78431E-1);
#7=COLOUR_RGB('',0.E0,3.6E-1,9.E-2);
#8=COLOUR_RGB('',0.E0,3.6E-1,2.7E-1);
#9=COLOUR_RGB('',0.E0,5.6E-1,6.4E-1);
#10=COLOUR_RGB('',0.E0,5.8E-1,8.E-1);
#11=COLOUR_RGB('',0.E0,7.1E-1,6.6E-1);
#12=COLOUR_RGB('',0.E0,7.13E-1,0.E0);
#13=COLOUR_RGB('',0.E0,9.5E-1,8.4E-1);
#14=DRAUGHTING_PRE_DEFINED_COLOUR('green');
#15=DRAUGHTING_PRE_DEFINED_COLOUR('cyan');
#16=COLOUR_RGB('',1.1765E-2,1.9608E-2,3.9216E-2);
#17=COLOUR_RGB('',4.E-2,0.E0,1.6E-1);
#18=COLOUR_RGB('',3.9216E-2,2.19608E-1,1.21569E-1);
#19=COLOUR_RGB('',3.9216E-2,3.60784E-1,2.E-1);
#20=COLOUR_RGB('',5.098E-2,7.0588E-2,1.01961E-1);
#21=COLOUR_RGB('',9.E-2,0.E0,1.2E-1);
#22=COLOUR_RGB('',9.0196E-2,1.60784E-1,1.09804E-1);
#23=COLOUR_RGB('',9.0196E-2,3.80392E-1,6.70588E-1);
#24=COLOUR_RGB('',1.E-1,0.E0,2.5E-1);
#25=COLOUR_RGB('',1.01961E-1,4.78431E-1,3.88235E-1);
#26=COLOUR_RGB('',1.09804E-1,1.4902E-1,9.0196E-2);
#27=COLOUR_RGB('',1.4902E-1,3.09804E-1,5.29412E-1);
#28=COLOUR_RGB('',1.4902E-1,4.E-1,1.60784E-1);
#29=COLOUR_RGB('',1.6E-1,3.2E-2,0.E0);
#30=COLOUR_RGB('',1.60784E-1,4.5098E-1,7.21569E-1);
#31=COLOUR_RGB('',1.6E-1,4.6E-1,6.5E-1);
#32=COLOUR_RGB('',1.6E-1,1.E0,1.6E-1);
#33=COLOUR_RGB('',2.E-1,3.2E-2,0.E0);
#34=COLOUR_RGB('',2.11765E-1,4.11765E-1,1.4902E-1);
#35=COLOUR_RGB('',2.39216E-1,2.39216E-1,2.31373E-1);
#36=COLOUR_RGB('',2.39216E-1,2.70588E-1,1.80392E-1);
#37=COLOUR_RGB('',2.5098E-1,2.90196E-1,3.29412E-1);
#38=COLOUR_RGB('',2.90196E-1,4.31373E-1,2.E-1);
#39=COLOUR_RGB('',3.1E-1,3.1E-1,5.6E-1);
#40=COLOUR_RGB('',3.09804E-1,6.58824E-1,2.E-1);
#41=COLOUR_RGB('',3.2E-1,1.5E-1,0.E0);
#42=COLOUR_RGB('',3.60784E-1,3.1373E-2,1.68627E-1);
#43=COLOUR_RGB('',3.68627E-1,2.E-1,1.21569E-1);
#44=COLOUR_RGB('',3.88235E-1,2.39216E-1,6.11765E-1);
#45=COLOUR_RGB('',4.E-1,4.E-1,4.E-1);
#46=COLOUR_RGB('',4.11765E-1,5.8824E-2,7.8431E-2);
#47=COLOUR_RGB('',4.11765E-1,3.29412E-1,2.19608E-1);
#48=COLOUR_RGB('',4.2E-1,4.2E-1,1.E0);
#49=COLOUR_RGB('',4.4E-1,8.5E-1,1.E0);
#50=COLOUR_RGB('',4.58824E-1,4.5098E-1,3.09804E-1);
#51=COLOUR_RGB('',4.70588E-1,5.09804E-1,5.4902E-1);
#52=COLOUR_RGB('',4.78431E-1,4.90196E-1,4.58824E-1);
#53=COLOUR_RGB('',4.90196E-1,3.60784E-1,2.19608E-1);
#54=COLOUR_RGB('',4.9E-1,4.9E-1,0.E0);
#55=COLOUR_RGB('',4.9E-1,1.E0,0.E0);
#56=COLOUR_RGB('',5.E-1,0.E0,0.E0);
#57=COLOUR_RGB('',5.E-1,0.E0,2.3E-1);
#58=COLOUR_RGB('',5.E-1,5.E-1,5.E-1);
#59=COLOUR_RGB('',5.21569E-1,2.19608E-1,1.68627E-1);
#60=COLOUR_RGB('',5.3E-1,0.E0,0.E0);
#61=COLOUR_RGB('',5.29412E-1,5.80392E-1,6.5098E-1);
#62=COLOUR_RGB('',5.4E-1,0.E0,4.4E-1);
#63=COLOUR_RGB('',5.5E-1,3.E-1,0.E0);
#64=COLOUR_RGB('',5.6E-1,1.E-1,5.E-2);
#65=COLOUR_RGB('',5.60784E-1,5.80392E-1,6.19608E-1);
#66=COLOUR_RGB('',5.68627E-1,5.8824E-2,4.E-1);
#67=COLOUR_RGB('',5.8E-1,2.2E-1,1.E-2);
#68=COLOUR_RGB('',5.88235E-1,1.21569E-1,1.09804E-1);
#69=COLOUR_RGB('',6.E-1,6.E-1,6.E-1);
#70=COLOUR_RGB('',6.11765E-1,5.60784E-1,3.80392E-1);
#71=COLOUR_RGB('',6.11765E-1,6.11765E-1,6.5098E-1);
#72=COLOUR_RGB('',6.2E-1,0.E0,5.5E-1);
#73=COLOUR_RGB('',6.19608E-1,6.39216E-1,6.90196E-1);
#74=COLOUR_RGB('',6.35294E-1,6.86275E-1,7.4902E-1);
#75=COLOUR_RGB('',6.4E-1,0.E0,2.5E-1);
#76=COLOUR_RGB('',6.4E-1,1.E-2,0.E0);
#77=COLOUR_RGB('',6.39216E-1,5.4902E-1,4.78431E-1);
#78=COLOUR_RGB('',6.5098E-1,6.70588E-1,7.09804E-1);
#79=COLOUR_RGB('',6.70588E-1,1.21569E-1,1.09804E-1);
#80=COLOUR_RGB('',6.78431E-1,4.78431E-1,3.09804E-1);
#81=COLOUR_RGB('',6.8E-1,7.5E-1,1.E0);
#82=COLOUR_RGB('',7.09804E-1,7.0588E-2,2.E-1);
#83=COLOUR_RGB('',7.1E-1,3.1E-1,0.E0);
#84=COLOUR_RGB('',7.2E-1,7.2E-1,7.2E-1);
#85=COLOUR_RGB('',7.29412E-1,7.41176E-1,7.29412E-1);
#86=COLOUR_RGB('',7.41176E-1,7.29412E-1,6.70588E-1);
#87=COLOUR_RGB('',7.4E-1,1.E0,2.6E-1);
#88=COLOUR_RGB('',7.5E-1,3.E-2,0.E0);
#89=COLOUR_RGB('',7.4902E-1,8.90196E-1,7.29412E-1);
#90=COLOUR_RGB('',7.6E-1,0.E0,4.7E-1);
#91=COLOUR_RGB('',7.80392E-1,9.0196E-2,7.0588E-2);
#92=COLOUR_RGB('',7.88235E-1,2.19608E-1,5.4902E-1);
#93=COLOUR_RGB('',8.1E-1,4.E-2,0.E0);
#94=COLOUR_RGB('',8.1E-1,6.1E-1,0.E0);
#95=COLOUR_RGB('',8.2E-1,4.E-2,6.6E-1);
#96=COLOUR_RGB('',8.31373E-1,8.5098E-1,8.58824E-1);
#97=COLOUR_RGB('',8.5098E-1,7.29412E-1,5.4902E-1);
#98=COLOUR_RGB('',8.5E-1,8.5E-1,8.5E-1);
#99=COLOUR_RGB('',8.78431E-1,3.68627E-1,1.21569E-1);
#100=COLOUR_RGB('',8.784E-1,9.49E-1,1.E0);
#101=COLOUR_RGB('',8.90196E-1,5.88235E-1,1.41176E-1);
#102=COLOUR_RGB('',9.E-1,1.E0,0.E0);
#103=COLOUR_RGB('',9.09804E-1,6.11765E-1,7.09804E-1);
#104=COLOUR_RGB('',9.37E-1,7.85E-1,0.E0);
#105=COLOUR_RGB('',9.41176E-1,9.29412E-1,9.01961E-1);
#106=COLOUR_RGB('',9.5E-1,2.2E-1,8.1E-1);
#107=COLOUR_RGB('',9.6E-1,3.7E-1,3.E-1);
#108=COLOUR_RGB('',9.6E-1,7.1E-1,3.75E-1);
#109=COLOUR_RGB('',9.80392E-1,1.E0,1.E0);
#110=COLOUR_RGB('',9.88235E-1,1.09804E-1,7.8431E-2);
#111=COLOUR_RGB('',9.88235E-1,7.21569E-1,1.29412E-1);
#112=COLOUR_RGB('',9.88235E-1,9.21569E-1,8.E-1);
#113=DRAUGHTING_PRE_DEFINED_COLOUR('red');
#114=COLOUR_RGB('',1.E0,0.E0,6.1E-1);
#115=COLOUR_RGB('',1.E0,4.E-2,0.E0);
#116=COLOUR_RGB('',1.E0,2.3E-1,0.E0);
#117=COLOUR_RGB('',1.E0,3.5E-1,5.2E-1);
#118=COLOUR_RGB('',1.E0,3.6E-1,0.E0);
#119=COLOUR_RGB('',1.E0,3.88235E-1,2.11765E-1);
#120=COLOUR_RGB('',1.E0,4.9E-1,3.7E-1);
#121=COLOUR_RGB('',1.E0,5.E-1,0.E0);
#122=COLOUR_RGB('',1.E0,5.6E-1,7.8E-1);
#123=COLOUR_RGB('',1.E0,6.4E-1,4.9E-1);
#124=COLOUR_RGB('',1.E0,6.7E-1,0.E0);
#125=COLOUR_RGB('',1.E0,7.6E-1,6.5E-1);
#126=COLOUR_RGB('',1.E0,8.39216E-1,3.01961E-1);
#127=COLOUR_RGB('',1.E0,8.6E-1,4.E-2);
#128=COLOUR_RGB('',1.E0,9.60784E-1,2.58824E-1);
#129=COLOUR_RGB('',1.E0,9.60784E-1,8.90196E-1);
#130=COLOUR_RGB('',1.E0,9.8E-1,7.2E-1);
#131=DRAUGHTING_PRE_DEFINED_COLOUR('yellow');
#132=COLOUR_RGB('',1.E0,1.E0,3.9216E-2);
#133=DRAUGHTING_PRE_DEFINED_COLOUR('white');
#142=CIRCLE('',#141,4.E-1);
#151=CIRCLE('',#150,4.E-1);
#164=CIRCLE('',#163,4.E-1);
#173=CIRCLE('',#172,4.E-1);
#206=CIRCLE('',#205,5.E-1);
#215=CIRCLE('',#214,5.E-1);
#416=CIRCLE('',#415,1.5E-1);
#421=CIRCLE('',#420,1.5E-1);
#426=CIRCLE('',#425,1.5E-1);
#435=CIRCLE('',#434,1.5E-1);
#456=CIRCLE('',#455,4.E-1);
#473=CIRCLE('',#472,6.E-1);
#490=CIRCLE('',#489,6.E-1);
#507=CIRCLE('',#506,4.E-1);
#516=CIRCLE('',#515,2.E-1);
#521=CIRCLE('',#520,2.E-1);
#546=CIRCLE('',#545,2.E-1);
#551=CIRCLE('',#550,2.E-1);
#571=B_SPLINE_CURVE_WITH_KNOTS('',3,(#560,#561,#562,#563,#564,#565,#566,#567,
#568,#569,#570),.UNSPECIFIED.,.F.,.F.,(4,1,1,1,1,1,1,1,4),(0.E0,1.25E-1,2.5E-1,
3.75E-1,5.E-1,6.25E-1,7.5E-1,8.75E-1,1.E0),.UNSPECIFIED.);
#585=B_SPLINE_CURVE_WITH_KNOTS('',3,(#572,#573,#574,#575,#576,#577,#578,#579,
#580,#581,#582,#583,#584),.UNSPECIFIED.,.F.,.F.,(4,1,1,1,1,1,1,1,1,1,4),(0.E0,
1.E-1,2.E-1,3.E-1,4.E-1,5.E-1,6.E-1,7.E-1,8.E-1,9.E-1,1.E0),.UNSPECIFIED.);
#626=CIRCLE('',#625,4.E-1);
#635=CIRCLE('',#634,4.E-1);
#644=CIRCLE('',#643,2.E-1);
#653=CIRCLE('',#652,2.E-1);
#686=CIRCLE('',#685,4.E-1);
#702=B_SPLINE_CURVE_WITH_KNOTS('',3,(#691,#692,#693,#694,#695,#696,#697,#698,
#699,#700,#701),.UNSPECIFIED.,.F.,.F.,(4,1,1,1,1,1,1,1,4),(0.E0,1.25E-1,2.5E-1,
3.75E-1,5.E-1,6.25E-1,7.5E-1,8.75E-1,1.E0),.UNSPECIFIED.);
#716=B_SPLINE_CURVE_WITH_KNOTS('',3,(#703,#704,#705,#706,#707,#708,#709,#710,
#711,#712,#713,#714,#715),.UNSPECIFIED.,.F.,.F.,(4,1,1,1,1,1,1,1,1,1,4),(0.E0,
1.E-1,2.E-1,3.E-1,4.E-1,5.E-1,6.E-1,7.E-1,8.E-1,9.E-1,1.E0),.UNSPECIFIED.);
#745=CIRCLE('',#744,1.5E-1);
#758=CIRCLE('',#757,1.5E-1);
#779=CIRCLE('',#778,4.E-1);
#788=CIRCLE('',#787,6.E-1);
#801=CIRCLE('',#800,6.E-1);
#810=CIRCLE('',#809,4.E-1);
#819=CIRCLE('',#818,1.38E0);
#828=CIRCLE('',#827,1.38E0);
#837=CIRCLE('',#836,1.38E0);
#846=CIRCLE('',#845,1.38E0);
#855=CIRCLE('',#854,1.38E0);
#860=CIRCLE('',#859,1.38E0);
#885=CIRCLE('',#884,1.38E0);
#894=CIRCLE('',#893,1.38E0);
#899=CIRCLE('',#898,1.2E0);
#904=CIRCLE('',#903,1.2E0);
#913=CIRCLE('',#912,1.2E0);
#918=CIRCLE('',#917,3.E-1);
#925=B_SPLINE_CURVE_WITH_KNOTS('',3,(#919,#920,#921,#922,#923,#924),
.UNSPECIFIED.,.F.,.F.,(4,1,1,4),(0.E0,3.333333333333E-1,6.666666666667E-1,1.E0),
.UNSPECIFIED.);
#936=B_SPLINE_CURVE_WITH_KNOTS('',3,(#930,#931,#932,#933,#934,#935),
.UNSPECIFIED.,.F.,.F.,(4,1,1,4),(0.E0,3.333333333333E-1,6.666666666667E-1,1.E0),
.UNSPECIFIED.);
#945=CIRCLE('',#944,3.E-1);
#950=CIRCLE('',#949,1.2E0);
#955=CIRCLE('',#954,1.2E0);
#960=CIRCLE('',#959,1.2E0);
#969=CIRCLE('',#968,3.E-1);
#976=B_SPLINE_CURVE_WITH_KNOTS('',3,(#970,#971,#972,#973,#974,#975),
.UNSPECIFIED.,.F.,.F.,(4,1,1,4),(0.E0,3.333333333333E-1,6.666666666667E-1,1.E0),
.UNSPECIFIED.);
#987=B_SPLINE_CURVE_WITH_KNOTS('',3,(#981,#982,#983,#984,#985,#986),
.UNSPECIFIED.,.F.,.F.,(4,1,1,4),(0.E0,3.333333333333E-1,6.666666666667E-1,1.E0),
.UNSPECIFIED.);
#1007=B_SPLINE_CURVE_WITH_KNOTS('',3,(#992,#993,#994,#995,#996,#997,#998,#999,
#1000,#1001,#1002,#1003,#1004,#1005,#1006),.UNSPECIFIED.,.F.,.F.,(4,1,1,1,1,1,1,
1,1,1,1,1,4),(0.E0,8.333333333333E-2,1.666666666667E-1,2.5E-1,3.333333333333E-1,
4.166666666667E-1,5.E-1,5.833333333333E-1,6.666666666667E-1,7.5E-1,
8.333333333333E-1,9.166666666667E-1,1.E0),.UNSPECIFIED.);
#1029=B_SPLINE_CURVE_WITH_KNOTS('',3,(#1012,#1013,#1014,#1015,#1016,#1017,#1018,
#1019,#1020,#1021,#1022,#1023,#1024,#1025,#1026,#1027,#1028),.UNSPECIFIED.,.F.,
.F.,(4,1,1,1,1,1,1,1,1,1,1,1,1,1,4),(0.E0,7.142857142857E-2,1.428571428571E-1,
2.142857142857E-1,2.857142857143E-1,3.571428571429E-1,4.285714285714E-1,5.E-1,
5.714285714286E-1,6.428571428571E-1,7.142857142857E-1,7.857142857143E-1,
8.571428571429E-1,9.285714285714E-1,1.E0),.UNSPECIFIED.);
#1050=B_SPLINE_CURVE_WITH_KNOTS('',3,(#1030,#1031,#1032,#1033,#1034,#1035,#1036,
#1037,#1038,#1039,#1040,#1041,#1042,#1043,#1044,#1045,#1046,#1047,#1048,#1049),
.UNSPECIFIED.,.F.,.F.,(4,1,1,1,1,1,1,1,1,1,1,1,1,1,1,1,1,4),(0.E0,
9.878226717684E-4,6.803830651089E-2,1.347669236125E-1,2.012795413752E-1,
2.673401132225E-1,3.337619002582E-1,4.002385256536E-1,4.666122728250E-1,
5.328677326302E-1,5.990797796254E-1,6.653151613688E-1,7.316140543632E-1,
7.977839663567E-1,8.645982558354E-1,9.317006274777E-1,9.990617277515E-1,1.E0),
.UNSPECIFIED.);
#1075=B_SPLINE_CURVE_WITH_KNOTS('',3,(#1055,#1056,#1057,#1058,#1059,#1060,#1061,
#1062,#1063,#1064,#1065,#1066,#1067,#1068,#1069,#1070,#1071,#1072,#1073,#1074),
.UNSPECIFIED.,.F.,.F.,(4,1,1,1,1,1,1,1,1,1,1,1,1,1,1,1,1,4),(0.E0,
9.878088854060E-4,6.803829190951E-2,1.347669089030E-1,2.012795284520E-1,
2.673401037008E-1,3.337618941017E-1,4.002385221577E-1,4.666122719081E-1,
5.328677342894E-1,5.990797838077E-1,6.653151680529E-1,7.316140641458E-1,
7.977839792652E-1,8.645982703748E-1,9.317006419180E-1,9.990617415191E-1,1.E0),
.UNSPECIFIED.);
#1084=CIRCLE('',#1083,4.5E-1);
#1093=CIRCLE('',#1092,4.5E-1);
#1102=CIRCLE('',#1101,4.5E-1);
#1111=CIRCLE('',#1110,4.5E-1);
#1130=B_SPLINE_CURVE_WITH_KNOTS('',3,(#1116,#1117,#1118,#1119,#1120,#1121,#1122,
#1123,#1124,#1125,#1126,#1127,#1128,#1129),.UNSPECIFIED.,.F.,.F.,(4,1,1,1,1,1,1,
1,1,1,1,4),(0.E0,9.090909090909E-2,1.818181818182E-1,2.727272727273E-1,
3.636363636364E-1,4.545454545455E-1,5.454545454545E-1,6.363636363636E-1,
7.272727272727E-1,8.181818181818E-1,9.090909090909E-1,1.E0),.UNSPECIFIED.);
#1152=B_SPLINE_CURVE_WITH_KNOTS('',3,(#1135,#1136,#1137,#1138,#1139,#1140,#1141,
#1142,#1143,#1144,#1145,#1146,#1147,#1148,#1149,#1150,#1151),.UNSPECIFIED.,.F.,
.F.,(4,1,1,1,1,1,1,1,1,1,1,1,1,1,4),(0.E0,7.142857142857E-2,1.428571428571E-1,
2.142857142857E-1,2.857142857143E-1,3.571428571429E-1,4.285714285714E-1,5.E-1,
5.714285714286E-1,6.428571428571E-1,7.142857142857E-1,7.857142857143E-1,
8.571428571429E-1,9.285714285714E-1,1.E0),.UNSPECIFIED.);
#1157=CIRCLE('',#1156,3.E-1);
#1162=CIRCLE('',#1161,3.E-1);
#1189=B_SPLINE_CURVE_WITH_KNOTS('',3,(#1183,#1184,#1185,#1186,#1187,#1188),
.UNSPECIFIED.,.F.,.F.,(4,1,1,4),(0.E0,3.333333333333E-1,6.666666666667E-1,1.E0),
.UNSPECIFIED.);
#1194=CIRCLE('',#1193,3.5E-1);
#1199=CIRCLE('',#1198,3.5E-1);
#1240=CIRCLE('',#1239,1.3E-1);
#1269=CIRCLE('',#1268,1.3E-1);
#1350=CIRCLE('',#1349,2.9E-1);
#1355=CIRCLE('',#1354,2.9E-1);
#1376=CIRCLE('',#1375,1.3E-1);
#1397=CIRCLE('',#1396,1.3E-1);
#1442=CIRCLE('',#1441,2.9E-1);
#1447=CIRCLE('',#1446,2.9E-1);
#1672=B_SPLINE_CURVE_WITH_KNOTS('',3,(#1668,#1669,#1670,#1671),.UNSPECIFIED.,
.F.,.F.,(4,4),(0.E0,1.E0),.UNSPECIFIED.);
#1677=B_SPLINE_CURVE_WITH_KNOTS('',3,(#1673,#1674,#1675,#1676),.UNSPECIFIED.,
.F.,.F.,(4,4),(0.E0,1.E0),.UNSPECIFIED.);
#1682=CIRCLE('',#1681,3.5E-1);
#1691=CIRCLE('',#1690,3.5E-1);
#1708=B_SPLINE_CURVE_WITH_KNOTS('',3,(#1704,#1705,#1706,#1707),.UNSPECIFIED.,
.F.,.F.,(4,4),(0.E0,1.E0),.UNSPECIFIED.);
#1713=B_SPLINE_CURVE_WITH_KNOTS('',3,(#1709,#1710,#1711,#1712),.UNSPECIFIED.,
.F.,.F.,(4,4),(0.E0,1.E0),.UNSPECIFIED.);
#1922=CIRCLE('',#1921,1.5E-1);
#1927=CIRCLE('',#1926,2.75E-1);
#1940=CIRCLE('',#1939,2.75E-1);
#1945=CIRCLE('',#1944,1.5E-1);
#1958=CIRCLE('',#1957,2.75E-1);
#1963=CIRCLE('',#1962,1.5E-1);
#1976=CIRCLE('',#1975,1.5E-1);
#1981=CIRCLE('',#1980,2.75E-1);
#2018=CIRCLE('',#2017,1.5E-1);
#2023=CIRCLE('',#2022,2.75E-1);
#2036=CIRCLE('',#2035,2.75E-1);
#2041=CIRCLE('',#2040,1.5E-1);
#2054=CIRCLE('',#2053,2.75E-1);
#2059=CIRCLE('',#2058,1.5E-1);
#2072=CIRCLE('',#2071,1.5E-1);
#2077=CIRCLE('',#2076,2.75E-1);
#2114=CIRCLE('',#2113,1.5E-1);
#2119=CIRCLE('',#2118,2.75E-1);
#2132=CIRCLE('',#2131,2.75E-1);
#2137=CIRCLE('',#2136,1.5E-1);
#2150=CIRCLE('',#2149,2.75E-1);
#2155=CIRCLE('',#2154,1.5E-1);
#2168=CIRCLE('',#2167,1.5E-1);
#2173=CIRCLE('',#2172,2.75E-1);
#2210=CIRCLE('',#2209,1.5E-1);
#2215=CIRCLE('',#2214,2.75E-1);
#2228=CIRCLE('',#2227,2.75E-1);
#2233=CIRCLE('',#2232,1.5E-1);
#2246=CIRCLE('',#2245,2.75E-1);
#2251=CIRCLE('',#2250,1.5E-1);
#2264=CIRCLE('',#2263,1.5E-1);
#2269=CIRCLE('',#2268,2.75E-1);
#2306=CIRCLE('',#2305,1.5E-1);
#2311=CIRCLE('',#2310,2.75E-1);
#2324=CIRCLE('',#2323,2.75E-1);
#2329=CIRCLE('',#2328,1.5E-1);
#2342=CIRCLE('',#2341,2.75E-1);
#2347=CIRCLE('',#2346,1.5E-1);
#2360=CIRCLE('',#2359,1.5E-1);
#2365=CIRCLE('',#2364,2.75E-1);
#2402=CIRCLE('',#2401,1.5E-1);
#2407=CIRCLE('',#2406,2.75E-1);
#2420=CIRCLE('',#2419,2.75E-1);
#2425=CIRCLE('',#2424,1.5E-1);
#2438=CIRCLE('',#2437,2.75E-1);
#2443=CIRCLE('',#2442,1.5E-1);
#2456=CIRCLE('',#2455,1.5E-1);
#2461=CIRCLE('',#2460,2.75E-1);
#2498=CIRCLE('',#2497,1.5E-1);
#2503=CIRCLE('',#2502,2.75E-1);
#2516=CIRCLE('',#2515,2.75E-1);
#2521=CIRCLE('',#2520,1.5E-1);
#2534=CIRCLE('',#2533,2.75E-1);
#2539=CIRCLE('',#2538,1.5E-1);
#2552=CIRCLE('',#2551,1.5E-1);
#2557=CIRCLE('',#2556,2.75E-1);
#2594=CIRCLE('',#2593,1.5E-1);
#2599=CIRCLE('',#2598,2.75E-1);
#2612=CIRCLE('',#2611,2.75E-1);
#2617=CIRCLE('',#2616,1.5E-1);
#2630=CIRCLE('',#2629,2.75E-1);
#2635=CIRCLE('',#2634,1.5E-1);
#2648=CIRCLE('',#2647,1.5E-1);
#2653=CIRCLE('',#2652,2.75E-1);
#2690=CIRCLE('',#2689,1.5E-1);
#2695=CIRCLE('',#2694,2.75E-1);
#2708=CIRCLE('',#2707,2.75E-1);
#2713=CIRCLE('',#2712,1.5E-1);
#2726=CIRCLE('',#2725,2.75E-1);
#2731=CIRCLE('',#2730,1.5E-1);
#2744=CIRCLE('',#2743,1.5E-1);
#2749=CIRCLE('',#2748,2.75E-1);
#2786=CIRCLE('',#2785,1.5E-1);
#2791=CIRCLE('',#2790,2.75E-1);
#2804=CIRCLE('',#2803,2.75E-1);
#2809=CIRCLE('',#2808,1.5E-1);
#2822=CIRCLE('',#2821,2.75E-1);
#2827=CIRCLE('',#2826,1.5E-1);
#2840=CIRCLE('',#2839,1.5E-1);
#2845=CIRCLE('',#2844,2.75E-1);
#2882=CIRCLE('',#2881,1.5E-1);
#2887=CIRCLE('',#2886,2.75E-1);
#2900=CIRCLE('',#2899,2.75E-1);
#2905=CIRCLE('',#2904,1.5E-1);
#2918=CIRCLE('',#2917,2.75E-1);
#2923=CIRCLE('',#2922,1.5E-1);
#2936=CIRCLE('',#2935,1.5E-1);
#2941=CIRCLE('',#2940,2.75E-1);
#2978=CIRCLE('',#2977,1.5E-1);
#2983=CIRCLE('',#2982,2.75E-1);
#2996=CIRCLE('',#2995,2.75E-1);
#3001=CIRCLE('',#3000,1.5E-1);
#3014=CIRCLE('',#3013,2.75E-1);
#3019=CIRCLE('',#3018,1.5E-1);
#3032=CIRCLE('',#3031,1.5E-1);
#3037=CIRCLE('',#3036,2.75E-1);
#3070=CIRCLE('',#3069,3.5E-1);
#3079=CIRCLE('',#3078,3.5E-1);
#3160=CIRCLE('',#3159,2.E-1);
#3169=CIRCLE('',#3168,2.E-1);
#3174=CIRCLE('',#3173,2.E-1);
#3179=CIRCLE('',#3178,2.E-1);
#3188=CIRCLE('',#3187,2.E-1);
#3197=CIRCLE('',#3196,2.E-1);
#3318=CIRCLE('',#3317,2.E-1);
#3323=CIRCLE('',#3322,2.E-1);
#3332=CIRCLE('',#3331,2.E-1);
#3337=CIRCLE('',#3336,2.E-1);
#3342=CIRCLE('',#3341,2.E-1);
#3351=CIRCLE('',#3350,2.E-1);
#3418=B_SPLINE_CURVE_WITH_KNOTS('',3,(#3412,#3413,#3414,#3415,#3416,#3417),
.UNSPECIFIED.,.F.,.F.,(4,1,1,4),(0.E0,3.333333333333E-1,6.666666666667E-1,1.E0),
.UNSPECIFIED.);
#3427=CIRCLE('',#3426,3.5E-1);
#3432=CIRCLE('',#3431,3.5E-1);
#3439=B_SPLINE_CURVE_WITH_KNOTS('',3,(#3433,#3434,#3435,#3436,#3437,#3438),
.UNSPECIFIED.,.F.,.F.,(4,1,1,4),(0.E0,3.333333333333E-1,6.666666666667E-1,1.E0),
.UNSPECIFIED.);
#3446=B_SPLINE_CURVE_WITH_KNOTS('',3,(#3440,#3441,#3442,#3443,#3444,#3445),
.UNSPECIFIED.,.F.,.F.,(4,1,1,4),(0.E0,3.333333333333E-1,6.666666666667E-1,1.E0),
.UNSPECIFIED.);
#3467=CIRCLE('',#3466,3.E-1);
#3472=CIRCLE('',#3471,1.5E-1);
#3477=CIRCLE('',#3476,1.5E-1);
#3514=CIRCLE('',#3513,4.E-1);
#3815=CIRCLE('',#3814,3.E-1);
#3888=CIRCLE('',#3887,5.E-1);
#3897=CIRCLE('',#3896,5.E-1);
#3910=CIRCLE('',#3909,3.E-1);
#3935=CIRCLE('',#3934,3.E-1);
#3976=CIRCLE('',#3975,3.E-1);
#4001=CIRCLE('',#4000,3.E-1);
#4042=CIRCLE('',#4041,3.E-1);
#4067=CIRCLE('',#4066,3.E-1);
#4108=CIRCLE('',#4107,3.E-1);
#4133=CIRCLE('',#4132,3.E-1);
#4174=CIRCLE('',#4173,3.E-1);
#4199=CIRCLE('',#4198,3.E-1);
#4240=CIRCLE('',#4239,3.E-1);
#4265=CIRCLE('',#4264,3.E-1);
#4306=CIRCLE('',#4305,3.E-1);
#4331=CIRCLE('',#4330,3.E-1);
#4372=CIRCLE('',#4371,3.E-1);
#4397=CIRCLE('',#4396,3.E-1);
#4438=CIRCLE('',#4437,3.E-1);
#4463=CIRCLE('',#4462,3.E-1);
#4504=CIRCLE('',#4503,3.E-1);
#4529=CIRCLE('',#4528,3.E-1);
#4570=CIRCLE('',#4569,3.E-1);
#4595=CIRCLE('',#4594,3.E-1);
#4632=CIRCLE('',#4631,3.E-1);
#6571=EDGE_CURVE('',#5147,#5148,#137,.T.);
#6573=EDGE_CURVE('',#5140,#5148,#439,.T.);
#6575=EDGE_CURVE('',#5139,#5140,#142,.T.);
#6577=EDGE_CURVE('',#5139,#5142,#146,.T.);
#6579=EDGE_CURVE('',#5144,#5142,#151,.T.);
#6581=EDGE_CURVE('',#5155,#5144,#749,.T.);
#6583=EDGE_CURVE('',#5155,#5156,#155,.T.);
#6585=EDGE_CURVE('',#5120,#5156,#159,.T.);
#6587=EDGE_CURVE('',#5118,#5120,#164,.T.);
#6589=EDGE_CURVE('',#5116,#5118,#168,.T.);
#6591=EDGE_CURVE('',#5115,#5116,#173,.T.);
#6593=EDGE_CURVE('',#5147,#5115,#177,.T.);
#6597=EDGE_CURVE('',#5232,#5255,#181,.T.);
#6599=EDGE_CURVE('',#5248,#5255,#185,.T.);
#6601=EDGE_CURVE('',#5247,#5248,#189,.T.);
#6603=EDGE_CURVE('',#5251,#5247,#193,.T.);
#6605=EDGE_CURVE('',#5251,#5235,#197,.T.);
#6607=EDGE_CURVE('',#5235,#5236,#201,.T.);
#6609=EDGE_CURVE('',#5236,#5238,#206,.T.);
#6611=EDGE_CURVE('',#5238,#5240,#210,.T.);
#6613=EDGE_CURVE('',#5240,#5231,#215,.T.);
#6615=EDGE_CURVE('',#5231,#5232,#219,.T.);
#6619=EDGE_CURVE('',#5315,#5316,#223,.T.);
#6621=EDGE_CURVE('',#5316,#5318,#227,.T.);
#6623=EDGE_CURVE('',#5318,#5320,#231,.T.);
#6625=EDGE_CURVE('',#5320,#5315,#235,.T.);
#6629=EDGE_CURVE('',#5358,#5360,#239,.T.);
#6631=EDGE_CURVE('',#5360,#5362,#243,.T.);
#6633=EDGE_CURVE('',#5362,#5364,#247,.T.);
#6635=EDGE_CURVE('',#5364,#5358,#251,.T.);
#6639=EDGE_CURVE('',#5402,#5404,#255,.T.);
#6641=EDGE_CURVE('',#5404,#5406,#259,.T.);
#6643=EDGE_CURVE('',#5406,#5408,#263,.T.);
#6645=EDGE_CURVE('',#5408,#5402,#267,.T.);
#6649=EDGE_CURVE('',#5446,#5448,#271,.T.);
#6651=EDGE_CURVE('',#5448,#5450,#275,.T.);
#6653=EDGE_CURVE('',#5450,#5452,#279,.T.);
#6655=EDGE_CURVE('',#5452,#5446,#283,.T.);
#6659=EDGE_CURVE('',#5490,#5492,#287,.T.);
#6661=EDGE_CURVE('',#5492,#5494,#291,.T.);
#6663=EDGE_CURVE('',#5494,#5496,#295,.T.);
#6665=EDGE_CURVE('',#5496,#5490,#299,.T.);
#6669=EDGE_CURVE('',#5534,#5536,#303,.T.);
#6671=EDGE_CURVE('',#5536,#5538,#307,.T.);
#6673=EDGE_CURVE('',#5538,#5540,#311,.T.);
#6675=EDGE_CURVE('',#5540,#5534,#315,.T.);
#6679=EDGE_CURVE('',#5578,#5580,#319,.T.);
#6681=EDGE_CURVE('',#5580,#5582,#323,.T.);
#6683=EDGE_CURVE('',#5582,#5584,#327,.T.);
#6685=EDGE_CURVE('',#5584,#5578,#331,.T.);
#6689=EDGE_CURVE('',#5622,#5624,#335,.T.);
#6691=EDGE_CURVE('',#5624,#5626,#339,.T.);
#6693=EDGE_CURVE('',#5626,#5628,#343,.T.);
#6695=EDGE_CURVE('',#5628,#5622,#347,.T.);
#6699=EDGE_CURVE('',#5666,#5668,#351,.T.);
#6701=EDGE_CURVE('',#5668,#5670,#355,.T.);
#6703=EDGE_CURVE('',#5670,#5672,#359,.T.);
#6705=EDGE_CURVE('',#5672,#5666,#363,.T.);
#6709=EDGE_CURVE('',#5710,#5712,#367,.T.);
#6711=EDGE_CURVE('',#5712,#5714,#371,.T.);
#6713=EDGE_CURVE('',#5714,#5716,#375,.T.);
#6715=EDGE_CURVE('',#5716,#5710,#379,.T.);
#6719=EDGE_CURVE('',#5754,#5756,#383,.T.);
#6721=EDGE_CURVE('',#5756,#5758,#387,.T.);
#6723=EDGE_CURVE('',#5758,#5760,#391,.T.);
#6725=EDGE_CURVE('',#5760,#5754,#395,.T.);
#6729=EDGE_CURVE('',#5798,#5800,#399,.T.);
#6731=EDGE_CURVE('',#5800,#5802,#403,.T.);
#6733=EDGE_CURVE('',#5802,#5804,#407,.T.);
#6735=EDGE_CURVE('',#5804,#5798,#411,.T.);
#6739=ADVANCED_FACE('',(#6596,#6618,#6628,#6638,#6648,#6658,#6668,#6678,#6688,
#6698,#6708,#6718,#6728,#6738),#6570,.F.);
#6746=EDGE_CURVE('',#5147,#5151,#416,.T.);
#6748=EDGE_CURVE('',#5151,#5152,#3538,.T.);
#6750=EDGE_CURVE('',#5152,#5148,#421,.T.);
#6754=ADVANCED_FACE('',(#6753),#6744,.F.);
#6760=EDGE_CURVE('',#5166,#5168,#426,.T.);
#6762=EDGE_CURVE('',#5151,#5166,#3542,.T.);
#6766=EDGE_CURVE('',#5102,#5115,#876,.T.);
#6768=EDGE_CURVE('',#5100,#5102,#805,.T.);
#6770=EDGE_CURVE('',#5100,#5124,#430,.T.);
#6772=EDGE_CURVE('',#5124,#5168,#468,.T.);
#6776=ADVANCED_FACE('',(#6775),#6759,.T.);
#6782=EDGE_CURVE('',#5163,#5164,#435,.T.);
#6784=EDGE_CURVE('',#5166,#5164,#3534,.T.);
#6787=EDGE_CURVE('',#5168,#5163,#464,.T.);
#6791=ADVANCED_FACE('',(#6790),#6781,.T.);
#6798=EDGE_CURVE('',#5163,#5127,#460,.T.);
#6800=EDGE_CURVE('',#5140,#5127,#3493,.T.);
#6804=EDGE_CURVE('',#5152,#5164,#443,.T.);
#6808=ADVANCED_FACE('',(#6807),#6796,.T.);
#6814=EDGE_CURVE('',#5199,#5200,#447,.T.);
#6816=EDGE_CURVE('',#5200,#5128,#451,.T.);
#6818=EDGE_CURVE('',#5127,#5128,#456,.T.);
#6823=EDGE_CURVE('',#5123,#5124,#473,.T.);
#6825=EDGE_CURVE('',#5199,#5123,#477,.T.);
#6829=ADVANCED_FACE('',(#6828),#6813,.T.);
#6835=EDGE_CURVE('',#5227,#5228,#481,.T.);
#6837=EDGE_CURVE('',#5136,#5227,#485,.T.);
#6839=EDGE_CURVE('',#5135,#5136,#490,.T.);
#6841=EDGE_CURVE('',#5171,#5135,#494,.T.);
#6843=EDGE_CURVE('',#5176,#5171,#498,.T.);
#6845=EDGE_CURVE('',#5132,#5176,#502,.T.);
#6847=EDGE_CURVE('',#5131,#5132,#507,.T.);
#6849=EDGE_CURVE('',#5131,#5228,#511,.T.);
#6853=ADVANCED_FACE('',(#6852),#6834,.T.);
#6860=EDGE_CURVE('',#5199,#5203,#516,.T.);
#6862=EDGE_CURVE('',#5203,#5204,#720,.T.);
#6864=EDGE_CURVE('',#5204,#5200,#521,.T.);
#6868=ADVANCED_FACE('',(#6867),#6858,.F.);
#6875=EDGE_CURVE('',#5223,#5227,#546,.T.);
#6877=EDGE_CURVE('',#5223,#5219,#525,.T.);
#6879=EDGE_CURVE('',#5188,#5219,#3509,.T.);
#6881=EDGE_CURVE('',#5188,#5190,#630,.T.);
#6883=EDGE_CURVE('',#5207,#5190,#690,.T.);
#6885=EDGE_CURVE('',#5207,#5203,#529,.T.);
#6889=EDGE_CURVE('',#5123,#5099,#533,.T.);
#6891=EDGE_CURVE('',#5096,#5099,#796,.T.);
#6893=EDGE_CURVE('',#5084,#5096,#537,.T.);
#6895=EDGE_CURVE('',#5084,#5075,#832,.T.);
#6897=EDGE_CURVE('',#5075,#5087,#823,.T.);
#6899=EDGE_CURVE('',#5112,#5087,#792,.T.);
#6901=EDGE_CURVE('',#5112,#5136,#541,.T.);
#6905=ADVANCED_FACE('',(#6904),#6873,.T.);
#6911=EDGE_CURVE('',#5223,#5224,#559,.T.);
#6915=EDGE_CURVE('',#5228,#5224,#551,.T.);
#6919=ADVANCED_FACE('',(#6918),#6910,.F.);
#6925=EDGE_CURVE('',#5219,#5220,#555,.T.);
#6929=EDGE_CURVE('',#5224,#5220,#728,.T.);
#6933=ADVANCED_FACE('',(#6932),#6924,.F.);
#6939=EDGE_CURVE('',#5215,#5216,#589,.T.);
#6941=EDGE_CURVE('',#5215,#5219,#571,.T.);
#6944=EDGE_CURVE('',#5220,#5216,#585,.T.);
#6948=ADVANCED_FACE('',(#6947),#6938,.F.);
#6954=EDGE_CURVE('',#5812,#5216,#597,.T.);
#6956=EDGE_CURVE('',#5811,#5812,#609,.T.);
#6958=EDGE_CURVE('',#5194,#5811,#3522,.T.);
#6960=EDGE_CURVE('',#5194,#5215,#3514,.T.);
#6965=ADVANCED_FACE('',(#6964),#6953,.F.);
#6971=EDGE_CURVE('',#5820,#5812,#593,.T.);
#6974=EDGE_CURVE('',#5216,#5184,#601,.T.);
#6976=EDGE_CURVE('',#5184,#5820,#605,.T.);
#6980=ADVANCED_FACE('',(#6979),#6970,.T.);
#6987=EDGE_CURVE('',#5819,#5820,#639,.T.);
#6989=EDGE_CURVE('',#5811,#5819,#3526,.T.);
#6994=ADVANCED_FACE('',(#6993),#6985,.T.);
#7000=EDGE_CURVE('',#5179,#5815,#613,.T.);
#7002=EDGE_CURVE('',#5815,#5816,#617,.T.);
#7004=EDGE_CURVE('',#5816,#5192,#621,.T.);
#7006=EDGE_CURVE('',#5190,#5192,#626,.T.);
#7009=EDGE_CURVE('',#5187,#5188,#635,.T.);
#7011=EDGE_CURVE('',#5819,#5187,#3530,.T.);
#7015=EDGE_CURVE('',#5182,#5184,#644,.T.);
#7017=EDGE_CURVE('',#5180,#5182,#648,.T.);
#7019=EDGE_CURVE('',#5179,#5180,#653,.T.);
#7023=ADVANCED_FACE('',(#7022),#6999,.T.);
#7029=EDGE_CURVE('',#5807,#5212,#661,.T.);
#7031=EDGE_CURVE('',#5815,#5807,#677,.T.);
#7034=EDGE_CURVE('',#5212,#5179,#3501,.T.);
#7038=ADVANCED_FACE('',(#7037),#7028,.T.);
#7044=EDGE_CURVE('',#5196,#5808,#657,.T.);
#7046=EDGE_CURVE('',#5807,#5808,#681,.T.);
#7049=EDGE_CURVE('',#5211,#5212,#665,.T.);
#7051=EDGE_CURVE('',#5211,#5196,#686,.T.);
#7055=ADVANCED_FACE('',(#7054),#7043,.F.);
#7061=EDGE_CURVE('',#5808,#5816,#673,.T.);
#7064=EDGE_CURVE('',#5196,#5192,#669,.T.);
#7069=ADVANCED_FACE('',(#7068),#7060,.T.);
#7081=ADVANCED_FACE('',(#7080),#7074,.T.);
#7088=EDGE_CURVE('',#5207,#5211,#702,.T.);
#7095=ADVANCED_FACE('',(#7094),#7086,.T.);
#7101=EDGE_CURVE('',#5207,#5208,#724,.T.);
#7105=EDGE_CURVE('',#5212,#5208,#716,.T.);
#7109=ADVANCED_FACE('',(#7108),#7100,.F.);
#7118=EDGE_CURVE('',#5208,#5204,#736,.T.);
#7122=ADVANCED_FACE('',(#7121),#7114,.F.);
#7131=EDGE_CURVE('',#5142,#5131,#740,.T.);
#7134=EDGE_CURVE('',#5139,#5128,#732,.T.);
#7139=EDGE_CURVE('',#5180,#5208,#3497,.T.);
#7142=EDGE_CURVE('',#5220,#5182,#3505,.T.);
#7146=ADVANCED_FACE('',(#7145),#7127,.T.);
#7155=EDGE_CURVE('',#5144,#5132,#753,.T.);
#7159=ADVANCED_FACE('',(#7158),#7151,.F.);
#7165=EDGE_CURVE('',#5174,#5176,#745,.T.);
#7167=EDGE_CURVE('',#5159,#5174,#3489,.T.);
#7169=EDGE_CURVE('',#5155,#5159,#3472,.T.);
#7176=ADVANCED_FACE('',(#7175),#7164,.T.);
#7182=EDGE_CURVE('',#5171,#5172,#758,.T.);
#7184=EDGE_CURVE('',#5174,#5172,#3481,.T.);
#7190=ADVANCED_FACE('',(#7189),#7181,.T.);
#7198=EDGE_CURVE('',#5110,#5135,#770,.T.);
#7200=EDGE_CURVE('',#5108,#5110,#783,.T.);
#7202=EDGE_CURVE('',#5108,#5120,#762,.T.);
#7205=EDGE_CURVE('',#5160,#5156,#3477,.T.);
#7207=EDGE_CURVE('',#5160,#5172,#766,.T.);
#7211=ADVANCED_FACE('',(#7210),#7195,.T.);
#7220=EDGE_CURVE('',#5110,#5112,#788,.T.);
#7224=ADVANCED_FACE('',(#7223),#7216,.T.);
#7230=EDGE_CURVE('',#5087,#5088,#819,.T.);
#7232=EDGE_CURVE('',#5088,#5090,#885,.T.);
#7234=EDGE_CURVE('',#5090,#5107,#774,.T.);
#7236=EDGE_CURVE('',#5107,#5108,#779,.T.);
#7243=ADVANCED_FACE('',(#7242),#7229,.F.);
#7249=EDGE_CURVE('',#5093,#5094,#860,.T.);
#7251=EDGE_CURVE('',#5094,#5096,#846,.T.);
#7254=EDGE_CURVE('',#5099,#5100,#801,.T.);
#7257=EDGE_CURVE('',#5102,#5104,#810,.T.);
#7259=EDGE_CURVE('',#5104,#5093,#814,.T.);
#7263=ADVANCED_FACE('',(#7262),#7248,.F.);
#7271=EDGE_CURVE('',#5075,#5076,#828,.T.);
#7273=EDGE_CURVE('',#5076,#5088,#889,.T.);
#7277=ADVANCED_FACE('',(#7276),#7268,.T.);
#7285=EDGE_CURVE('',#5082,#5084,#855,.T.);
#7287=EDGE_CURVE('',#5080,#5082,#837,.T.);
#7289=EDGE_CURVE('',#5079,#5080,#841,.T.);
#7291=EDGE_CURVE('',#5076,#5079,#894,.T.);
#7295=EDGE_CURVE('',#5067,#5068,#904,.T.);
#7297=EDGE_CURVE('',#5068,#5070,#3458,.T.);
#7299=EDGE_CURVE('',#5070,#5072,#960,.T.);
#7301=EDGE_CURVE('',#5072,#5067,#1170,.T.);
#7305=ADVANCED_FACE('',(#7294,#7304),#7282,.T.);
#7312=EDGE_CURVE('',#5082,#5094,#850,.T.);
#7318=ADVANCED_FACE('',(#7317),#7310,.T.);
#7325=EDGE_CURVE('',#5080,#5093,#864,.T.);
#7331=ADVANCED_FACE('',(#7330),#7323,.T.);
#7339=EDGE_CURVE('',#5104,#5116,#868,.T.);
#7342=EDGE_CURVE('',#5107,#5118,#880,.T.);
#7345=EDGE_CURVE('',#5079,#5090,#872,.T.);
#7350=ADVANCED_FACE('',(#7349),#7336,.T.);
#7362=ADVANCED_FACE('',(#7361),#7355,.T.);
#7374=ADVANCED_FACE('',(#7373),#7367,.T.);
#7386=ADVANCED_FACE('',(#7385),#7379,.T.);
#7392=EDGE_CURVE('',#5838,#5835,#899,.T.);
#7394=EDGE_CURVE('',#5835,#5068,#3462,.T.);
#7397=EDGE_CURVE('',#5846,#5067,#908,.T.);
#7399=EDGE_CURVE('',#5846,#5838,#913,.T.);
#7403=ADVANCED_FACE('',(#7402),#7391,.T.);
#7409=EDGE_CURVE('',#5832,#5836,#936,.T.);
#7411=EDGE_CURVE('',#5832,#5835,#3467,.T.);
#7414=EDGE_CURVE('',#5850,#5838,#918,.T.);
#7416=EDGE_CURVE('',#5850,#5836,#1152,.T.);
#7420=ADVANCED_FACE('',(#7419),#7408,.T.);
#7426=EDGE_CURVE('',#5847,#5833,#925,.T.);
#7428=EDGE_CURVE('',#5832,#5833,#929,.T.);
#7431=EDGE_CURVE('',#5836,#5822,#940,.T.);
#7433=EDGE_CURVE('',#5822,#5824,#1079,.T.);
#7435=EDGE_CURVE('',#5847,#5824,#1011,.T.);
#7439=ADVANCED_FACE('',(#7438),#7425,.F.);
#7445=EDGE_CURVE('',#5828,#5829,#950,.T.);
#7447=EDGE_CURVE('',#5833,#5828,#945,.T.);
#7450=EDGE_CURVE('',#5847,#5848,#1007,.T.);
#7452=EDGE_CURVE('',#5848,#5829,#969,.T.);
#7456=ADVANCED_FACE('',(#7455),#7444,.T.);
#7463=EDGE_CURVE('',#5829,#5842,#955,.T.);
#7465=EDGE_CURVE('',#5842,#5072,#1174,.T.);
#7468=EDGE_CURVE('',#5828,#5070,#964,.T.);
#7472=ADVANCED_FACE('',(#7471),#7461,.T.);
#7478=EDGE_CURVE('',#5839,#5840,#976,.T.);
#7480=EDGE_CURVE('',#5839,#5842,#1162,.T.);
#7484=EDGE_CURVE('',#5848,#5840,#1029,.T.);
#7488=ADVANCED_FACE('',(#7487),#7477,.T.);
#7495=EDGE_CURVE('',#5840,#5825,#980,.T.);
#7497=EDGE_CURVE('',#5825,#5821,#1054,.T.);
#7499=EDGE_CURVE('',#5849,#5821,#1134,.T.);
#7501=EDGE_CURVE('',#5849,#5844,#987,.T.);
#7503=EDGE_CURVE('',#5839,#5844,#991,.T.);
#7507=ADVANCED_FACE('',(#7506),#7493,.F.);
#7530=B_SPLINE_CURVE_WITH_KNOTS('',3,(#7508,#7509,#7510,#7511,#7512,#7513,#7514,
#7515,#7516,#7517,#7518,#7519,#7520,#7521,#7522,#7523,#7524,#7525,#7526,#7527,
#7528,#7529),.UNSPECIFIED.,.F.,.F.,(4,1,1,1,1,1,1,1,1,1,1,1,1,1,1,1,1,1,1,4),(
0.E0,9.827552378635E-3,1.079595598488E-2,7.652924763739E-2,1.419469962437E-1,
2.071529906258E-1,2.719158210143E-1,3.370327705661E-1,4.022034804999E-1,
4.672733331487E-1,5.322272221567E-1,5.971385511375E-1,6.620727564398E-1,
7.270692259141E-1,7.919392482166E-1,8.574409878906E-1,9.232251487241E-1,
9.892629549622E-1,9.901827815703E-1,1.E0),.UNSPECIFIED.);
#7536=EDGE_CURVE('',#5824,#5825,#1075,.T.);
#7542=ADVANCED_FACE('',(#7541),#7533,.F.);
#7548=EDGE_CURVE('',#5821,#5822,#1050,.T.);
#7555=EDGE_CURVE('',#5853,#5854,#1084,.T.);
#7557=EDGE_CURVE('',#5878,#5853,#1088,.T.);
#7559=EDGE_CURVE('',#5877,#5878,#1093,.T.);
#7561=EDGE_CURVE('',#5880,#5877,#1097,.T.);
#7563=EDGE_CURVE('',#5868,#5880,#1102,.T.);
#7565=EDGE_CURVE('',#5866,#5868,#1106,.T.);
#7567=EDGE_CURVE('',#5860,#5866,#1111,.T.);
#7569=EDGE_CURVE('',#5854,#5860,#1115,.T.);
#7573=ADVANCED_FACE('',(#7554,#7572),#7547,.T.);
#7596=B_SPLINE_CURVE_WITH_KNOTS('',3,(#7574,#7575,#7576,#7577,#7578,#7579,#7580,
#7581,#7582,#7583,#7584,#7585,#7586,#7587,#7588,#7589,#7590,#7591,#7592,#7593,
#7594,#7595),.UNSPECIFIED.,.F.,.F.,(4,1,1,1,1,1,1,1,1,1,1,1,1,1,1,1,1,1,1,4),(
0.E0,9.827552388355E-3,1.079596951011E-2,7.652926196006E-2,1.419470106708E-1,
2.071530033001E-1,2.719158303524E-1,3.370327766036E-1,4.022034839275E-1,
4.672733340464E-1,5.322272205274E-1,5.971385470331E-1,6.620727498812E-1,
7.270692163164E-1,7.919392355528E-1,8.574409736264E-1,9.232251345555E-1,
9.892629414515E-1,9.901827815567E-1,1.E0),.UNSPECIFIED.);
#7600=EDGE_CURVE('',#5849,#5850,#1130,.T.);
#7608=ADVANCED_FACE('',(#7607),#7599,.F.);
#7615=EDGE_CURVE('',#5844,#5846,#1157,.T.);
#7622=ADVANCED_FACE('',(#7621),#7613,.T.);
#7630=EDGE_CURVE('',#5842,#5846,#1166,.T.);
#7635=ADVANCED_FACE('',(#7634),#7627,.T.);
#7647=ADVANCED_FACE('',(#7646),#7640,.T.);
#7654=EDGE_CURVE('',#5854,#5858,#1178,.T.);
#7656=EDGE_CURVE('',#5857,#5858,#3079,.T.);
#7658=EDGE_CURVE('',#5857,#5853,#3439,.T.);
#7662=ADVANCED_FACE('',(#7661),#7652,.F.);
#7669=EDGE_CURVE('',#5860,#5862,#1182,.T.);
#7671=EDGE_CURVE('',#5858,#5862,#3115,.T.);
#7676=ADVANCED_FACE('',(#7675),#7667,.T.);
#7682=EDGE_CURVE('',#5862,#5864,#1199,.T.);
#7686=EDGE_CURVE('',#5864,#5866,#1189,.T.);
#7690=ADVANCED_FACE('',(#7689),#7681,.F.);
#7696=EDGE_CURVE('',#5915,#5864,#1211,.T.);
#7698=EDGE_CURVE('',#5906,#5915,#1713,.T.);
#7700=EDGE_CURVE('',#5906,#5893,#1194,.T.);
#7702=EDGE_CURVE('',#5862,#5893,#3119,.T.);
#7707=ADVANCED_FACE('',(#7706),#7695,.F.);
#7713=EDGE_CURVE('',#5944,#5951,#1203,.T.);
#7715=EDGE_CURVE('',#5944,#5885,#1325,.T.);
#7717=EDGE_CURVE('',#5885,#5902,#1207,.T.);
#7719=EDGE_CURVE('',#5915,#5902,#1717,.T.);
#7722=EDGE_CURVE('',#5864,#5870,#1215,.T.);
#7724=EDGE_CURVE('',#5917,#5870,#1686,.T.);
#7726=EDGE_CURVE('',#5909,#5917,#1667,.T.);
#7728=EDGE_CURVE('',#5889,#5909,#1219,.T.);
#7730=EDGE_CURVE('',#5889,#5948,#1293,.T.);
#7732=EDGE_CURVE('',#5948,#5953,#1223,.T.);
#7734=EDGE_CURVE('',#5951,#5953,#1227,.T.);
#7738=ADVANCED_FACE('',(#7737),#7712,.F.);
#7744=EDGE_CURVE('',#5944,#5945,#1281,.T.);
#7747=EDGE_CURVE('',#5951,#5940,#1231,.T.);
#7749=EDGE_CURVE('',#5920,#5940,#1355,.T.);
#7751=EDGE_CURVE('',#5920,#5921,#1235,.T.);
#7753=EDGE_CURVE('',#5921,#5923,#1240,.T.);
#7755=EDGE_CURVE('',#5923,#5925,#1244,.T.);
#7757=EDGE_CURVE('',#5925,#5927,#1248,.T.);
#7759=EDGE_CURVE('',#5927,#5945,#1252,.T.);
#7763=ADVANCED_FACE('',(#7762),#7743,.F.);
#7769=EDGE_CURVE('',#5980,#5981,#1313,.T.);
#7771=EDGE_CURVE('',#5980,#5956,#1256,.T.);
#7773=EDGE_CURVE('',#5956,#5957,#1260,.T.);
#7775=EDGE_CURVE('',#5957,#5959,#1264,.T.);
#7777=EDGE_CURVE('',#5959,#5961,#1269,.T.);
#7779=EDGE_CURVE('',#5961,#5963,#1273,.T.);
#7781=EDGE_CURVE('',#5976,#5963,#1447,.T.);
#7783=EDGE_CURVE('',#5976,#5987,#1277,.T.);
#7785=EDGE_CURVE('',#5981,#5987,#1413,.T.);
#7789=ADVANCED_FACE('',(#7788),#7768,.F.);
#7796=EDGE_CURVE('',#5945,#5949,#1285,.T.);
#7798=EDGE_CURVE('',#5948,#5949,#1289,.T.);
#7801=EDGE_CURVE('',#5889,#5890,#1297,.T.);
#7803=EDGE_CURVE('',#5985,#5890,#1301,.T.);
#7805=EDGE_CURVE('',#5984,#5985,#1305,.T.);
#7807=EDGE_CURVE('',#5980,#5984,#1309,.T.);
#7810=EDGE_CURVE('',#5886,#5981,#1317,.T.);
#7812=EDGE_CURVE('',#5885,#5886,#1321,.T.);
#7817=ADVANCED_FACE('',(#7816),#7794,.T.);
#7825=EDGE_CURVE('',#5927,#5937,#1329,.T.);
#7827=EDGE_CURVE('',#5937,#5949,#1363,.T.);
#7831=ADVANCED_FACE('',(#7830),#7822,.T.);
#7838=EDGE_CURVE('',#5925,#5935,#1333,.T.);
#7840=EDGE_CURVE('',#5935,#5937,#1367,.T.);
#7845=ADVANCED_FACE('',(#7844),#7836,.T.);
#7852=EDGE_CURVE('',#5923,#5933,#1337,.T.);
#7854=EDGE_CURVE('',#5933,#5935,#1371,.T.);
#7859=ADVANCED_FACE('',(#7858),#7850,.T.);
#7866=EDGE_CURVE('',#5921,#5931,#1341,.T.);
#7868=EDGE_CURVE('',#5931,#5933,#1376,.T.);
#7873=ADVANCED_FACE('',(#7872),#7864,.F.);
#7880=EDGE_CURVE('',#5920,#5930,#1345,.T.);
#7882=EDGE_CURVE('',#5930,#5931,#1380,.T.);
#7887=ADVANCED_FACE('',(#7886),#7878,.T.);
#7893=EDGE_CURVE('',#5941,#5930,#1350,.T.);
#7897=EDGE_CURVE('',#5940,#5941,#1359,.T.);
#7901=ADVANCED_FACE('',(#7900),#7892,.T.);
#7914=EDGE_CURVE('',#5953,#5941,#1384,.T.);
#7919=ADVANCED_FACE('',(#7918),#7906,.T.);
#7926=EDGE_CURVE('',#5985,#5989,#1421,.T.);
#7928=EDGE_CURVE('',#5977,#5989,#1388,.T.);
#7930=EDGE_CURVE('',#5973,#5977,#1442,.T.);
#7932=EDGE_CURVE('',#5971,#5973,#1392,.T.);
#7934=EDGE_CURVE('',#5969,#5971,#1397,.T.);
#7936=EDGE_CURVE('',#5967,#5969,#1401,.T.);
#7938=EDGE_CURVE('',#5966,#5967,#1405,.T.);
#7940=EDGE_CURVE('',#5984,#5966,#1409,.T.);
#7944=ADVANCED_FACE('',(#7943),#7924,.T.);
#7956=ADVANCED_FACE('',(#7955),#7949,.T.);
#7963=EDGE_CURVE('',#5987,#5989,#1417,.T.);
#7967=EDGE_CURVE('',#5890,#5910,#1425,.T.);
#7969=EDGE_CURVE('',#5874,#5910,#3422,.T.);
#7971=EDGE_CURVE('',#5874,#5857,#1429,.T.);
#7973=EDGE_CURVE('',#5901,#5857,#3074,.T.);
#7975=EDGE_CURVE('',#5886,#5901,#1433,.T.);
#7980=ADVANCED_FACE('',(#7979),#7961,.F.);
#7988=EDGE_CURVE('',#5976,#5977,#1437,.T.);
#7993=ADVANCED_FACE('',(#7992),#7985,.T.);
#8002=EDGE_CURVE('',#5963,#5973,#1451,.T.);
#8006=ADVANCED_FACE('',(#8005),#7998,.T.);
#8013=EDGE_CURVE('',#5961,#5971,#1455,.T.);
#8019=ADVANCED_FACE('',(#8018),#8011,.T.);
#8026=EDGE_CURVE('',#5959,#5969,#1459,.T.);
#8032=ADVANCED_FACE('',(#8031),#8024,.F.);
#8039=EDGE_CURVE('',#5957,#5967,#1463,.T.);
#8045=ADVANCED_FACE('',(#8044),#8037,.T.);
#8052=EDGE_CURVE('',#5956,#5966,#1467,.T.);
#8058=ADVANCED_FACE('',(#8057),#8050,.T.);
#8070=ADVANCED_FACE('',(#8069),#8063,.T.);
#8076=EDGE_CURVE('',#5909,#5910,#1471,.T.);
#8083=EDGE_CURVE('',#6120,#6121,#1475,.T.);
#8085=EDGE_CURVE('',#6121,#6125,#1479,.T.);
#8087=EDGE_CURVE('',#6124,#6125,#1483,.T.);
#8089=EDGE_CURVE('',#6120,#6124,#1487,.T.);
#8093=EDGE_CURVE('',#6160,#6161,#1491,.T.);
#8095=EDGE_CURVE('',#6161,#6165,#1495,.T.);
#8097=EDGE_CURVE('',#6164,#6165,#1499,.T.);
#8099=EDGE_CURVE('',#6160,#6164,#1503,.T.);
#8103=EDGE_CURVE('',#6200,#6201,#1507,.T.);
#8105=EDGE_CURVE('',#6201,#6205,#1511,.T.);
#8107=EDGE_CURVE('',#6204,#6205,#1515,.T.);
#8109=EDGE_CURVE('',#6200,#6204,#1519,.T.);
#8113=EDGE_CURVE('',#6240,#6241,#1523,.T.);
#8115=EDGE_CURVE('',#6241,#6245,#1527,.T.);
#8117=EDGE_CURVE('',#6244,#6245,#1531,.T.);
#8119=EDGE_CURVE('',#6240,#6244,#1535,.T.);
#8123=EDGE_CURVE('',#6280,#6281,#1539,.T.);
#8125=EDGE_CURVE('',#6281,#6285,#1543,.T.);
#8127=EDGE_CURVE('',#6284,#6285,#1547,.T.);
#8129=EDGE_CURVE('',#6280,#6284,#1551,.T.);
#8133=EDGE_CURVE('',#6320,#6321,#1555,.T.);
#8135=EDGE_CURVE('',#6321,#6325,#1559,.T.);
#8137=EDGE_CURVE('',#6324,#6325,#1563,.T.);
#8139=EDGE_CURVE('',#6320,#6324,#1567,.T.);
#8143=EDGE_CURVE('',#6360,#6361,#1571,.T.);
#8145=EDGE_CURVE('',#6361,#6365,#1575,.T.);
#8147=EDGE_CURVE('',#6364,#6365,#1579,.T.);
#8149=EDGE_CURVE('',#6360,#6364,#1583,.T.);
#8153=EDGE_CURVE('',#6400,#6401,#1587,.T.);
#8155=EDGE_CURVE('',#6401,#6405,#1591,.T.);
#8157=EDGE_CURVE('',#6404,#6405,#1595,.T.);
#8159=EDGE_CURVE('',#6400,#6404,#1599,.T.);
#8163=EDGE_CURVE('',#6440,#6441,#1603,.T.);
#8165=EDGE_CURVE('',#6441,#6445,#1607,.T.);
#8167=EDGE_CURVE('',#6444,#6445,#1611,.T.);
#8169=EDGE_CURVE('',#6440,#6444,#1615,.T.);
#8173=EDGE_CURVE('',#6480,#6481,#1619,.T.);
#8175=EDGE_CURVE('',#6481,#6485,#1623,.T.);
#8177=EDGE_CURVE('',#6484,#6485,#1627,.T.);
#8179=EDGE_CURVE('',#6480,#6484,#1631,.T.);
#8183=EDGE_CURVE('',#6520,#6521,#1635,.T.);
#8185=EDGE_CURVE('',#6521,#6525,#1639,.T.);
#8187=EDGE_CURVE('',#6524,#6525,#1643,.T.);
#8189=EDGE_CURVE('',#6520,#6524,#1647,.T.);
#8193=EDGE_CURVE('',#6560,#6561,#1651,.T.);
#8195=EDGE_CURVE('',#6561,#6565,#1655,.T.);
#8197=EDGE_CURVE('',#6564,#6565,#1659,.T.);
#8199=EDGE_CURVE('',#6560,#6564,#1663,.T.);
#8203=ADVANCED_FACE('',(#8082,#8092,#8102,#8112,#8122,#8132,#8142,#8152,#8162,
#8172,#8182,#8192,#8202),#8075,.T.);
#8211=EDGE_CURVE('',#5917,#5913,#1672,.T.);
#8213=EDGE_CURVE('',#5913,#5914,#1703,.T.);
#8215=EDGE_CURVE('',#5914,#5910,#1677,.T.);
#8219=ADVANCED_FACE('',(#8218),#8208,.T.);
#8225=EDGE_CURVE('',#5898,#5913,#1682,.T.);
#8229=EDGE_CURVE('',#5870,#5882,#1691,.T.);
#8231=EDGE_CURVE('',#5882,#5898,#1695,.T.);
#8235=ADVANCED_FACE('',(#8234),#8224,.F.);
#8241=EDGE_CURVE('',#5905,#5906,#1699,.T.);
#8243=EDGE_CURVE('',#5894,#5905,#3070,.T.);
#8245=EDGE_CURVE('',#5893,#5894,#3111,.T.);
#8250=ADVANCED_FACE('',(#8249),#8240,.T.);
#8258=EDGE_CURVE('',#5897,#5898,#3273,.T.);
#8260=EDGE_CURVE('',#5914,#5897,#3427,.T.);
#8264=ADVANCED_FACE('',(#8263),#8255,.T.);
#8270=EDGE_CURVE('',#5901,#5902,#1721,.T.);
#8272=EDGE_CURVE('',#5901,#5905,#1708,.T.);
#8279=ADVANCED_FACE('',(#8278),#8269,.T.);
#8291=EDGE_CURVE('',#6088,#6089,#1725,.T.);
#8293=EDGE_CURVE('',#6088,#6092,#1729,.T.);
#8295=EDGE_CURVE('',#6092,#6093,#1733,.T.);
#8297=EDGE_CURVE('',#6089,#6093,#1737,.T.);
#8301=EDGE_CURVE('',#6152,#6153,#1741,.T.);
#8303=EDGE_CURVE('',#6152,#6156,#1745,.T.);
#8305=EDGE_CURVE('',#6156,#6157,#1749,.T.);
#8307=EDGE_CURVE('',#6153,#6157,#1753,.T.);
#8311=EDGE_CURVE('',#6192,#6193,#1757,.T.);
#8313=EDGE_CURVE('',#6192,#6196,#1761,.T.);
#8315=EDGE_CURVE('',#6196,#6197,#1765,.T.);
#8317=EDGE_CURVE('',#6193,#6197,#1769,.T.);
#8321=EDGE_CURVE('',#6232,#6233,#1773,.T.);
#8323=EDGE_CURVE('',#6232,#6236,#1777,.T.);
#8325=EDGE_CURVE('',#6236,#6237,#1781,.T.);
#8327=EDGE_CURVE('',#6233,#6237,#1785,.T.);
#8331=EDGE_CURVE('',#6272,#6273,#1789,.T.);
#8333=EDGE_CURVE('',#6272,#6276,#1793,.T.);
#8335=EDGE_CURVE('',#6276,#6277,#1797,.T.);
#8337=EDGE_CURVE('',#6273,#6277,#1801,.T.);
#8341=EDGE_CURVE('',#6312,#6313,#1805,.T.);
#8343=EDGE_CURVE('',#6312,#6316,#1809,.T.);
#8345=EDGE_CURVE('',#6316,#6317,#1813,.T.);
#8347=EDGE_CURVE('',#6313,#6317,#1817,.T.);
#8351=EDGE_CURVE('',#6352,#6353,#1821,.T.);
#8353=EDGE_CURVE('',#6352,#6356,#1825,.T.);
#8355=EDGE_CURVE('',#6356,#6357,#1829,.T.);
#8357=EDGE_CURVE('',#6353,#6357,#1833,.T.);
#8361=EDGE_CURVE('',#6392,#6393,#1837,.T.);
#8363=EDGE_CURVE('',#6392,#6396,#1841,.T.);
#8365=EDGE_CURVE('',#6396,#6397,#1845,.T.);
#8367=EDGE_CURVE('',#6393,#6397,#1849,.T.);
#8371=EDGE_CURVE('',#6432,#6433,#1853,.T.);
#8373=EDGE_CURVE('',#6432,#6436,#1857,.T.);
#8375=EDGE_CURVE('',#6436,#6437,#1861,.T.);
#8377=EDGE_CURVE('',#6433,#6437,#1865,.T.);
#8381=EDGE_CURVE('',#6472,#6473,#1869,.T.);
#8383=EDGE_CURVE('',#6472,#6476,#1873,.T.);
#8385=EDGE_CURVE('',#6476,#6477,#1877,.T.);
#8387=EDGE_CURVE('',#6473,#6477,#1881,.T.);
#8391=EDGE_CURVE('',#6512,#6513,#1885,.T.);
#8393=EDGE_CURVE('',#6512,#6516,#1889,.T.);
#8395=EDGE_CURVE('',#6516,#6517,#1893,.T.);
#8397=EDGE_CURVE('',#6513,#6517,#1897,.T.);
#8401=EDGE_CURVE('',#6552,#6553,#1901,.T.);
#8403=EDGE_CURVE('',#6552,#6556,#1905,.T.);
#8405=EDGE_CURVE('',#6556,#6557,#1909,.T.);
#8407=EDGE_CURVE('',#6553,#6557,#1913,.T.);
#8411=ADVANCED_FACE('',(#8290,#8300,#8310,#8320,#8330,#8340,#8350,#8360,#8370,
#8380,#8390,#8400,#8410),#8284,.T.);
#8418=EDGE_CURVE('',#6089,#6096,#1917,.T.);
#8420=EDGE_CURVE('',#6096,#6097,#1922,.T.);
#8422=EDGE_CURVE('',#6097,#6099,#1927,.T.);
#8424=EDGE_CURVE('',#6099,#6088,#1931,.T.);
#8428=ADVANCED_FACE('',(#8427),#8416,.F.);
#8435=EDGE_CURVE('',#6120,#6102,#1935,.T.);
#8437=EDGE_CURVE('',#6102,#6103,#1940,.T.);
#8439=EDGE_CURVE('',#6103,#6105,#1945,.T.);
#8441=EDGE_CURVE('',#6105,#6121,#1949,.T.);
#8445=ADVANCED_FACE('',(#8444),#8433,.F.);
#8452=EDGE_CURVE('',#6093,#6108,#1967,.T.);
#8454=EDGE_CURVE('',#6096,#6108,#1997,.T.);
#8459=ADVANCED_FACE('',(#8458),#8450,.T.);
#8466=EDGE_CURVE('',#6111,#6092,#1953,.T.);
#8468=EDGE_CURVE('',#6109,#6111,#1958,.T.);
#8470=EDGE_CURVE('',#6108,#6109,#1963,.T.);
#8475=ADVANCED_FACE('',(#8474),#8464,.T.);
#8482=EDGE_CURVE('',#6117,#6125,#1971,.T.);
#8484=EDGE_CURVE('',#6115,#6117,#1976,.T.);
#8486=EDGE_CURVE('',#6114,#6115,#1981,.T.);
#8488=EDGE_CURVE('',#6124,#6114,#1985,.T.);
#8492=ADVANCED_FACE('',(#8491),#8480,.T.);
#8500=EDGE_CURVE('',#6099,#6111,#1989,.T.);
#8505=ADVANCED_FACE('',(#8504),#8497,.T.);
#8512=EDGE_CURVE('',#6097,#6109,#1993,.T.);
#8518=ADVANCED_FACE('',(#8517),#8510,.T.);
#8530=ADVANCED_FACE('',(#8529),#8523,.F.);
#8538=EDGE_CURVE('',#6105,#6117,#2001,.T.);
#8543=ADVANCED_FACE('',(#8542),#8535,.T.);
#8550=EDGE_CURVE('',#6103,#6115,#2005,.T.);
#8556=ADVANCED_FACE('',(#8555),#8548,.F.);
#8563=EDGE_CURVE('',#6102,#6114,#2009,.T.);
#8569=ADVANCED_FACE('',(#8568),#8561,.T.);
#8581=ADVANCED_FACE('',(#8580),#8574,.T.);
#8588=EDGE_CURVE('',#6153,#6128,#2013,.T.);
#8590=EDGE_CURVE('',#6128,#6129,#2018,.T.);
#8592=EDGE_CURVE('',#6129,#6131,#2023,.T.);
#8594=EDGE_CURVE('',#6131,#6152,#2027,.T.);
#8598=ADVANCED_FACE('',(#8597),#8586,.F.);
#8605=EDGE_CURVE('',#6160,#6134,#2031,.T.);
#8607=EDGE_CURVE('',#6134,#6135,#2036,.T.);
#8609=EDGE_CURVE('',#6135,#6137,#2041,.T.);
#8611=EDGE_CURVE('',#6137,#6161,#2045,.T.);
#8615=ADVANCED_FACE('',(#8614),#8603,.F.);
#8622=EDGE_CURVE('',#6157,#6140,#2063,.T.);
#8624=EDGE_CURVE('',#6128,#6140,#2093,.T.);
#8629=ADVANCED_FACE('',(#8628),#8620,.T.);
#8636=EDGE_CURVE('',#6143,#6156,#2049,.T.);
#8638=EDGE_CURVE('',#6141,#6143,#2054,.T.);
#8640=EDGE_CURVE('',#6140,#6141,#2059,.T.);
#8645=ADVANCED_FACE('',(#8644),#8634,.T.);
#8652=EDGE_CURVE('',#6149,#6165,#2067,.T.);
#8654=EDGE_CURVE('',#6147,#6149,#2072,.T.);
#8656=EDGE_CURVE('',#6146,#6147,#2077,.T.);
#8658=EDGE_CURVE('',#6164,#6146,#2081,.T.);
#8662=ADVANCED_FACE('',(#8661),#8650,.T.);
#8670=EDGE_CURVE('',#6131,#6143,#2085,.T.);
#8675=ADVANCED_FACE('',(#8674),#8667,.T.);
#8682=EDGE_CURVE('',#6129,#6141,#2089,.T.);
#8688=ADVANCED_FACE('',(#8687),#8680,.T.);
#8700=ADVANCED_FACE('',(#8699),#8693,.F.);
#8708=EDGE_CURVE('',#6137,#6149,#2097,.T.);
#8713=ADVANCED_FACE('',(#8712),#8705,.T.);
#8720=EDGE_CURVE('',#6135,#6147,#2101,.T.);
#8726=ADVANCED_FACE('',(#8725),#8718,.F.);
#8733=EDGE_CURVE('',#6134,#6146,#2105,.T.);
#8739=ADVANCED_FACE('',(#8738),#8731,.T.);
#8751=ADVANCED_FACE('',(#8750),#8744,.T.);
#8758=EDGE_CURVE('',#6193,#6168,#2109,.T.);
#8760=EDGE_CURVE('',#6168,#6169,#2114,.T.);
#8762=EDGE_CURVE('',#6169,#6171,#2119,.T.);
#8764=EDGE_CURVE('',#6171,#6192,#2123,.T.);
#8768=ADVANCED_FACE('',(#8767),#8756,.F.);
#8775=EDGE_CURVE('',#6200,#6174,#2127,.T.);
#8777=EDGE_CURVE('',#6174,#6175,#2132,.T.);
#8779=EDGE_CURVE('',#6175,#6177,#2137,.T.);
#8781=EDGE_CURVE('',#6177,#6201,#2141,.T.);
#8785=ADVANCED_FACE('',(#8784),#8773,.F.);
#8792=EDGE_CURVE('',#6197,#6180,#2159,.T.);
#8794=EDGE_CURVE('',#6168,#6180,#2189,.T.);
#8799=ADVANCED_FACE('',(#8798),#8790,.T.);
#8806=EDGE_CURVE('',#6183,#6196,#2145,.T.);
#8808=EDGE_CURVE('',#6181,#6183,#2150,.T.);
#8810=EDGE_CURVE('',#6180,#6181,#2155,.T.);
#8815=ADVANCED_FACE('',(#8814),#8804,.T.);
#8822=EDGE_CURVE('',#6189,#6205,#2163,.T.);
#8824=EDGE_CURVE('',#6187,#6189,#2168,.T.);
#8826=EDGE_CURVE('',#6186,#6187,#2173,.T.);
#8828=EDGE_CURVE('',#6204,#6186,#2177,.T.);
#8832=ADVANCED_FACE('',(#8831),#8820,.T.);
#8840=EDGE_CURVE('',#6171,#6183,#2181,.T.);
#8845=ADVANCED_FACE('',(#8844),#8837,.T.);
#8852=EDGE_CURVE('',#6169,#6181,#2185,.T.);
#8858=ADVANCED_FACE('',(#8857),#8850,.T.);
#8870=ADVANCED_FACE('',(#8869),#8863,.F.);
#8878=EDGE_CURVE('',#6177,#6189,#2193,.T.);
#8883=ADVANCED_FACE('',(#8882),#8875,.T.);
#8890=EDGE_CURVE('',#6175,#6187,#2197,.T.);
#8896=ADVANCED_FACE('',(#8895),#8888,.F.);
#8903=EDGE_CURVE('',#6174,#6186,#2201,.T.);
#8909=ADVANCED_FACE('',(#8908),#8901,.T.);
#8921=ADVANCED_FACE('',(#8920),#8914,.T.);
#8928=EDGE_CURVE('',#6233,#6208,#2205,.T.);
#8930=EDGE_CURVE('',#6208,#6209,#2210,.T.);
#8932=EDGE_CURVE('',#6209,#6211,#2215,.T.);
#8934=EDGE_CURVE('',#6211,#6232,#2219,.T.);
#8938=ADVANCED_FACE('',(#8937),#8926,.F.);
#8945=EDGE_CURVE('',#6240,#6214,#2223,.T.);
#8947=EDGE_CURVE('',#6214,#6215,#2228,.T.);
#8949=EDGE_CURVE('',#6215,#6217,#2233,.T.);
#8951=EDGE_CURVE('',#6217,#6241,#2237,.T.);
#8955=ADVANCED_FACE('',(#8954),#8943,.F.);
#8962=EDGE_CURVE('',#6237,#6220,#2255,.T.);
#8964=EDGE_CURVE('',#6208,#6220,#2285,.T.);
#8969=ADVANCED_FACE('',(#8968),#8960,.T.);
#8976=EDGE_CURVE('',#6223,#6236,#2241,.T.);
#8978=EDGE_CURVE('',#6221,#6223,#2246,.T.);
#8980=EDGE_CURVE('',#6220,#6221,#2251,.T.);
#8985=ADVANCED_FACE('',(#8984),#8974,.T.);
#8992=EDGE_CURVE('',#6229,#6245,#2259,.T.);
#8994=EDGE_CURVE('',#6227,#6229,#2264,.T.);
#8996=EDGE_CURVE('',#6226,#6227,#2269,.T.);
#8998=EDGE_CURVE('',#6244,#6226,#2273,.T.);
#9002=ADVANCED_FACE('',(#9001),#8990,.T.);
#9010=EDGE_CURVE('',#6211,#6223,#2277,.T.);
#9015=ADVANCED_FACE('',(#9014),#9007,.T.);
#9022=EDGE_CURVE('',#6209,#6221,#2281,.T.);
#9028=ADVANCED_FACE('',(#9027),#9020,.T.);
#9040=ADVANCED_FACE('',(#9039),#9033,.F.);
#9048=EDGE_CURVE('',#6217,#6229,#2289,.T.);
#9053=ADVANCED_FACE('',(#9052),#9045,.T.);
#9060=EDGE_CURVE('',#6215,#6227,#2293,.T.);
#9066=ADVANCED_FACE('',(#9065),#9058,.F.);
#9073=EDGE_CURVE('',#6214,#6226,#2297,.T.);
#9079=ADVANCED_FACE('',(#9078),#9071,.T.);
#9091=ADVANCED_FACE('',(#9090),#9084,.T.);
#9098=EDGE_CURVE('',#6273,#6248,#2301,.T.);
#9100=EDGE_CURVE('',#6248,#6249,#2306,.T.);
#9102=EDGE_CURVE('',#6249,#6251,#2311,.T.);
#9104=EDGE_CURVE('',#6251,#6272,#2315,.T.);
#9108=ADVANCED_FACE('',(#9107),#9096,.F.);
#9115=EDGE_CURVE('',#6280,#6254,#2319,.T.);
#9117=EDGE_CURVE('',#6254,#6255,#2324,.T.);
#9119=EDGE_CURVE('',#6255,#6257,#2329,.T.);
#9121=EDGE_CURVE('',#6257,#6281,#2333,.T.);
#9125=ADVANCED_FACE('',(#9124),#9113,.F.);
#9132=EDGE_CURVE('',#6277,#6260,#2351,.T.);
#9134=EDGE_CURVE('',#6248,#6260,#2381,.T.);
#9139=ADVANCED_FACE('',(#9138),#9130,.T.);
#9146=EDGE_CURVE('',#6263,#6276,#2337,.T.);
#9148=EDGE_CURVE('',#6261,#6263,#2342,.T.);
#9150=EDGE_CURVE('',#6260,#6261,#2347,.T.);
#9155=ADVANCED_FACE('',(#9154),#9144,.T.);
#9162=EDGE_CURVE('',#6269,#6285,#2355,.T.);
#9164=EDGE_CURVE('',#6267,#6269,#2360,.T.);
#9166=EDGE_CURVE('',#6266,#6267,#2365,.T.);
#9168=EDGE_CURVE('',#6284,#6266,#2369,.T.);
#9172=ADVANCED_FACE('',(#9171),#9160,.T.);
#9180=EDGE_CURVE('',#6251,#6263,#2373,.T.);
#9185=ADVANCED_FACE('',(#9184),#9177,.T.);
#9192=EDGE_CURVE('',#6249,#6261,#2377,.T.);
#9198=ADVANCED_FACE('',(#9197),#9190,.T.);
#9210=ADVANCED_FACE('',(#9209),#9203,.F.);
#9218=EDGE_CURVE('',#6257,#6269,#2385,.T.);
#9223=ADVANCED_FACE('',(#9222),#9215,.T.);
#9230=EDGE_CURVE('',#6255,#6267,#2389,.T.);
#9236=ADVANCED_FACE('',(#9235),#9228,.F.);
#9243=EDGE_CURVE('',#6254,#6266,#2393,.T.);
#9249=ADVANCED_FACE('',(#9248),#9241,.T.);
#9261=ADVANCED_FACE('',(#9260),#9254,.T.);
#9268=EDGE_CURVE('',#6313,#6288,#2397,.T.);
#9270=EDGE_CURVE('',#6288,#6289,#2402,.T.);
#9272=EDGE_CURVE('',#6289,#6291,#2407,.T.);
#9274=EDGE_CURVE('',#6291,#6312,#2411,.T.);
#9278=ADVANCED_FACE('',(#9277),#9266,.F.);
#9285=EDGE_CURVE('',#6320,#6294,#2415,.T.);
#9287=EDGE_CURVE('',#6294,#6295,#2420,.T.);
#9289=EDGE_CURVE('',#6295,#6297,#2425,.T.);
#9291=EDGE_CURVE('',#6297,#6321,#2429,.T.);
#9295=ADVANCED_FACE('',(#9294),#9283,.F.);
#9302=EDGE_CURVE('',#6317,#6300,#2447,.T.);
#9304=EDGE_CURVE('',#6288,#6300,#2477,.T.);
#9309=ADVANCED_FACE('',(#9308),#9300,.T.);
#9316=EDGE_CURVE('',#6303,#6316,#2433,.T.);
#9318=EDGE_CURVE('',#6301,#6303,#2438,.T.);
#9320=EDGE_CURVE('',#6300,#6301,#2443,.T.);
#9325=ADVANCED_FACE('',(#9324),#9314,.T.);
#9332=EDGE_CURVE('',#6309,#6325,#2451,.T.);
#9334=EDGE_CURVE('',#6307,#6309,#2456,.T.);
#9336=EDGE_CURVE('',#6306,#6307,#2461,.T.);
#9338=EDGE_CURVE('',#6324,#6306,#2465,.T.);
#9342=ADVANCED_FACE('',(#9341),#9330,.T.);
#9350=EDGE_CURVE('',#6291,#6303,#2469,.T.);
#9355=ADVANCED_FACE('',(#9354),#9347,.T.);
#9362=EDGE_CURVE('',#6289,#6301,#2473,.T.);
#9368=ADVANCED_FACE('',(#9367),#9360,.T.);
#9380=ADVANCED_FACE('',(#9379),#9373,.F.);
#9388=EDGE_CURVE('',#6297,#6309,#2481,.T.);
#9393=ADVANCED_FACE('',(#9392),#9385,.T.);
#9400=EDGE_CURVE('',#6295,#6307,#2485,.T.);
#9406=ADVANCED_FACE('',(#9405),#9398,.F.);
#9413=EDGE_CURVE('',#6294,#6306,#2489,.T.);
#9419=ADVANCED_FACE('',(#9418),#9411,.T.);
#9431=ADVANCED_FACE('',(#9430),#9424,.T.);
#9438=EDGE_CURVE('',#6353,#6328,#2493,.T.);
#9440=EDGE_CURVE('',#6328,#6329,#2498,.T.);
#9442=EDGE_CURVE('',#6329,#6331,#2503,.T.);
#9444=EDGE_CURVE('',#6331,#6352,#2507,.T.);
#9448=ADVANCED_FACE('',(#9447),#9436,.F.);
#9455=EDGE_CURVE('',#6360,#6334,#2511,.T.);
#9457=EDGE_CURVE('',#6334,#6335,#2516,.T.);
#9459=EDGE_CURVE('',#6335,#6337,#2521,.T.);
#9461=EDGE_CURVE('',#6337,#6361,#2525,.T.);
#9465=ADVANCED_FACE('',(#9464),#9453,.F.);
#9472=EDGE_CURVE('',#6357,#6340,#2543,.T.);
#9474=EDGE_CURVE('',#6328,#6340,#2573,.T.);
#9479=ADVANCED_FACE('',(#9478),#9470,.T.);
#9486=EDGE_CURVE('',#6343,#6356,#2529,.T.);
#9488=EDGE_CURVE('',#6341,#6343,#2534,.T.);
#9490=EDGE_CURVE('',#6340,#6341,#2539,.T.);
#9495=ADVANCED_FACE('',(#9494),#9484,.T.);
#9502=EDGE_CURVE('',#6349,#6365,#2547,.T.);
#9504=EDGE_CURVE('',#6347,#6349,#2552,.T.);
#9506=EDGE_CURVE('',#6346,#6347,#2557,.T.);
#9508=EDGE_CURVE('',#6364,#6346,#2561,.T.);
#9512=ADVANCED_FACE('',(#9511),#9500,.T.);
#9520=EDGE_CURVE('',#6331,#6343,#2565,.T.);
#9525=ADVANCED_FACE('',(#9524),#9517,.T.);
#9532=EDGE_CURVE('',#6329,#6341,#2569,.T.);
#9538=ADVANCED_FACE('',(#9537),#9530,.T.);
#9550=ADVANCED_FACE('',(#9549),#9543,.F.);
#9558=EDGE_CURVE('',#6337,#6349,#2577,.T.);
#9563=ADVANCED_FACE('',(#9562),#9555,.T.);
#9570=EDGE_CURVE('',#6335,#6347,#2581,.T.);
#9576=ADVANCED_FACE('',(#9575),#9568,.F.);
#9583=EDGE_CURVE('',#6334,#6346,#2585,.T.);
#9589=ADVANCED_FACE('',(#9588),#9581,.T.);
#9601=ADVANCED_FACE('',(#9600),#9594,.T.);
#9608=EDGE_CURVE('',#6393,#6368,#2589,.T.);
#9610=EDGE_CURVE('',#6368,#6369,#2594,.T.);
#9612=EDGE_CURVE('',#6369,#6371,#2599,.T.);
#9614=EDGE_CURVE('',#6371,#6392,#2603,.T.);
#9618=ADVANCED_FACE('',(#9617),#9606,.F.);
#9625=EDGE_CURVE('',#6400,#6374,#2607,.T.);
#9627=EDGE_CURVE('',#6374,#6375,#2612,.T.);
#9629=EDGE_CURVE('',#6375,#6377,#2617,.T.);
#9631=EDGE_CURVE('',#6377,#6401,#2621,.T.);
#9635=ADVANCED_FACE('',(#9634),#9623,.F.);
#9642=EDGE_CURVE('',#6397,#6380,#2639,.T.);
#9644=EDGE_CURVE('',#6368,#6380,#2669,.T.);
#9649=ADVANCED_FACE('',(#9648),#9640,.T.);
#9656=EDGE_CURVE('',#6383,#6396,#2625,.T.);
#9658=EDGE_CURVE('',#6381,#6383,#2630,.T.);
#9660=EDGE_CURVE('',#6380,#6381,#2635,.T.);
#9665=ADVANCED_FACE('',(#9664),#9654,.T.);
#9672=EDGE_CURVE('',#6389,#6405,#2643,.T.);
#9674=EDGE_CURVE('',#6387,#6389,#2648,.T.);
#9676=EDGE_CURVE('',#6386,#6387,#2653,.T.);
#9678=EDGE_CURVE('',#6404,#6386,#2657,.T.);
#9682=ADVANCED_FACE('',(#9681),#9670,.T.);
#9690=EDGE_CURVE('',#6371,#6383,#2661,.T.);
#9695=ADVANCED_FACE('',(#9694),#9687,.T.);
#9702=EDGE_CURVE('',#6369,#6381,#2665,.T.);
#9708=ADVANCED_FACE('',(#9707),#9700,.T.);
#9720=ADVANCED_FACE('',(#9719),#9713,.F.);
#9728=EDGE_CURVE('',#6377,#6389,#2673,.T.);
#9733=ADVANCED_FACE('',(#9732),#9725,.T.);
#9740=EDGE_CURVE('',#6375,#6387,#2677,.T.);
#9746=ADVANCED_FACE('',(#9745),#9738,.F.);
#9753=EDGE_CURVE('',#6374,#6386,#2681,.T.);
#9759=ADVANCED_FACE('',(#9758),#9751,.T.);
#9771=ADVANCED_FACE('',(#9770),#9764,.T.);
#9778=EDGE_CURVE('',#6433,#6408,#2685,.T.);
#9780=EDGE_CURVE('',#6408,#6409,#2690,.T.);
#9782=EDGE_CURVE('',#6409,#6411,#2695,.T.);
#9784=EDGE_CURVE('',#6411,#6432,#2699,.T.);
#9788=ADVANCED_FACE('',(#9787),#9776,.F.);
#9795=EDGE_CURVE('',#6440,#6414,#2703,.T.);
#9797=EDGE_CURVE('',#6414,#6415,#2708,.T.);
#9799=EDGE_CURVE('',#6415,#6417,#2713,.T.);
#9801=EDGE_CURVE('',#6417,#6441,#2717,.T.);
#9805=ADVANCED_FACE('',(#9804),#9793,.F.);
#9812=EDGE_CURVE('',#6437,#6420,#2735,.T.);
#9814=EDGE_CURVE('',#6408,#6420,#2765,.T.);
#9819=ADVANCED_FACE('',(#9818),#9810,.T.);
#9826=EDGE_CURVE('',#6423,#6436,#2721,.T.);
#9828=EDGE_CURVE('',#6421,#6423,#2726,.T.);
#9830=EDGE_CURVE('',#6420,#6421,#2731,.T.);
#9835=ADVANCED_FACE('',(#9834),#9824,.T.);
#9842=EDGE_CURVE('',#6429,#6445,#2739,.T.);
#9844=EDGE_CURVE('',#6427,#6429,#2744,.T.);
#9846=EDGE_CURVE('',#6426,#6427,#2749,.T.);
#9848=EDGE_CURVE('',#6444,#6426,#2753,.T.);
#9852=ADVANCED_FACE('',(#9851),#9840,.T.);
#9860=EDGE_CURVE('',#6411,#6423,#2757,.T.);
#9865=ADVANCED_FACE('',(#9864),#9857,.T.);
#9872=EDGE_CURVE('',#6409,#6421,#2761,.T.);
#9878=ADVANCED_FACE('',(#9877),#9870,.T.);
#9890=ADVANCED_FACE('',(#9889),#9883,.F.);
#9898=EDGE_CURVE('',#6417,#6429,#2769,.T.);
#9903=ADVANCED_FACE('',(#9902),#9895,.T.);
#9910=EDGE_CURVE('',#6415,#6427,#2773,.T.);
#9916=ADVANCED_FACE('',(#9915),#9908,.F.);
#9923=EDGE_CURVE('',#6414,#6426,#2777,.T.);
#9929=ADVANCED_FACE('',(#9928),#9921,.T.);
#9941=ADVANCED_FACE('',(#9940),#9934,.T.);
#9948=EDGE_CURVE('',#6473,#6448,#2781,.T.);
#9950=EDGE_CURVE('',#6448,#6449,#2786,.T.);
#9952=EDGE_CURVE('',#6449,#6451,#2791,.T.);
#9954=EDGE_CURVE('',#6451,#6472,#2795,.T.);
#9958=ADVANCED_FACE('',(#9957),#9946,.F.);
#9965=EDGE_CURVE('',#6480,#6454,#2799,.T.);
#9967=EDGE_CURVE('',#6454,#6455,#2804,.T.);
#9969=EDGE_CURVE('',#6455,#6457,#2809,.T.);
#9971=EDGE_CURVE('',#6457,#6481,#2813,.T.);
#9975=ADVANCED_FACE('',(#9974),#9963,.F.);
#9982=EDGE_CURVE('',#6477,#6460,#2831,.T.);
#9984=EDGE_CURVE('',#6448,#6460,#2861,.T.);
#9989=ADVANCED_FACE('',(#9988),#9980,.T.);
#9996=EDGE_CURVE('',#6463,#6476,#2817,.T.);
#9998=EDGE_CURVE('',#6461,#6463,#2822,.T.);
#10000=EDGE_CURVE('',#6460,#6461,#2827,.T.);
#10005=ADVANCED_FACE('',(#10004),#9994,.T.);
#10012=EDGE_CURVE('',#6469,#6485,#2835,.T.);
#10014=EDGE_CURVE('',#6467,#6469,#2840,.T.);
#10016=EDGE_CURVE('',#6466,#6467,#2845,.T.);
#10018=EDGE_CURVE('',#6484,#6466,#2849,.T.);
#10022=ADVANCED_FACE('',(#10021),#10010,.T.);
#10030=EDGE_CURVE('',#6451,#6463,#2853,.T.);
#10035=ADVANCED_FACE('',(#10034),#10027,.T.);
#10042=EDGE_CURVE('',#6449,#6461,#2857,.T.);
#10048=ADVANCED_FACE('',(#10047),#10040,.T.);
#10060=ADVANCED_FACE('',(#10059),#10053,.F.);
#10068=EDGE_CURVE('',#6457,#6469,#2865,.T.);
#10073=ADVANCED_FACE('',(#10072),#10065,.T.);
#10080=EDGE_CURVE('',#6455,#6467,#2869,.T.);
#10086=ADVANCED_FACE('',(#10085),#10078,.F.);
#10093=EDGE_CURVE('',#6454,#6466,#2873,.T.);
#10099=ADVANCED_FACE('',(#10098),#10091,.T.);
#10111=ADVANCED_FACE('',(#10110),#10104,.T.);
#10118=EDGE_CURVE('',#6513,#6488,#2877,.T.);
#10120=EDGE_CURVE('',#6488,#6489,#2882,.T.);
#10122=EDGE_CURVE('',#6489,#6491,#2887,.T.);
#10124=EDGE_CURVE('',#6491,#6512,#2891,.T.);
#10128=ADVANCED_FACE('',(#10127),#10116,.F.);
#10135=EDGE_CURVE('',#6520,#6494,#2895,.T.);
#10137=EDGE_CURVE('',#6494,#6495,#2900,.T.);
#10139=EDGE_CURVE('',#6495,#6497,#2905,.T.);
#10141=EDGE_CURVE('',#6497,#6521,#2909,.T.);
#10145=ADVANCED_FACE('',(#10144),#10133,.F.);
#10152=EDGE_CURVE('',#6517,#6500,#2927,.T.);
#10154=EDGE_CURVE('',#6488,#6500,#2957,.T.);
#10159=ADVANCED_FACE('',(#10158),#10150,.T.);
#10166=EDGE_CURVE('',#6503,#6516,#2913,.T.);
#10168=EDGE_CURVE('',#6501,#6503,#2918,.T.);
#10170=EDGE_CURVE('',#6500,#6501,#2923,.T.);
#10175=ADVANCED_FACE('',(#10174),#10164,.T.);
#10182=EDGE_CURVE('',#6509,#6525,#2931,.T.);
#10184=EDGE_CURVE('',#6507,#6509,#2936,.T.);
#10186=EDGE_CURVE('',#6506,#6507,#2941,.T.);
#10188=EDGE_CURVE('',#6524,#6506,#2945,.T.);
#10192=ADVANCED_FACE('',(#10191),#10180,.T.);
#10200=EDGE_CURVE('',#6491,#6503,#2949,.T.);
#10205=ADVANCED_FACE('',(#10204),#10197,.T.);
#10212=EDGE_CURVE('',#6489,#6501,#2953,.T.);
#10218=ADVANCED_FACE('',(#10217),#10210,.T.);
#10230=ADVANCED_FACE('',(#10229),#10223,.F.);
#10238=EDGE_CURVE('',#6497,#6509,#2961,.T.);
#10243=ADVANCED_FACE('',(#10242),#10235,.T.);
#10250=EDGE_CURVE('',#6495,#6507,#2965,.T.);
#10256=ADVANCED_FACE('',(#10255),#10248,.F.);
#10263=EDGE_CURVE('',#6494,#6506,#2969,.T.);
#10269=ADVANCED_FACE('',(#10268),#10261,.T.);
#10281=ADVANCED_FACE('',(#10280),#10274,.T.);
#10288=EDGE_CURVE('',#6553,#6528,#2973,.T.);
#10290=EDGE_CURVE('',#6528,#6529,#2978,.T.);
#10292=EDGE_CURVE('',#6529,#6531,#2983,.T.);
#10294=EDGE_CURVE('',#6531,#6552,#2987,.T.);
#10298=ADVANCED_FACE('',(#10297),#10286,.F.);
#10305=EDGE_CURVE('',#6560,#6534,#2991,.T.);
#10307=EDGE_CURVE('',#6534,#6535,#2996,.T.);
#10309=EDGE_CURVE('',#6535,#6537,#3001,.T.);
#10311=EDGE_CURVE('',#6537,#6561,#3005,.T.);
#10315=ADVANCED_FACE('',(#10314),#10303,.F.);
#10322=EDGE_CURVE('',#6557,#6540,#3023,.T.);
#10324=EDGE_CURVE('',#6528,#6540,#3053,.T.);
#10329=ADVANCED_FACE('',(#10328),#10320,.T.);
#10336=EDGE_CURVE('',#6543,#6556,#3009,.T.);
#10338=EDGE_CURVE('',#6541,#6543,#3014,.T.);
#10340=EDGE_CURVE('',#6540,#6541,#3019,.T.);
#10345=ADVANCED_FACE('',(#10344),#10334,.T.);
#10352=EDGE_CURVE('',#6549,#6565,#3027,.T.);
#10354=EDGE_CURVE('',#6547,#6549,#3032,.T.);
#10356=EDGE_CURVE('',#6546,#6547,#3037,.T.);
#10358=EDGE_CURVE('',#6564,#6546,#3041,.T.);
#10362=ADVANCED_FACE('',(#10361),#10350,.T.);
#10370=EDGE_CURVE('',#6531,#6543,#3045,.T.);
#10375=ADVANCED_FACE('',(#10374),#10367,.T.);
#10382=EDGE_CURVE('',#6529,#6541,#3049,.T.);
#10388=ADVANCED_FACE('',(#10387),#10380,.T.);
#10400=ADVANCED_FACE('',(#10399),#10393,.F.);
#10408=EDGE_CURVE('',#6537,#6549,#3057,.T.);
#10413=ADVANCED_FACE('',(#10412),#10405,.T.);
#10420=EDGE_CURVE('',#6535,#6547,#3061,.T.);
#10426=ADVANCED_FACE('',(#10425),#10418,.F.);
#10433=EDGE_CURVE('',#6534,#6546,#3065,.T.);
#10439=ADVANCED_FACE('',(#10438),#10431,.T.);
#10451=ADVANCED_FACE('',(#10450),#10444,.T.);
#10461=EDGE_CURVE('',#5858,#5894,#3083,.T.);
#10465=ADVANCED_FACE('',(#10464),#10456,.F.);
#10477=EDGE_CURVE('',#6071,#6077,#3099,.T.);
#10479=EDGE_CURVE('',#6077,#6085,#3103,.T.);
#10481=EDGE_CURVE('',#6079,#6085,#3107,.T.);
#10483=EDGE_CURVE('',#6071,#6079,#3155,.T.);
#10487=EDGE_CURVE('',#6083,#5997,#3087,.T.);
#10489=EDGE_CURVE('',#6075,#6083,#3450,.T.);
#10491=EDGE_CURVE('',#6075,#5996,#3091,.T.);
#10493=EDGE_CURVE('',#5996,#5997,#3095,.T.);
#10497=EDGE_CURVE('',#5992,#6073,#3123,.T.);
#10499=EDGE_CURVE('',#6073,#6081,#3127,.T.);
#10501=EDGE_CURVE('',#5993,#6081,#3131,.T.);
#10503=EDGE_CURVE('',#5992,#5993,#3135,.T.);
#10507=ADVANCED_FACE('',(#10476,#10486,#10496,#10506),#10470,.F.);
#10513=EDGE_CURVE('',#6079,#6057,#3139,.T.);
#10516=EDGE_CURVE('',#6085,#6068,#3143,.T.);
#10518=EDGE_CURVE('',#6057,#6068,#3164,.T.);
#10522=ADVANCED_FACE('',(#10521),#10512,.T.);
#10528=EDGE_CURVE('',#6081,#6060,#3147,.T.);
#10530=EDGE_CURVE('',#6001,#6060,#3183,.T.);
#10532=EDGE_CURVE('',#5993,#6001,#3229,.T.);
#10537=ADVANCED_FACE('',(#10536),#10527,.T.);
#10543=EDGE_CURVE('',#6083,#6065,#3151,.T.);
#10546=EDGE_CURVE('',#5997,#6005,#3395,.T.);
#10548=EDGE_CURVE('',#6065,#6005,#3192,.T.);
#10552=ADVANCED_FACE('',(#10551),#10542,.T.);
#10558=EDGE_CURVE('',#6056,#6057,#3160,.T.);
#10560=EDGE_CURVE('',#6056,#6071,#3201,.T.);
#10566=ADVANCED_FACE('',(#10565),#10557,.F.);
#10574=EDGE_CURVE('',#6068,#6069,#3169,.T.);
#10576=EDGE_CURVE('',#6056,#6069,#3205,.T.);
#10580=ADVANCED_FACE('',(#10579),#10571,.T.);
#10586=EDGE_CURVE('',#6060,#6061,#3174,.T.);
#10588=EDGE_CURVE('',#5999,#6061,#3217,.T.);
#10590=EDGE_CURVE('',#5999,#6001,#3179,.T.);
#10595=ADVANCED_FACE('',(#10594),#10585,.T.);
#10601=EDGE_CURVE('',#6064,#6065,#3188,.T.);
#10604=EDGE_CURVE('',#6005,#6003,#3197,.T.);
#10606=EDGE_CURVE('',#6064,#6003,#3225,.T.);
#10610=ADVANCED_FACE('',(#10609),#10600,.T.);
#10619=EDGE_CURVE('',#6069,#6077,#3209,.T.);
#10623=ADVANCED_FACE('',(#10622),#10615,.F.);
#10635=ADVANCED_FACE('',(#10634),#10628,.T.);
#10641=EDGE_CURVE('',#6061,#6073,#3213,.T.);
#10644=EDGE_CURVE('',#5999,#5992,#3233,.T.);
#10649=ADVANCED_FACE('',(#10648),#10640,.T.);
#10655=EDGE_CURVE('',#6064,#6075,#3221,.T.);
#10658=EDGE_CURVE('',#6003,#5996,#3391,.T.);
#10663=ADVANCED_FACE('',(#10662),#10654,.T.);
#10675=ADVANCED_FACE('',(#10674),#10668,.F.);
#10687=ADVANCED_FACE('',(#10686),#10680,.F.);
#10693=EDGE_CURVE('',#6008,#6009,#3293,.T.);
#10695=EDGE_CURVE('',#6008,#6017,#3237,.T.);
#10697=EDGE_CURVE('',#6015,#6017,#3323,.T.);
#10699=EDGE_CURVE('',#6015,#6009,#3241,.T.);
#10703=ADVANCED_FACE('',(#10702),#10692,.F.);
#10711=EDGE_CURVE('',#5882,#5873,#3277,.T.);
#10713=EDGE_CURVE('',#5873,#5897,#3281,.T.);
#10717=EDGE_CURVE('',#6038,#6039,#3261,.T.);
#10719=EDGE_CURVE('',#6045,#6039,#3387,.T.);
#10721=EDGE_CURVE('',#6044,#6045,#3265,.T.);
#10723=EDGE_CURVE('',#6044,#6038,#3269,.T.);
#10727=EDGE_CURVE('',#6053,#6012,#3245,.T.);
#10729=EDGE_CURVE('',#6053,#6051,#3249,.T.);
#10731=EDGE_CURVE('',#6051,#6013,#3253,.T.);
#10733=EDGE_CURVE('',#6012,#6013,#3257,.T.);
#10737=EDGE_CURVE('',#6009,#6035,#3285,.T.);
#10739=EDGE_CURVE('',#6041,#6035,#3355,.T.);
#10741=EDGE_CURVE('',#6008,#6041,#3289,.T.);
#10746=ADVANCED_FACE('',(#10716,#10726,#10736,#10745),#10708,.F.);
#10752=EDGE_CURVE('',#6017,#6023,#3313,.T.);
#10756=EDGE_CURVE('',#6041,#6023,#3297,.T.);
#10760=ADVANCED_FACE('',(#10759),#10751,.T.);
#10766=EDGE_CURVE('',#6026,#6027,#3327,.T.);
#10768=EDGE_CURVE('',#6044,#6026,#3301,.T.);
#10771=EDGE_CURVE('',#6045,#6027,#3305,.T.);
#10775=ADVANCED_FACE('',(#10774),#10765,.T.);
#10781=EDGE_CURVE('',#6053,#6049,#3309,.T.);
#10784=EDGE_CURVE('',#6012,#6021,#3403,.T.);
#10786=EDGE_CURVE('',#6049,#6021,#3346,.T.);
#10790=ADVANCED_FACE('',(#10789),#10780,.T.);
#10797=EDGE_CURVE('',#6023,#6029,#3318,.T.);
#10799=EDGE_CURVE('',#6015,#6029,#3359,.T.);
#10804=ADVANCED_FACE('',(#10803),#10795,.T.);
#10811=EDGE_CURVE('',#6027,#6033,#3332,.T.);
#10813=EDGE_CURVE('',#6032,#6033,#3367,.T.);
#10815=EDGE_CURVE('',#6032,#6026,#3337,.T.);
#10819=ADVANCED_FACE('',(#10818),#10809,.T.);
#10825=EDGE_CURVE('',#6048,#6049,#3342,.T.);
#10828=EDGE_CURVE('',#6021,#6019,#3351,.T.);
#10830=EDGE_CURVE('',#6048,#6019,#3383,.T.);
#10834=ADVANCED_FACE('',(#10833),#10824,.T.);
#10843=EDGE_CURVE('',#6029,#6035,#3363,.T.);
#10847=ADVANCED_FACE('',(#10846),#10839,.F.);
#10859=ADVANCED_FACE('',(#10858),#10852,.T.);
#10866=EDGE_CURVE('',#6033,#6039,#3371,.T.);
#10869=EDGE_CURVE('',#6032,#6038,#3375,.T.);
#10873=ADVANCED_FACE('',(#10872),#10864,.T.);
#10879=EDGE_CURVE('',#6048,#6051,#3379,.T.);
#10882=EDGE_CURVE('',#6019,#6013,#3399,.T.);
#10887=ADVANCED_FACE('',(#10886),#10878,.T.);
#10899=ADVANCED_FACE('',(#10898),#10892,.F.);
#10911=ADVANCED_FACE('',(#10910),#10904,.F.);
#10923=ADVANCED_FACE('',(#10922),#10916,.F.);
#10935=ADVANCED_FACE('',(#10934),#10928,.T.);
#10947=ADVANCED_FACE('',(#10946),#10940,.T.);
#10954=EDGE_CURVE('',#5877,#5873,#3411,.T.);
#10957=EDGE_CURVE('',#5880,#5882,#3407,.T.);
#10961=ADVANCED_FACE('',(#10960),#10952,.T.);
#10967=EDGE_CURVE('',#5873,#5874,#3432,.T.);
#10971=EDGE_CURVE('',#5874,#5878,#3418,.T.);
#10975=ADVANCED_FACE('',(#10974),#10966,.F.);
#10988=ADVANCED_FACE('',(#10987),#10980,.F.);
#11000=ADVANCED_FACE('',(#10999),#10993,.T.);
#11009=EDGE_CURVE('',#5870,#5868,#3446,.T.);
#11013=ADVANCED_FACE('',(#11012),#11005,.F.);
#11025=ADVANCED_FACE('',(#11024),#11018,.T.);
#11037=ADVANCED_FACE('',(#11036),#11030,.F.);
#11043=EDGE_CURVE('',#5835,#5828,#3454,.T.);
#11050=ADVANCED_FACE('',(#11049),#11042,.T.);
#11062=ADVANCED_FACE('',(#11061),#11055,.T.);
#11074=ADVANCED_FACE('',(#11073),#11067,.T.);
#11082=EDGE_CURVE('',#5159,#5160,#3485,.T.);
#11087=ADVANCED_FACE('',(#11086),#11079,.F.);
#11099=ADVANCED_FACE('',(#11098),#11092,.T.);
#11111=ADVANCED_FACE('',(#11110),#11104,.F.);
#11123=ADVANCED_FACE('',(#11122),#11116,.F.);
#11135=ADVANCED_FACE('',(#11134),#11128,.F.);
#11144=EDGE_CURVE('',#5194,#5187,#3518,.T.);
#11149=ADVANCED_FACE('',(#11148),#11140,.T.);
#11161=ADVANCED_FACE('',(#11160),#11154,.T.);
#11173=ADVANCED_FACE('',(#11172),#11166,.T.);
#11179=EDGE_CURVE('',#5251,#5252,#3546,.T.);
#11181=EDGE_CURVE('',#5252,#5244,#3566,.T.);
#11183=EDGE_CURVE('',#5235,#5244,#4676,.T.);
#11188=ADVANCED_FACE('',(#11187),#11178,.T.);
#11194=EDGE_CURVE('',#5255,#5256,#3550,.T.);
#11197=EDGE_CURVE('',#5232,#5242,#3554,.T.);
#11199=EDGE_CURVE('',#5242,#5256,#3582,.T.);
#11203=ADVANCED_FACE('',(#11202),#11193,.T.);
#11209=EDGE_CURVE('',#5252,#5272,#3570,.T.);
#11213=EDGE_CURVE('',#5272,#5247,#3606,.T.);
#11217=ADVANCED_FACE('',(#11216),#11208,.F.);
#11223=EDGE_CURVE('',#5271,#5272,#3558,.T.);
#11225=EDGE_CURVE('',#5244,#5271,#3562,.T.);
#11231=ADVANCED_FACE('',(#11230),#11222,.T.);
#11237=EDGE_CURVE('',#5275,#5276,#3574,.T.);
#11239=EDGE_CURVE('',#5256,#5276,#3578,.T.);
#11242=EDGE_CURVE('',#5275,#5242,#3586,.T.);
#11246=ADVANCED_FACE('',(#11245),#11236,.T.);
#11252=EDGE_CURVE('',#5784,#5782,#3590,.T.);
#11254=EDGE_CURVE('',#5786,#5782,#3594,.T.);
#11256=EDGE_CURVE('',#5788,#5786,#3598,.T.);
#11258=EDGE_CURVE('',#5788,#5259,#3602,.T.);
#11260=EDGE_CURVE('',#5271,#5259,#4672,.T.);
#11265=EDGE_CURVE('',#5276,#5248,#4680,.T.);
#11268=EDGE_CURVE('',#5275,#5268,#3610,.T.);
#11270=EDGE_CURVE('',#5268,#5279,#3614,.T.);
#11272=EDGE_CURVE('',#5279,#5280,#3618,.T.);
#11274=EDGE_CURVE('',#5284,#5280,#3622,.T.);
#11276=EDGE_CURVE('',#5283,#5284,#3626,.T.);
#11278=EDGE_CURVE('',#5283,#5344,#3630,.T.);
#11280=EDGE_CURVE('',#5344,#5342,#3634,.T.);
#11282=EDGE_CURVE('',#5346,#5342,#3638,.T.);
#11284=EDGE_CURVE('',#5348,#5346,#3642,.T.);
#11286=EDGE_CURVE('',#5348,#5388,#3646,.T.);
#11288=EDGE_CURVE('',#5388,#5386,#3650,.T.);
#11290=EDGE_CURVE('',#5390,#5386,#3654,.T.);
#11292=EDGE_CURVE('',#5392,#5390,#3658,.T.);
#11294=EDGE_CURVE('',#5392,#5432,#3662,.T.);
#11296=EDGE_CURVE('',#5432,#5430,#3666,.T.);
#11298=EDGE_CURVE('',#5434,#5430,#3670,.T.);
#11300=EDGE_CURVE('',#5436,#5434,#3674,.T.);
#11302=EDGE_CURVE('',#5436,#5476,#3678,.T.);
#11304=EDGE_CURVE('',#5476,#5474,#3682,.T.);
#11306=EDGE_CURVE('',#5478,#5474,#3686,.T.);
#11308=EDGE_CURVE('',#5480,#5478,#3690,.T.);
#11310=EDGE_CURVE('',#5480,#5520,#3694,.T.);
#11312=EDGE_CURVE('',#5520,#5518,#3698,.T.);
#11314=EDGE_CURVE('',#5522,#5518,#3702,.T.);
#11316=EDGE_CURVE('',#5524,#5522,#3706,.T.);
#11318=EDGE_CURVE('',#5524,#5564,#3710,.T.);
#11320=EDGE_CURVE('',#5564,#5562,#3714,.T.);
#11322=EDGE_CURVE('',#5566,#5562,#3718,.T.);
#11324=EDGE_CURVE('',#5568,#5566,#3722,.T.);
#11326=EDGE_CURVE('',#5568,#5608,#3726,.T.);
#11328=EDGE_CURVE('',#5608,#5606,#3730,.T.);
#11330=EDGE_CURVE('',#5610,#5606,#3734,.T.);
#11332=EDGE_CURVE('',#5612,#5610,#3738,.T.);
#11334=EDGE_CURVE('',#5612,#5652,#3742,.T.);
#11336=EDGE_CURVE('',#5652,#5650,#3746,.T.);
#11338=EDGE_CURVE('',#5654,#5650,#3750,.T.);
#11340=EDGE_CURVE('',#5656,#5654,#3754,.T.);
#11342=EDGE_CURVE('',#5656,#5696,#3758,.T.);
#11344=EDGE_CURVE('',#5696,#5694,#3762,.T.);
#11346=EDGE_CURVE('',#5698,#5694,#3766,.T.);
#11348=EDGE_CURVE('',#5700,#5698,#3770,.T.);
#11350=EDGE_CURVE('',#5700,#5740,#3774,.T.);
#11352=EDGE_CURVE('',#5740,#5738,#3778,.T.);
#11354=EDGE_CURVE('',#5742,#5738,#3782,.T.);
#11356=EDGE_CURVE('',#5744,#5742,#3786,.T.);
#11358=EDGE_CURVE('',#5744,#5784,#3790,.T.);
#11362=ADVANCED_FACE('',(#11361),#11251,.F.);
#11368=EDGE_CURVE('',#5782,#5763,#3794,.T.);
#11371=EDGE_CURVE('',#5770,#5784,#3798,.T.);
#11373=EDGE_CURVE('',#5768,#5770,#3802,.T.);
#11375=EDGE_CURVE('',#5766,#5768,#3806,.T.);
#11377=EDGE_CURVE('',#5764,#5766,#3810,.T.);
#11379=EDGE_CURVE('',#5763,#5764,#3815,.T.);
#11383=ADVANCED_FACE('',(#11382),#11367,.T.);
#11390=EDGE_CURVE('',#5763,#5773,#3819,.T.);
#11392=EDGE_CURVE('',#5786,#5773,#3905,.T.);
#11397=ADVANCED_FACE('',(#11396),#11388,.T.);
#11404=EDGE_CURVE('',#5764,#5774,#3823,.T.);
#11406=EDGE_CURVE('',#5773,#5774,#3910,.T.);
#11411=ADVANCED_FACE('',(#11410),#11402,.T.);
#11418=EDGE_CURVE('',#5766,#5776,#3827,.T.);
#11420=EDGE_CURVE('',#5774,#5776,#3914,.T.);
#11425=ADVANCED_FACE('',(#11424),#11416,.T.);
#11432=EDGE_CURVE('',#5768,#5778,#3831,.T.);
#11434=EDGE_CURVE('',#5776,#5778,#3918,.T.);
#11439=ADVANCED_FACE('',(#11438),#11430,.T.);
#11446=EDGE_CURVE('',#5770,#5780,#3835,.T.);
#11448=EDGE_CURVE('',#5778,#5780,#3922,.T.);
#11453=ADVANCED_FACE('',(#11452),#11444,.T.);
#11460=EDGE_CURVE('',#5780,#5788,#3926,.T.);
#11465=EDGE_CURVE('',#5736,#5744,#3951,.T.);
#11467=EDGE_CURVE('',#5726,#5736,#3839,.T.);
#11469=EDGE_CURVE('',#5726,#5740,#3959,.T.);
#11472=EDGE_CURVE('',#5692,#5700,#4017,.T.);
#11474=EDGE_CURVE('',#5682,#5692,#3843,.T.);
#11476=EDGE_CURVE('',#5682,#5696,#4025,.T.);
#11479=EDGE_CURVE('',#5648,#5656,#4083,.T.);
#11481=EDGE_CURVE('',#5638,#5648,#3847,.T.);
#11483=EDGE_CURVE('',#5638,#5652,#4091,.T.);
#11486=EDGE_CURVE('',#5604,#5612,#4149,.T.);
#11488=EDGE_CURVE('',#5594,#5604,#3851,.T.);
#11490=EDGE_CURVE('',#5594,#5608,#4157,.T.);
#11493=EDGE_CURVE('',#5560,#5568,#4215,.T.);
#11495=EDGE_CURVE('',#5550,#5560,#3855,.T.);
#11497=EDGE_CURVE('',#5550,#5564,#4223,.T.);
#11500=EDGE_CURVE('',#5516,#5524,#4281,.T.);
#11502=EDGE_CURVE('',#5506,#5516,#3859,.T.);
#11504=EDGE_CURVE('',#5506,#5520,#4289,.T.);
#11507=EDGE_CURVE('',#5472,#5480,#4347,.T.);
#11509=EDGE_CURVE('',#5462,#5472,#3863,.T.);
#11511=EDGE_CURVE('',#5462,#5476,#4355,.T.);
#11514=EDGE_CURVE('',#5428,#5436,#4413,.T.);
#11516=EDGE_CURVE('',#5418,#5428,#3867,.T.);
#11518=EDGE_CURVE('',#5418,#5432,#4421,.T.);
#11521=EDGE_CURVE('',#5384,#5392,#4479,.T.);
#11523=EDGE_CURVE('',#5374,#5384,#3871,.T.);
#11525=EDGE_CURVE('',#5374,#5388,#4487,.T.);
#11528=EDGE_CURVE('',#5340,#5348,#4545,.T.);
#11530=EDGE_CURVE('',#5330,#5340,#3875,.T.);
#11532=EDGE_CURVE('',#5330,#5344,#4553,.T.);
#11535=EDGE_CURVE('',#5304,#5283,#4611,.T.);
#11537=EDGE_CURVE('',#5294,#5304,#3879,.T.);
#11539=EDGE_CURVE('',#5294,#5279,#4615,.T.);
#11542=EDGE_CURVE('',#5266,#5268,#3883,.T.);
#11544=EDGE_CURVE('',#5264,#5266,#3888,.T.);
#11546=EDGE_CURVE('',#5262,#5264,#3892,.T.);
#11548=EDGE_CURVE('',#5260,#5262,#3897,.T.);
#11550=EDGE_CURVE('',#5259,#5260,#3901,.T.);
#11554=ADVANCED_FACE('',(#11553),#11458,.T.);
#11569=ADVANCED_FACE('',(#11568),#11559,.F.);
#11575=EDGE_CURVE('',#5742,#5729,#3930,.T.);
#11577=EDGE_CURVE('',#5729,#5730,#3935,.T.);
#11579=EDGE_CURVE('',#5730,#5732,#3939,.T.);
#11581=EDGE_CURVE('',#5732,#5734,#3943,.T.);
#11583=EDGE_CURVE('',#5734,#5736,#3947,.T.);
#11589=ADVANCED_FACE('',(#11588),#11574,.F.);
#11595=EDGE_CURVE('',#5738,#5719,#3955,.T.);
#11597=EDGE_CURVE('',#5719,#5729,#3992,.T.);
#11603=ADVANCED_FACE('',(#11602),#11594,.T.);
#11612=EDGE_CURVE('',#5724,#5726,#3963,.T.);
#11614=EDGE_CURVE('',#5722,#5724,#3967,.T.);
#11616=EDGE_CURVE('',#5720,#5722,#3971,.T.);
#11618=EDGE_CURVE('',#5719,#5720,#3976,.T.);
#11622=ADVANCED_FACE('',(#11621),#11608,.T.);
#11631=EDGE_CURVE('',#5724,#5734,#3980,.T.);
#11635=ADVANCED_FACE('',(#11634),#11627,.T.);
#11644=EDGE_CURVE('',#5722,#5732,#3984,.T.);
#11648=ADVANCED_FACE('',(#11647),#11640,.T.);
#11657=EDGE_CURVE('',#5720,#5730,#3988,.T.);
#11661=ADVANCED_FACE('',(#11660),#11653,.T.);
#11673=ADVANCED_FACE('',(#11672),#11666,.T.);
#11679=EDGE_CURVE('',#5698,#5685,#3996,.T.);
#11681=EDGE_CURVE('',#5685,#5686,#4001,.T.);
#11683=EDGE_CURVE('',#5686,#5688,#4005,.T.);
#11685=EDGE_CURVE('',#5688,#5690,#4009,.T.);
#11687=EDGE_CURVE('',#5690,#5692,#4013,.T.);
#11693=ADVANCED_FACE('',(#11692),#11678,.F.);
#11699=EDGE_CURVE('',#5694,#5675,#4021,.T.);
#11701=EDGE_CURVE('',#5675,#5685,#4058,.T.);
#11707=ADVANCED_FACE('',(#11706),#11698,.T.);
#11716=EDGE_CURVE('',#5680,#5682,#4029,.T.);
#11718=EDGE_CURVE('',#5678,#5680,#4033,.T.);
#11720=EDGE_CURVE('',#5676,#5678,#4037,.T.);
#11722=EDGE_CURVE('',#5675,#5676,#4042,.T.);
#11726=ADVANCED_FACE('',(#11725),#11712,.T.);
#11735=EDGE_CURVE('',#5680,#5690,#4046,.T.);
#11739=ADVANCED_FACE('',(#11738),#11731,.T.);
#11748=EDGE_CURVE('',#5678,#5688,#4050,.T.);
#11752=ADVANCED_FACE('',(#11751),#11744,.T.);
#11761=EDGE_CURVE('',#5676,#5686,#4054,.T.);
#11765=ADVANCED_FACE('',(#11764),#11757,.T.);
#11777=ADVANCED_FACE('',(#11776),#11770,.T.);
#11783=EDGE_CURVE('',#5654,#5641,#4062,.T.);
#11785=EDGE_CURVE('',#5641,#5642,#4067,.T.);
#11787=EDGE_CURVE('',#5642,#5644,#4071,.T.);
#11789=EDGE_CURVE('',#5644,#5646,#4075,.T.);
#11791=EDGE_CURVE('',#5646,#5648,#4079,.T.);
#11797=ADVANCED_FACE('',(#11796),#11782,.F.);
#11803=EDGE_CURVE('',#5650,#5631,#4087,.T.);
#11805=EDGE_CURVE('',#5631,#5641,#4124,.T.);
#11811=ADVANCED_FACE('',(#11810),#11802,.T.);
#11820=EDGE_CURVE('',#5636,#5638,#4095,.T.);
#11822=EDGE_CURVE('',#5634,#5636,#4099,.T.);
#11824=EDGE_CURVE('',#5632,#5634,#4103,.T.);
#11826=EDGE_CURVE('',#5631,#5632,#4108,.T.);
#11830=ADVANCED_FACE('',(#11829),#11816,.T.);
#11839=EDGE_CURVE('',#5636,#5646,#4112,.T.);
#11843=ADVANCED_FACE('',(#11842),#11835,.T.);
#11852=EDGE_CURVE('',#5634,#5644,#4116,.T.);
#11856=ADVANCED_FACE('',(#11855),#11848,.T.);
#11865=EDGE_CURVE('',#5632,#5642,#4120,.T.);
#11869=ADVANCED_FACE('',(#11868),#11861,.T.);
#11881=ADVANCED_FACE('',(#11880),#11874,.T.);
#11887=EDGE_CURVE('',#5610,#5597,#4128,.T.);
#11889=EDGE_CURVE('',#5597,#5598,#4133,.T.);
#11891=EDGE_CURVE('',#5598,#5600,#4137,.T.);
#11893=EDGE_CURVE('',#5600,#5602,#4141,.T.);
#11895=EDGE_CURVE('',#5602,#5604,#4145,.T.);
#11901=ADVANCED_FACE('',(#11900),#11886,.F.);
#11907=EDGE_CURVE('',#5606,#5587,#4153,.T.);
#11909=EDGE_CURVE('',#5587,#5597,#4190,.T.);
#11915=ADVANCED_FACE('',(#11914),#11906,.T.);
#11924=EDGE_CURVE('',#5592,#5594,#4161,.T.);
#11926=EDGE_CURVE('',#5590,#5592,#4165,.T.);
#11928=EDGE_CURVE('',#5588,#5590,#4169,.T.);
#11930=EDGE_CURVE('',#5587,#5588,#4174,.T.);
#11934=ADVANCED_FACE('',(#11933),#11920,.T.);
#11943=EDGE_CURVE('',#5592,#5602,#4178,.T.);
#11947=ADVANCED_FACE('',(#11946),#11939,.T.);
#11956=EDGE_CURVE('',#5590,#5600,#4182,.T.);
#11960=ADVANCED_FACE('',(#11959),#11952,.T.);
#11969=EDGE_CURVE('',#5588,#5598,#4186,.T.);
#11973=ADVANCED_FACE('',(#11972),#11965,.T.);
#11985=ADVANCED_FACE('',(#11984),#11978,.T.);
#11991=EDGE_CURVE('',#5566,#5553,#4194,.T.);
#11993=EDGE_CURVE('',#5553,#5554,#4199,.T.);
#11995=EDGE_CURVE('',#5554,#5556,#4203,.T.);
#11997=EDGE_CURVE('',#5556,#5558,#4207,.T.);
#11999=EDGE_CURVE('',#5558,#5560,#4211,.T.);
#12005=ADVANCED_FACE('',(#12004),#11990,.F.);
#12011=EDGE_CURVE('',#5562,#5543,#4219,.T.);
#12013=EDGE_CURVE('',#5543,#5553,#4256,.T.);
#12019=ADVANCED_FACE('',(#12018),#12010,.T.);
#12028=EDGE_CURVE('',#5548,#5550,#4227,.T.);
#12030=EDGE_CURVE('',#5546,#5548,#4231,.T.);
#12032=EDGE_CURVE('',#5544,#5546,#4235,.T.);
#12034=EDGE_CURVE('',#5543,#5544,#4240,.T.);
#12038=ADVANCED_FACE('',(#12037),#12024,.T.);
#12047=EDGE_CURVE('',#5548,#5558,#4244,.T.);
#12051=ADVANCED_FACE('',(#12050),#12043,.T.);
#12060=EDGE_CURVE('',#5546,#5556,#4248,.T.);
#12064=ADVANCED_FACE('',(#12063),#12056,.T.);
#12073=EDGE_CURVE('',#5544,#5554,#4252,.T.);
#12077=ADVANCED_FACE('',(#12076),#12069,.T.);
#12089=ADVANCED_FACE('',(#12088),#12082,.T.);
#12095=EDGE_CURVE('',#5522,#5509,#4260,.T.);
#12097=EDGE_CURVE('',#5509,#5510,#4265,.T.);
#12099=EDGE_CURVE('',#5510,#5512,#4269,.T.);
#12101=EDGE_CURVE('',#5512,#5514,#4273,.T.);
#12103=EDGE_CURVE('',#5514,#5516,#4277,.T.);
#12109=ADVANCED_FACE('',(#12108),#12094,.F.);
#12115=EDGE_CURVE('',#5518,#5499,#4285,.T.);
#12117=EDGE_CURVE('',#5499,#5509,#4322,.T.);
#12123=ADVANCED_FACE('',(#12122),#12114,.T.);
#12132=EDGE_CURVE('',#5504,#5506,#4293,.T.);
#12134=EDGE_CURVE('',#5502,#5504,#4297,.T.);
#12136=EDGE_CURVE('',#5500,#5502,#4301,.T.);
#12138=EDGE_CURVE('',#5499,#5500,#4306,.T.);
#12142=ADVANCED_FACE('',(#12141),#12128,.T.);
#12151=EDGE_CURVE('',#5504,#5514,#4310,.T.);
#12155=ADVANCED_FACE('',(#12154),#12147,.T.);
#12164=EDGE_CURVE('',#5502,#5512,#4314,.T.);
#12168=ADVANCED_FACE('',(#12167),#12160,.T.);
#12177=EDGE_CURVE('',#5500,#5510,#4318,.T.);
#12181=ADVANCED_FACE('',(#12180),#12173,.T.);
#12193=ADVANCED_FACE('',(#12192),#12186,.T.);
#12199=EDGE_CURVE('',#5478,#5465,#4326,.T.);
#12201=EDGE_CURVE('',#5465,#5466,#4331,.T.);
#12203=EDGE_CURVE('',#5466,#5468,#4335,.T.);
#12205=EDGE_CURVE('',#5468,#5470,#4339,.T.);
#12207=EDGE_CURVE('',#5470,#5472,#4343,.T.);
#12213=ADVANCED_FACE('',(#12212),#12198,.F.);
#12219=EDGE_CURVE('',#5474,#5455,#4351,.T.);
#12221=EDGE_CURVE('',#5455,#5465,#4388,.T.);
#12227=ADVANCED_FACE('',(#12226),#12218,.T.);
#12236=EDGE_CURVE('',#5460,#5462,#4359,.T.);
#12238=EDGE_CURVE('',#5458,#5460,#4363,.T.);
#12240=EDGE_CURVE('',#5456,#5458,#4367,.T.);
#12242=EDGE_CURVE('',#5455,#5456,#4372,.T.);
#12246=ADVANCED_FACE('',(#12245),#12232,.T.);
#12255=EDGE_CURVE('',#5460,#5470,#4376,.T.);
#12259=ADVANCED_FACE('',(#12258),#12251,.T.);
#12268=EDGE_CURVE('',#5458,#5468,#4380,.T.);
#12272=ADVANCED_FACE('',(#12271),#12264,.T.);
#12281=EDGE_CURVE('',#5456,#5466,#4384,.T.);
#12285=ADVANCED_FACE('',(#12284),#12277,.T.);
#12297=ADVANCED_FACE('',(#12296),#12290,.T.);
#12303=EDGE_CURVE('',#5434,#5421,#4392,.T.);
#12305=EDGE_CURVE('',#5421,#5422,#4397,.T.);
#12307=EDGE_CURVE('',#5422,#5424,#4401,.T.);
#12309=EDGE_CURVE('',#5424,#5426,#4405,.T.);
#12311=EDGE_CURVE('',#5426,#5428,#4409,.T.);
#12317=ADVANCED_FACE('',(#12316),#12302,.F.);
#12323=EDGE_CURVE('',#5430,#5411,#4417,.T.);
#12325=EDGE_CURVE('',#5411,#5421,#4454,.T.);
#12331=ADVANCED_FACE('',(#12330),#12322,.T.);
#12340=EDGE_CURVE('',#5416,#5418,#4425,.T.);
#12342=EDGE_CURVE('',#5414,#5416,#4429,.T.);
#12344=EDGE_CURVE('',#5412,#5414,#4433,.T.);
#12346=EDGE_CURVE('',#5411,#5412,#4438,.T.);
#12350=ADVANCED_FACE('',(#12349),#12336,.T.);
#12359=EDGE_CURVE('',#5416,#5426,#4442,.T.);
#12363=ADVANCED_FACE('',(#12362),#12355,.T.);
#12372=EDGE_CURVE('',#5414,#5424,#4446,.T.);
#12376=ADVANCED_FACE('',(#12375),#12368,.T.);
#12385=EDGE_CURVE('',#5412,#5422,#4450,.T.);
#12389=ADVANCED_FACE('',(#12388),#12381,.T.);
#12401=ADVANCED_FACE('',(#12400),#12394,.T.);
#12407=EDGE_CURVE('',#5390,#5377,#4458,.T.);
#12409=EDGE_CURVE('',#5377,#5378,#4463,.T.);
#12411=EDGE_CURVE('',#5378,#5380,#4467,.T.);
#12413=EDGE_CURVE('',#5380,#5382,#4471,.T.);
#12415=EDGE_CURVE('',#5382,#5384,#4475,.T.);
#12421=ADVANCED_FACE('',(#12420),#12406,.F.);
#12427=EDGE_CURVE('',#5386,#5367,#4483,.T.);
#12429=EDGE_CURVE('',#5367,#5377,#4520,.T.);
#12435=ADVANCED_FACE('',(#12434),#12426,.T.);
#12444=EDGE_CURVE('',#5372,#5374,#4491,.T.);
#12446=EDGE_CURVE('',#5370,#5372,#4495,.T.);
#12448=EDGE_CURVE('',#5368,#5370,#4499,.T.);
#12450=EDGE_CURVE('',#5367,#5368,#4504,.T.);
#12454=ADVANCED_FACE('',(#12453),#12440,.T.);
#12463=EDGE_CURVE('',#5372,#5382,#4508,.T.);
#12467=ADVANCED_FACE('',(#12466),#12459,.T.);
#12476=EDGE_CURVE('',#5370,#5380,#4512,.T.);
#12480=ADVANCED_FACE('',(#12479),#12472,.T.);
#12489=EDGE_CURVE('',#5368,#5378,#4516,.T.);
#12493=ADVANCED_FACE('',(#12492),#12485,.T.);
#12505=ADVANCED_FACE('',(#12504),#12498,.T.);
#12511=EDGE_CURVE('',#5346,#5333,#4524,.T.);
#12513=EDGE_CURVE('',#5333,#5334,#4529,.T.);
#12515=EDGE_CURVE('',#5334,#5336,#4533,.T.);
#12517=EDGE_CURVE('',#5336,#5338,#4537,.T.);
#12519=EDGE_CURVE('',#5338,#5340,#4541,.T.);
#12525=ADVANCED_FACE('',(#12524),#12510,.F.);
#12531=EDGE_CURVE('',#5342,#5323,#4549,.T.);
#12533=EDGE_CURVE('',#5323,#5333,#4586,.T.);
#12539=ADVANCED_FACE('',(#12538),#12530,.T.);
#12548=EDGE_CURVE('',#5328,#5330,#4557,.T.);
#12550=EDGE_CURVE('',#5326,#5328,#4561,.T.);
#12552=EDGE_CURVE('',#5324,#5326,#4565,.T.);
#12554=EDGE_CURVE('',#5323,#5324,#4570,.T.);
#12558=ADVANCED_FACE('',(#12557),#12544,.T.);
#12567=EDGE_CURVE('',#5328,#5338,#4574,.T.);
#12571=ADVANCED_FACE('',(#12570),#12563,.T.);
#12580=EDGE_CURVE('',#5326,#5336,#4578,.T.);
#12584=ADVANCED_FACE('',(#12583),#12576,.T.);
#12593=EDGE_CURVE('',#5324,#5334,#4582,.T.);
#12597=ADVANCED_FACE('',(#12596),#12589,.T.);
#12609=ADVANCED_FACE('',(#12608),#12602,.T.);
#12616=EDGE_CURVE('',#5284,#5297,#4590,.T.);
#12618=EDGE_CURVE('',#5297,#5298,#4595,.T.);
#12620=EDGE_CURVE('',#5298,#5300,#4599,.T.);
#12622=EDGE_CURVE('',#5300,#5302,#4603,.T.);
#12624=EDGE_CURVE('',#5302,#5304,#4607,.T.);
#12629=ADVANCED_FACE('',(#12628),#12614,.F.);
#12636=EDGE_CURVE('',#5280,#5287,#4636,.T.);
#12638=EDGE_CURVE('',#5287,#5297,#4652,.T.);
#12643=ADVANCED_FACE('',(#12642),#12634,.T.);
#12651=EDGE_CURVE('',#5292,#5294,#4619,.T.);
#12653=EDGE_CURVE('',#5290,#5292,#4623,.T.);
#12655=EDGE_CURVE('',#5288,#5290,#4627,.T.);
#12657=EDGE_CURVE('',#5287,#5288,#4632,.T.);
#12662=ADVANCED_FACE('',(#12661),#12648,.T.);
#12671=EDGE_CURVE('',#5292,#5302,#4640,.T.);
#12675=ADVANCED_FACE('',(#12674),#12667,.T.);
#12684=EDGE_CURVE('',#5290,#5300,#4644,.T.);
#12688=ADVANCED_FACE('',(#12687),#12680,.T.);
#12697=EDGE_CURVE('',#5288,#5298,#4648,.T.);
#12701=ADVANCED_FACE('',(#12700),#12693,.T.);
#12713=ADVANCED_FACE('',(#12712),#12706,.T.);
#12719=EDGE_CURVE('',#5231,#5266,#4656,.T.);
#12728=ADVANCED_FACE('',(#12727),#12718,.T.);
#12734=EDGE_CURVE('',#5240,#5264,#4660,.T.);
#12741=ADVANCED_FACE('',(#12740),#12733,.T.);
#12747=EDGE_CURVE('',#5238,#5262,#4664,.T.);
#12754=ADVANCED_FACE('',(#12753),#12746,.T.);
#12760=EDGE_CURVE('',#5236,#5260,#4668,.T.);
#12767=ADVANCED_FACE('',(#12766),#12759,.T.);
#12781=ADVANCED_FACE('',(#12780),#12772,.T.);
#12793=ADVANCED_FACE('',(#12792),#12786,.F.);
#12800=EDGE_CURVE('',#5315,#5307,#4684,.T.);
#12802=EDGE_CURVE('',#5307,#5308,#4700,.T.);
#12804=EDGE_CURVE('',#5316,#5308,#4696,.T.);
#12808=ADVANCED_FACE('',(#12807),#12798,.T.);
#12815=EDGE_CURVE('',#5320,#5312,#4688,.T.);
#12817=EDGE_CURVE('',#5312,#5307,#4704,.T.);
#12822=ADVANCED_FACE('',(#12821),#12813,.T.);
#12829=EDGE_CURVE('',#5318,#5310,#4692,.T.);
#12831=EDGE_CURVE('',#5310,#5312,#4708,.T.);
#12836=ADVANCED_FACE('',(#12835),#12827,.T.);
#12844=EDGE_CURVE('',#5308,#5310,#4712,.T.);
#12849=ADVANCED_FACE('',(#12848),#12841,.T.);
#12861=ADVANCED_FACE('',(#12860),#12854,.T.);
#12867=EDGE_CURVE('',#5358,#5351,#4716,.T.);
#12869=EDGE_CURVE('',#5351,#5352,#4732,.T.);
#12871=EDGE_CURVE('',#5360,#5352,#4728,.T.);
#12876=ADVANCED_FACE('',(#12875),#12866,.T.);
#12884=EDGE_CURVE('',#5364,#5356,#4720,.T.);
#12886=EDGE_CURVE('',#5356,#5351,#4736,.T.);
#12890=ADVANCED_FACE('',(#12889),#12881,.T.);
#12896=EDGE_CURVE('',#5362,#5354,#4724,.T.);
#12898=EDGE_CURVE('',#5354,#5356,#4740,.T.);
#12904=ADVANCED_FACE('',(#12903),#12895,.T.);
#12911=EDGE_CURVE('',#5352,#5354,#4744,.T.);
#12917=ADVANCED_FACE('',(#12916),#12909,.T.);
#12929=ADVANCED_FACE('',(#12928),#12922,.T.);
#12935=EDGE_CURVE('',#5402,#5395,#4748,.T.);
#12937=EDGE_CURVE('',#5395,#5396,#4764,.T.);
#12939=EDGE_CURVE('',#5404,#5396,#4760,.T.);
#12944=ADVANCED_FACE('',(#12943),#12934,.T.);
#12952=EDGE_CURVE('',#5408,#5400,#4752,.T.);
#12954=EDGE_CURVE('',#5400,#5395,#4768,.T.);
#12958=ADVANCED_FACE('',(#12957),#12949,.T.);
#12964=EDGE_CURVE('',#5406,#5398,#4756,.T.);
#12966=EDGE_CURVE('',#5398,#5400,#4772,.T.);
#12972=ADVANCED_FACE('',(#12971),#12963,.T.);
#12979=EDGE_CURVE('',#5396,#5398,#4776,.T.);
#12985=ADVANCED_FACE('',(#12984),#12977,.T.);
#12997=ADVANCED_FACE('',(#12996),#12990,.T.);
#13003=EDGE_CURVE('',#5446,#5439,#4780,.T.);
#13005=EDGE_CURVE('',#5439,#5440,#4796,.T.);
#13007=EDGE_CURVE('',#5448,#5440,#4792,.T.);
#13012=ADVANCED_FACE('',(#13011),#13002,.T.);
#13020=EDGE_CURVE('',#5452,#5444,#4784,.T.);
#13022=EDGE_CURVE('',#5444,#5439,#4800,.T.);
#13026=ADVANCED_FACE('',(#13025),#13017,.T.);
#13032=EDGE_CURVE('',#5450,#5442,#4788,.T.);
#13034=EDGE_CURVE('',#5442,#5444,#4804,.T.);
#13040=ADVANCED_FACE('',(#13039),#13031,.T.);
#13047=EDGE_CURVE('',#5440,#5442,#4808,.T.);
#13053=ADVANCED_FACE('',(#13052),#13045,.T.);
#13065=ADVANCED_FACE('',(#13064),#13058,.T.);
#13071=EDGE_CURVE('',#5490,#5483,#4812,.T.);
#13073=EDGE_CURVE('',#5483,#5484,#4828,.T.);
#13075=EDGE_CURVE('',#5492,#5484,#4824,.T.);
#13080=ADVANCED_FACE('',(#13079),#13070,.T.);
#13088=EDGE_CURVE('',#5496,#5488,#4816,.T.);
#13090=EDGE_CURVE('',#5488,#5483,#4832,.T.);
#13094=ADVANCED_FACE('',(#13093),#13085,.T.);
#13100=EDGE_CURVE('',#5494,#5486,#4820,.T.);
#13102=EDGE_CURVE('',#5486,#5488,#4836,.T.);
#13108=ADVANCED_FACE('',(#13107),#13099,.T.);
#13115=EDGE_CURVE('',#5484,#5486,#4840,.T.);
#13121=ADVANCED_FACE('',(#13120),#13113,.T.);
#13133=ADVANCED_FACE('',(#13132),#13126,.T.);
#13139=EDGE_CURVE('',#5534,#5527,#4844,.T.);
#13141=EDGE_CURVE('',#5527,#5528,#4860,.T.);
#13143=EDGE_CURVE('',#5536,#5528,#4856,.T.);
#13148=ADVANCED_FACE('',(#13147),#13138,.T.);
#13156=EDGE_CURVE('',#5540,#5532,#4848,.T.);
#13158=EDGE_CURVE('',#5532,#5527,#4864,.T.);
#13162=ADVANCED_FACE('',(#13161),#13153,.T.);
#13168=EDGE_CURVE('',#5538,#5530,#4852,.T.);
#13170=EDGE_CURVE('',#5530,#5532,#4868,.T.);
#13176=ADVANCED_FACE('',(#13175),#13167,.T.);
#13183=EDGE_CURVE('',#5528,#5530,#4872,.T.);
#13189=ADVANCED_FACE('',(#13188),#13181,.T.);
#13201=ADVANCED_FACE('',(#13200),#13194,.T.);
#13207=EDGE_CURVE('',#5578,#5571,#4876,.T.);
#13209=EDGE_CURVE('',#5571,#5572,#4892,.T.);
#13211=EDGE_CURVE('',#5580,#5572,#4888,.T.);
#13216=ADVANCED_FACE('',(#13215),#13206,.T.);
#13224=EDGE_CURVE('',#5584,#5576,#4880,.T.);
#13226=EDGE_CURVE('',#5576,#5571,#4896,.T.);
#13230=ADVANCED_FACE('',(#13229),#13221,.T.);
#13236=EDGE_CURVE('',#5582,#5574,#4884,.T.);
#13238=EDGE_CURVE('',#5574,#5576,#4900,.T.);
#13244=ADVANCED_FACE('',(#13243),#13235,.T.);
#13251=EDGE_CURVE('',#5572,#5574,#4904,.T.);
#13257=ADVANCED_FACE('',(#13256),#13249,.T.);
#13269=ADVANCED_FACE('',(#13268),#13262,.T.);
#13275=EDGE_CURVE('',#5622,#5615,#4908,.T.);
#13277=EDGE_CURVE('',#5615,#5616,#4924,.T.);
#13279=EDGE_CURVE('',#5624,#5616,#4920,.T.);
#13284=ADVANCED_FACE('',(#13283),#13274,.T.);
#13292=EDGE_CURVE('',#5628,#5620,#4912,.T.);
#13294=EDGE_CURVE('',#5620,#5615,#4928,.T.);
#13298=ADVANCED_FACE('',(#13297),#13289,.T.);
#13304=EDGE_CURVE('',#5626,#5618,#4916,.T.);
#13306=EDGE_CURVE('',#5618,#5620,#4932,.T.);
#13312=ADVANCED_FACE('',(#13311),#13303,.T.);
#13319=EDGE_CURVE('',#5616,#5618,#4936,.T.);
#13325=ADVANCED_FACE('',(#13324),#13317,.T.);
#13337=ADVANCED_FACE('',(#13336),#13330,.T.);
#13343=EDGE_CURVE('',#5666,#5659,#4940,.T.);
#13345=EDGE_CURVE('',#5659,#5660,#4956,.T.);
#13347=EDGE_CURVE('',#5668,#5660,#4952,.T.);
#13352=ADVANCED_FACE('',(#13351),#13342,.T.);
#13360=EDGE_CURVE('',#5672,#5664,#4944,.T.);
#13362=EDGE_CURVE('',#5664,#5659,#4960,.T.);
#13366=ADVANCED_FACE('',(#13365),#13357,.T.);
#13372=EDGE_CURVE('',#5670,#5662,#4948,.T.);
#13374=EDGE_CURVE('',#5662,#5664,#4964,.T.);
#13380=ADVANCED_FACE('',(#13379),#13371,.T.);
#13387=EDGE_CURVE('',#5660,#5662,#4968,.T.);
#13393=ADVANCED_FACE('',(#13392),#13385,.T.);
#13405=ADVANCED_FACE('',(#13404),#13398,.T.);
#13411=EDGE_CURVE('',#5710,#5703,#4972,.T.);
#13413=EDGE_CURVE('',#5703,#5704,#4988,.T.);
#13415=EDGE_CURVE('',#5712,#5704,#4984,.T.);
#13420=ADVANCED_FACE('',(#13419),#13410,.T.);
#13428=EDGE_CURVE('',#5716,#5708,#4976,.T.);
#13430=EDGE_CURVE('',#5708,#5703,#4992,.T.);
#13434=ADVANCED_FACE('',(#13433),#13425,.T.);
#13440=EDGE_CURVE('',#5714,#5706,#4980,.T.);
#13442=EDGE_CURVE('',#5706,#5708,#4996,.T.);
#13448=ADVANCED_FACE('',(#13447),#13439,.T.);
#13455=EDGE_CURVE('',#5704,#5706,#5000,.T.);
#13461=ADVANCED_FACE('',(#13460),#13453,.T.);
#13473=ADVANCED_FACE('',(#13472),#13466,.T.);
#13479=EDGE_CURVE('',#5754,#5747,#5004,.T.);
#13481=EDGE_CURVE('',#5747,#5748,#5020,.T.);
#13483=EDGE_CURVE('',#5756,#5748,#5016,.T.);
#13488=ADVANCED_FACE('',(#13487),#13478,.T.);
#13496=EDGE_CURVE('',#5760,#5752,#5008,.T.);
#13498=EDGE_CURVE('',#5752,#5747,#5024,.T.);
#13502=ADVANCED_FACE('',(#13501),#13493,.T.);
#13508=EDGE_CURVE('',#5758,#5750,#5012,.T.);
#13510=EDGE_CURVE('',#5750,#5752,#5028,.T.);
#13516=ADVANCED_FACE('',(#13515),#13507,.T.);
#13523=EDGE_CURVE('',#5748,#5750,#5032,.T.);
#13529=ADVANCED_FACE('',(#13528),#13521,.T.);
#13541=ADVANCED_FACE('',(#13540),#13534,.T.);
#13547=EDGE_CURVE('',#5798,#5791,#5036,.T.);
#13549=EDGE_CURVE('',#5791,#5792,#5052,.T.);
#13551=EDGE_CURVE('',#5800,#5792,#5048,.T.);
#13556=ADVANCED_FACE('',(#13555),#13546,.T.);
#13564=EDGE_CURVE('',#5804,#5796,#5040,.T.);
#13566=EDGE_CURVE('',#5796,#5791,#5056,.T.);
#13570=ADVANCED_FACE('',(#13569),#13561,.T.);
#13576=EDGE_CURVE('',#5802,#5794,#5044,.T.);
#13578=EDGE_CURVE('',#5794,#5796,#5060,.T.);
#13584=ADVANCED_FACE('',(#13583),#13575,.T.);
#13591=EDGE_CURVE('',#5792,#5794,#5064,.T.);
#13597=ADVANCED_FACE('',(#13596),#13589,.T.);
#13609=ADVANCED_FACE('',(#13608),#13602,.T.);
#13610=CLOSED_SHELL('',(#6739,#6754,#6776,#6791,#6808,#6829,#6853,#6868,#6905,
#6919,#6933,#6948,#6965,#6980,#6994,#7023,#7038,#7055,#7069,#7081,#7095,#7109,
#7122,#7146,#7159,#7176,#7190,#7211,#7224,#7243,#7263,#7277,#7305,#7318,#7331,
#7350,#7362,#7374,#7386,#7403,#7420,#7439,#7456,#7472,#7488,#7507,#7542,#7573,
#7608,#7622,#7635,#7647,#7662,#7676,#7690,#7707,#7738,#7763,#7789,#7817,#7831,
#7845,#7859,#7873,#7887,#7901,#7919,#7944,#7956,#7980,#7993,#8006,#8019,#8032,
#8045,#8058,#8070,#8203,#8219,#8235,#8250,#8264,#8279,#8411,#8428,#8445,#8459,
#8475,#8492,#8505,#8518,#8530,#8543,#8556,#8569,#8581,#8598,#8615,#8629,#8645,
#8662,#8675,#8688,#8700,#8713,#8726,#8739,#8751,#8768,#8785,#8799,#8815,#8832,
#8845,#8858,#8870,#8883,#8896,#8909,#8921,#8938,#8955,#8969,#8985,#9002,#9015,
#9028,#9040,#9053,#9066,#9079,#9091,#9108,#9125,#9139,#9155,#9172,#9185,#9198,
#9210,#9223,#9236,#9249,#9261,#9278,#9295,#9309,#9325,#9342,#9355,#9368,#9380,
#9393,#9406,#9419,#9431,#9448,#9465,#9479,#9495,#9512,#9525,#9538,#9550,#9563,
#9576,#9589,#9601,#9618,#9635,#9649,#9665,#9682,#9695,#9708,#9720,#9733,#9746,
#9759,#9771,#9788,#9805,#9819,#9835,#9852,#9865,#9878,#9890,#9903,#9916,#9929,
#9941,#9958,#9975,#9989,#10005,#10022,#10035,#10048,#10060,#10073,#10086,#10099,
#10111,#10128,#10145,#10159,#10175,#10192,#10205,#10218,#10230,#10243,#10256,
#10269,#10281,#10298,#10315,#10329,#10345,#10362,#10375,#10388,#10400,#10413,
#10426,#10439,#10451,#10465,#10507,#10522,#10537,#10552,#10566,#10580,#10595,
#10610,#10623,#10635,#10649,#10663,#10675,#10687,#10703,#10746,#10760,#10775,
#10790,#10804,#10819,#10834,#10847,#10859,#10873,#10887,#10899,#10911,#10923,
#10935,#10947,#10961,#10975,#10988,#11000,#11013,#11025,#11037,#11050,#11062,
#11074,#11087,#11099,#11111,#11123,#11135,#11149,#11161,#11173,#11188,#11203,
#11217,#11231,#11246,#11362,#11383,#11397,#11411,#11425,#11439,#11453,#11554,
#11569,#11589,#11603,#11622,#11635,#11648,#11661,#11673,#11693,#11707,#11726,
#11739,#11752,#11765,#11777,#11797,#11811,#11830,#11843,#11856,#11869,#11881,
#11901,#11915,#11934,#11947,#11960,#11973,#11985,#12005,#12019,#12038,#12051,
#12064,#12077,#12089,#12109,#12123,#12142,#12155,#12168,#12181,#12193,#12213,
#12227,#12246,#12259,#12272,#12285,#12297,#12317,#12331,#12350,#12363,#12376,
#12389,#12401,#12421,#12435,#12454,#12467,#12480,#12493,#12505,#12525,#12539,
#12558,#12571,#12584,#12597,#12609,#12629,#12643,#12662,#12675,#12688,#12701,
#12713,#12728,#12741,#12754,#12767,#12781,#12793,#12808,#12822,#12836,#12849,
#12861,#12876,#12890,#12904,#12917,#12929,#12944,#12958,#12972,#12985,#12997,
#13012,#13026,#13040,#13053,#13065,#13080,#13094,#13108,#13121,#13133,#13148,
#13162,#13176,#13189,#13201,#13216,#13230,#13244,#13257,#13269,#13284,#13298,
#13312,#13325,#13337,#13352,#13366,#13380,#13393,#13405,#13420,#13434,#13448,
#13461,#13473,#13488,#13502,#13516,#13529,#13541,#13556,#13570,#13584,#13597,
#13609));
#13611=MANIFOLD_SOLID_BREP('',#13610);
#13612=(LENGTH_UNIT()NAMED_UNIT(*)SI_UNIT(.MILLI.,.METRE.));
#13613=(NAMED_UNIT(*)PLANE_ANGLE_UNIT()SI_UNIT($,.RADIAN.));
#13616=(NAMED_UNIT(*)SI_UNIT($,.STERADIAN.)SOLID_ANGLE_UNIT());
#13618=(GEOMETRIC_REPRESENTATION_CONTEXT(3)GLOBAL_UNCERTAINTY_ASSIGNED_CONTEXT((
#13617))GLOBAL_UNIT_ASSIGNED_CONTEXT((#13612,#13615,#13616))REPRESENTATION_CONTEXT('ID1','3'));
#13619=ADVANCED_BREP_SHAPE_REPRESENTATION('',(#13611),#13618);
#13626=PRODUCT_DEFINITION('part definition','',#13625,#13622);
#13627=PRODUCT_DEFINITION_SHAPE('','SHAPE FOR C-2495698-1.',#13626);
#13628=SHAPE_ASPECT('','solid data associated with C-2495698-1',#13627,.F.);
#13629=PROPERTY_DEFINITION('',
'shape for solid data with which properties are associated',#13628);
#13630=SHAPE_REPRESENTATION('',(#13611),#13618);
#13631=SHAPE_DEFINITION_REPRESENTATION(#13629,#13630);
#13632=(LENGTH_UNIT()NAMED_UNIT(*)SI_UNIT(.MILLI.,.METRE.));
#13636=PROPERTY_DEFINITION('geometric validation property',
'area of C-2495698-1',#13628);
#13637=REPRESENTATION('surface area',(#13635),#13618);
#13638=PROPERTY_DEFINITION_REPRESENTATION(#13636,#13637);
#13639=(LENGTH_UNIT()NAMED_UNIT(*)SI_UNIT(.MILLI.,.METRE.));
#13643=PROPERTY_DEFINITION('geometric validation property',
'volume of C-2495698-1',#13628);
#13644=REPRESENTATION('volume',(#13642),#13618);
#13645=PROPERTY_DEFINITION_REPRESENTATION(#13643,#13644);
#13647=PROPERTY_DEFINITION('geometric validation property',
'centroid of C-2495698-1',#13628);
#13648=REPRESENTATION('centroid',(#13646),#13618);
#13649=PROPERTY_DEFINITION_REPRESENTATION(#13647,#13648);
#13650=(LENGTH_UNIT()NAMED_UNIT(*)SI_UNIT(.MILLI.,.METRE.));
#13654=PROPERTY_DEFINITION('geometric validation property',
'area of C-2495698-1',#13627);
#13655=REPRESENTATION('surface area',(#13653),#13618);
#13656=PROPERTY_DEFINITION_REPRESENTATION(#13654,#13655);
#13657=(LENGTH_UNIT()NAMED_UNIT(*)SI_UNIT(.MILLI.,.METRE.));
#13661=PROPERTY_DEFINITION('geometric validation property',
'volume of C-2495698-1',#13627);
#13662=REPRESENTATION('volume',(#13660),#13618);
#13663=PROPERTY_DEFINITION_REPRESENTATION(#13661,#13662);
#13665=PROPERTY_DEFINITION('geometric validation property',
'centroid of C-2495698-1',#13627);
#13666=REPRESENTATION('centroid',(#13664),#13618);
#13667=PROPERTY_DEFINITION_REPRESENTATION(#13665,#13666);
#13668=SHAPE_DEFINITION_REPRESENTATION(#13627,#13619);
ENDSEC;
END-ISO-10303-21;
